state,destination,latitude,longitude,interest,region,type,activities,budget_category,best_season,rating,popularity_score,description
delhi,India Gate,28.612912,77.2295097,cultural & heritage sites,North,heritage,"culture,forts,shopping,history",low,winter,4.6,53,"India Gate is a heritage destination in delhi known for culture,forts,shopping,history. It is ideal for history and culture lovers"
delhi,Humayun's Tomb,28.5932848,77.2507492,cultural & heritage sites,North,heritage,"culture,forts,shopping,history",low,winter,4.5,80,"Humayun's Tomb is a heritage destination in delhi known for culture,forts,shopping,history. It is ideal for history and culture lovers"
delhi,Akshardham Temple,28.6126735,77.2772619,religious & spiritual pilgrimages,North,religious,"temple,spiritual,peace",medium,all,4.6,84,"Akshardham Temple is a religious destination in delhi known for temple,spiritual,peace. It is ideal for spiritual seekers"
delhi,Waste to Wonder Park,28.5926939,77.2569715,adventure & outdoor activities,North,adventure,"trekking,rafting,paragliding",medium,summer,4.1,71,"Waste to Wonder Park is a adventure destination in delhi known for trekking,rafting,paragliding. It is ideal for adventure lover"
delhi,Jantar Mantar,28.6270547,77.2166267,"arts, science & literature attractions",North,city,"exploration,local experience",low,All,4.2,83,"Jantar Mantar is a city destination in delhi known for exploration,local experience. It is ideal for explorers and tourists"
delhi,Chandni Chowk,28.6505331,77.230337,shopping & markets,North,city,"exploration,local experience",low,All,4.2,87,"Chandni Chowk is a city destination in delhi known for exploration,local experience. It is ideal for explorers and tourists"
delhi,Lotus Temple,28.553492,77.2588264,religious & spiritual pilgrimages,North,religious,"temple,spiritual,peace",low,all,4.5,92,"Lotus Temple is a religious destination in delhi known for temple,spiritual,peace. It is ideal for spiritual seekers"
delhi,Red Fort,28.6561592,77.2410203,cultural & heritage sites,North,heritage,"culture,forts,shopping,history",low,winter,4.5,73,"Red Fort is a heritage destination in delhi known for culture,forts,shopping,history. It is ideal for history and culture lovers"
delhi,Agrasen ki Baoli,28.626062,77.2250369,cultural & heritage sites,North,heritage,"culture,forts,shopping,history",low,winter,4.2,98,"Agrasen ki Baoli is a heritage destination in delhi known for culture,forts,shopping,history. It is ideal for history and culture lovers"
delhi,Sunder Nursery,28.5956467,77.2451691,natural landscapes & wildlife,North,wildlife,"safari,photography,nature",low,winter,4.6,55,"Sunder Nursery is a wildlife destination in delhi known for safari,photography,nature. It is ideal for history and cultural lover"
delhi,Garden of Five Senses,28.513403,77.1975227,natural landscapes & wildlife,North,wildlife,"safari,photography,nature",low,winter,4.1,64,"Garden of Five Senses is a wildlife destination in delhi known for safari,photography,nature. It is ideal for history and cultural lover"
delhi,Lodhi Garden,28.5936814,77.2218338,natural landscapes & wildlife,North,wildlife,"safari,photography,nature",low,winter,4.5,55,"Lodhi Garden is a wildlife destination in delhi known for safari,photography,nature. It is ideal for history and cultural lover"
delhi,National Gallery of Modern Art,28.6101926,77.2344179,"arts, science & literature attractions",North,city,"exploration,local experience",low,All,4.5,80,"National Gallery of Modern Art is a city destination in delhi known for exploration,local experience. It is ideal for explorers and tourists"
delhi,National Zoological Park ,38.9296156,77.0497844,natural landscapes & wildlife,North,wildlife,"safari,photography,nature",medium,winter,4.1,54,"National Zoological Park  is a wildlife destination in delhi known for safari,photography,nature. It is ideal for history and cultural lover"
delhi,Qutub Minar,28.5244946,77.1855177,cultural & heritage sites,North,heritage,"culture,forts,shopping,history",low,winter,4.5,94,"Qutub Minar is a heritage destination in delhi known for culture,forts,shopping,history. It is ideal for history and culture lovers"
delhi,Shopping at Sarojini Nagar,28.5740324,77.1990669,shopping & markets,North,city,"exploration,local experience",low,All,4.2,51,"Shopping at Sarojini Nagar is a city destination in delhi known for exploration,local experience. It is ideal for explorers and tourists"
delhi,National Science Centre,28.6127836,77.2455584,"arts, science & literature attractions",North,city,"exploration,local experience",medium,All,4.4,85,"National Science Centre is a city destination in delhi known for exploration,local experience. It is ideal for explorers and tourists"
maharashtra,Marine Drive,18.9432111,72.8229983,sightseeing & exploration,West,city,"exploration,local experience",low,All,4.5,54,"Marine Drive is a city destination in maharashtra known for exploration,local experience. It is ideal for explorers and tourists"
maharashtra,Gateway of India,18.9219841,72.8346543,cultural & heritage sites,West,heritage,"culture,forts,shopping,history",low,winter,4.6,82,"Gateway of India is a heritage destination in maharashtra known for culture,forts,shopping,history. It is ideal for history and culture lovers"
maharashtra,Chhatrapati Shivaji Maharaj Vastu Sangrahalaya,18.9269015,72.8326916,cultural & heritage sites,West,heritage,"culture,forts,shopping,history",luxury,winter,4.6,65,"Chhatrapati Shivaji Maharaj Vastu Sangrahalaya is a heritage destination in maharashtra known for culture,forts,shopping,history. It is ideal for history and culture lovers"
maharashtra,NCPA Tiger safari at Borivali,19.2307329,72.856673,adventure & outdoor activities,West,adventure,"trekking,rafting,paragliding",medium,summer,4.3,54,"NCPA Tiger safari at Borivali is a adventure destination in maharashtra known for trekking,rafting,paragliding. It is ideal for adventure lover"
maharashtra,Shopping at Colaba Causeway,18.9246447,72.8321315,shopping & markets,West,city,"exploration,local experience",low,All,4.2,71,"Shopping at Colaba Causeway is a city destination in maharashtra known for exploration,local experience. It is ideal for explorers and tourists"
maharashtra,"Shopping at Linking road, Bandra",19.0642357,72.8349124,shopping & markets,West,city,"exploration,local experience",low,All,4.2,54,"Shopping at Linking road, Bandra is a city destination in maharashtra known for exploration,local experience. It is ideal for explorers and tourists"
maharashtra,"Phoenix marketcity Mall, Kurla",19.0863795,72.8889774,shopping & markets,West,city,"exploration,local experience",low,All,4.5,91,"Phoenix marketcity Mall, Kurla is a city destination in maharashtra known for exploration,local experience. It is ideal for explorers and tourists"
maharashtra,"Jio world drive mall, BKC",19.0543152,72.8515712,"arts, science & literature attractions",West,city,"exploration,local experience",low,All,4.6,69,"Jio world drive mall, BKC is a city destination in maharashtra known for exploration,local experience. It is ideal for explorers and tourists"
maharashtra,"Five gardens, Matunga",19.019747,72.854312,sightseeing & exploration,West,city,"exploration,local experience",low,All,4.1,95,"Five gardens, Matunga is a city destination in maharashtra known for exploration,local experience. It is ideal for explorers and tourists"
maharashtra,Worli seaface,19.0091432,72.8157283,religious & spiritual pilgrimages,West,religious,"temple,spiritual,peace",low,all,4.5,62,"Worli seaface is a religious destination in maharashtra known for temple,spiritual,peace. It is ideal for spiritual seekers"
maharashtra,Siddhivinayak Temple,19.01699,72.8303997,religious & spiritual pilgrimages,West,religious,"temple,spiritual,peace",low,all,4.8,55,"Siddhivinayak Temple is a religious destination in maharashtra known for temple,spiritual,peace. It is ideal for spiritual seekers"
maharashtra,Mahalaxmi Temple,18.9773,72.8066,religious & spiritual pilgrimages,West,religious,"temple,spiritual,peace",low,all,4.7,89,"Mahalaxmi Temple is a religious destination in maharashtra known for temple,spiritual,peace. It is ideal for spiritual seekers"
maharashtra,Haji Ali Dargah,18.9828273,72.8088966,religious & spiritual pilgrimages,West,religious,"temple,spiritual,peace",low,all,4.4,98,"Haji Ali Dargah is a religious destination in maharashtra known for temple,spiritual,peace. It is ideal for spiritual seekers"
maharashtra,Chowpatty Beach,18.9518622,72.8165592,natural landscapes & wildlife,West,wildlife,"safari,photography,nature",low,winter,4.3,89,"Chowpatty Beach is a wildlife destination in maharashtra known for safari,photography,nature. It is ideal for history and cultural lover"
maharashtra,Essel World,19.230098,72.8013252,adventure & outdoor activities,West,adventure,"trekking,rafting,paragliding",luxury,summer,4.3,73,"Essel World is a adventure destination in maharashtra known for trekking,rafting,paragliding. It is ideal for adventure lover"
maharashtra,Elephanta Caves,18.9633474,72.9314864,cultural & heritage sites,West,heritage,"culture,forts,shopping,history",luxury,winter,4.3,52,"Elephanta Caves is a heritage destination in maharashtra known for culture,forts,shopping,history. It is ideal for history and culture lovers"
maharashtra,Tigers Leap cliff top,18.6961,73.3852,sightseeing & exploration,West,city,"exploration,local experience",low,All,4.4,91,"Tigers Leap cliff top is a city destination in maharashtra known for exploration,local experience. It is ideal for explorers and tourists"
maharashtra,Duke's nose trail,18.7323921,73.3678196,adventure & outdoor activities,West,adventure,"trekking,rafting,paragliding",low,summer,4.3,70,"Duke's nose trail is a adventure destination in maharashtra known for trekking,rafting,paragliding. It is ideal for adventure lover"
maharashtra,Adlabs Imagica,18.7679396,73.2823206,adventure & outdoor activities,West,adventure,"trekking,rafting,paragliding",luxury,summer,4.0,67,"Adlabs Imagica is a adventure destination in maharashtra known for trekking,rafting,paragliding. It is ideal for adventure lover"
maharashtra,Bhushi dam,18.7224264,73.3962885,natural landscapes & wildlife,West,wildlife,"safari,photography,nature",low,winter,4.0,94,"Bhushi dam is a wildlife destination in maharashtra known for safari,photography,nature. It is ideal for history and cultural lover"
maharashtra,Sunset at Lion's point,18.608297,73.3864648,sightseeing & exploration,West,city,"exploration,local experience",low,All,4.0,91,"Sunset at Lion's point is a city destination in maharashtra known for exploration,local experience. It is ideal for explorers and tourists"
karnataka,Bangalore Palace,18.699917,73.3859496,cultural & heritage sites,South,heritage,"culture,forts,shopping,history",luxury,winter,4.2,66,"Bangalore Palace is a heritage destination in karnataka known for culture,forts,shopping,history. It is ideal for history and culture lovers"
karnataka,Lalbagh Botanical Garden,13.0035068,77.5890953,natural landscapes & wildlife,South,wildlife,"safari,photography,nature",low,winter,4.4,53,"Lalbagh Botanical Garden is a wildlife destination in karnataka known for safari,photography,nature. It is ideal for history and cultural lover"
karnataka,Cubbon Park,12.9494158,77.5846805,natural landscapes & wildlife,South,wildlife,"safari,photography,nature",low,winter,4.4,66,"Cubbon Park is a wildlife destination in karnataka known for safari,photography,nature. It is ideal for history and cultural lover"
karnataka,Nehru Planetarium,12.9779291,77.5951549,"arts, science & literature attractions",South,city,"exploration,local experience",low,All,4.0,98,"Nehru Planetarium is a city destination in karnataka known for exploration,local experience. It is ideal for explorers and tourists"
karnataka,National Gallery of Modern Art,12.5923,77.3517,cultural & heritage sites,South,heritage,"culture,forts,shopping,history",low,winter,4.3,98,"National Gallery of Modern Art is a heritage destination in karnataka known for culture,forts,shopping,history. It is ideal for history and culture lovers"
karnataka,Church street,28.6101926,77.2344179,sightseeing & exploration,South,city,"exploration,local experience",low,All,4.1,96,"Church street is a city destination in karnataka known for exploration,local experience. It is ideal for explorers and tourists"
karnataka,MG Road,12.582568,77.364279,sightseeing & exploration,South,city,"exploration,local experience",low,All,4.2,58,"MG Road is a city destination in karnataka known for exploration,local experience. It is ideal for explorers and tourists"
karnataka,Boating at Yediyur lake ,12.9747587,77.6093926,adventure & outdoor activities,South,adventure,"trekking,rafting,paragliding",medium,summer,4.2,51,"Boating at Yediyur lake  is a adventure destination in karnataka known for trekking,rafting,paragliding. It is ideal for adventure lover"
karnataka,Vidhana Soudha,12.93349,77.5766285,cultural & heritage sites,South,heritage,"culture,forts,shopping,history",low,winter,4.6,94,"Vidhana Soudha is a heritage destination in karnataka known for culture,forts,shopping,history. It is ideal for history and culture lovers"
karnataka,ISKCON Temple Bangalore,12.9796121,77.5908462,religious & spiritual pilgrimages,South,religious,"temple,spiritual,peace",low,all,4.6,71,"ISKCON Temple Bangalore is a religious destination in karnataka known for temple,spiritual,peace. It is ideal for spiritual seekers"
telangana,Charminar,13.0098328,77.5510964,cultural & heritage sites,South,heritage,"culture,forts,shopping,history",low,winter,4.5,53,"Charminar is a heritage destination in telangana known for culture,forts,shopping,history. It is ideal for history and culture lovers"
telangana,Golconda Fort,17.3615636,78.4746645,cultural & heritage sites,South,heritage,"culture,forts,shopping,history",low,winter,4.4,80,"Golconda Fort is a heritage destination in telangana known for culture,forts,shopping,history. It is ideal for history and culture lovers"
telangana,Hussain Sagar Lake,17.383309,78.4010528,natural landscapes & wildlife,South,wildlife,"safari,photography,nature",low,winter,4.3,95,"Hussain Sagar Lake is a wildlife destination in telangana known for safari,photography,nature. It is ideal for history and cultural lover"
telangana,Ramoji Film City,17.4238798,78.4738215,"arts, science & literature attractions",South,city,"exploration,local experience",luxury,All,4.4,96,"Ramoji Film City is a city destination in telangana known for exploration,local experience. It is ideal for explorers and tourists"
telangana,Salar Jung Museum,17.221713,78.284925,"arts, science & literature attractions",South,city,"exploration,local experience",low,All,4.4,79,"Salar Jung Museum is a city destination in telangana known for exploration,local experience. It is ideal for explorers and tourists"
telangana,Qutb Shahi Tombs,17.3716084,78.4802439,cultural & heritage sites,South,heritage,"culture,forts,shopping,history",low,winter,4.4,52,"Qutb Shahi Tombs is a heritage destination in telangana known for culture,forts,shopping,history. It is ideal for history and culture lovers"
telangana,Lad Bazaar ,17.3973706,78.4001141,shopping & markets,South,city,"exploration,local experience",low,All,4.0,53,"Lad Bazaar  is a city destination in telangana known for exploration,local experience. It is ideal for explorers and tourists"
telangana,Birla Mandir,17.3628791,78.4741288,religious & spiritual pilgrimages,South,religious,"temple,spiritual,peace",low,all,4.7,97,"Birla Mandir is a religious destination in telangana known for temple,spiritual,peace. It is ideal for spiritual seekers"
telangana,Chowmahalla Palace,17.212781,78.281814,cultural & heritage sites,South,heritage,"culture,forts,shopping,history",medium,winter,4.4,52,"Chowmahalla Palace is a heritage destination in telangana known for culture,forts,shopping,history. It is ideal for history and culture lovers"
telangana,Nehru Zoological Park,17.3578233,78.4716897,natural landscapes & wildlife,South,wildlife,"safari,photography,nature",medium,winter,4.2,92,"Nehru Zoological Park is a wildlife destination in telangana known for safari,photography,nature. It is ideal for history and cultural lover"
telangana,Infinite adventure club,17.3483047,78.4425108,adventure & outdoor activities,South,adventure,"trekking,rafting,paragliding",luxury,summer,4.4,89,"Infinite adventure club is a adventure destination in telangana known for trekking,rafting,paragliding. It is ideal for adventure lover"
telangana,Lumbini Park,17.4458759,78.4186335,natural landscapes & wildlife,South,wildlife,"safari,photography,nature",low,winter,4.1,77,"Lumbini Park is a wildlife destination in telangana known for safari,photography,nature. It is ideal for history and cultural lover"
west bengal,Victoria Memorial,17.4096811,78.4724344,cultural & heritage sites,East,heritage,"culture,forts,shopping,history",low,winter,4.6,72,"Victoria Memorial is a heritage destination in west bengal known for culture,forts,shopping,history. It is ideal for history and culture lovers"
west bengal,Howrah Bridge,22.5448082,88.3425578,cultural & heritage sites,East,heritage,"culture,forts,shopping,history",low,winter,4.6,79,"Howrah Bridge is a heritage destination in west bengal known for culture,forts,shopping,history. It is ideal for history and culture lovers"
west bengal,Indian Museum,22.5851433,88.3468005,"arts, science & literature attractions",East,city,"exploration,local experience",medium,All,4.6,94,"Indian Museum is a city destination in west bengal known for exploration,local experience. It is ideal for explorers and tourists"
west bengal,Ganga aarti,22.5578858,88.3511268,religious & spiritual pilgrimages,East,religious,"temple,spiritual,peace",low,all,4.6,83,"Ganga aarti is a religious destination in west bengal known for temple,spiritual,peace. It is ideal for spiritual seekers"
west bengal,Birla Planetarium,27.40364009,83.00912405,"arts, science & literature attractions",East,city,"exploration,local experience",medium,All,4.4,77,"Birla Planetarium is a city destination in west bengal known for exploration,local experience. It is ideal for explorers and tourists"
west bengal,St.Pauls Cathedral,22.5455141,88.3473163,religious & spiritual pilgrimages,East,religious,"temple,spiritual,peace",low,all,4.2,63,"St.Pauls Cathedral is a religious destination in west bengal known for temple,spiritual,peace. It is ideal for spiritual seekers"
west bengal,Tiretti Bazaar,22.57285,88.356,shopping & markets,East,city,"exploration,local experience",low,All,4.1,92,"Tiretti Bazaar is a city destination in west bengal known for exploration,local experience. It is ideal for explorers and tourists"
west bengal,Princep Ghat,22.5739086,88.3555988,cultural & heritage sites,East,heritage,"culture,forts,shopping,history",low,winter,4.3,68,"Princep Ghat is a heritage destination in west bengal known for culture,forts,shopping,history. It is ideal for history and culture lovers"
west bengal,Kumartali potter's quarter,22.5552828,88.3311699,"arts, science & literature attractions",East,city,"exploration,local experience",low,All,4.4,83,"Kumartali potter's quarter is a city destination in west bengal known for exploration,local experience. It is ideal for explorers and tourists"
west bengal,Shopping at Chamba lama,22.6000017,88.3612679,shopping & markets,East,city,"exploration,local experience",low,All,4.3,72,"Shopping at Chamba lama is a city destination in west bengal known for exploration,local experience. It is ideal for explorers and tourists"
west bengal,Burra Bazaar,22.5599918,88.3531374,shopping & markets,East,city,"exploration,local experience",low,All,4.0,81,"Burra Bazaar is a city destination in west bengal known for exploration,local experience. It is ideal for explorers and tourists"
west bengal,Dakshineswar Kali Temple,22.5817406,88.3543972,religious & spiritual pilgrimages,East,religious,"temple,spiritual,peace",low,all,4.7,89,"Dakshineswar Kali Temple is a religious destination in west bengal known for temple,spiritual,peace. It is ideal for spiritual seekers"
west bengal,Kalighat Kali Temple,22.6549087,88.3575307,religious & spiritual pilgrimages,East,religious,"temple,spiritual,peace",low,all,4.4,74,"Kalighat Kali Temple is a religious destination in west bengal known for temple,spiritual,peace. It is ideal for spiritual seekers"
west bengal,Eden Gardens,22.5202798,88.3420877,sports & recreation,East,city,"exploration,local experience",luxury,All,4.1,93,"Eden Gardens is a city destination in west bengal known for exploration,local experience. It is ideal for explorers and tourists"
west bengal,Alipore Zoological Gardens,22.5646081,88.3432645,natural landscapes & wildlife,East,wildlife,"safari,photography,nature",low,winter,4.3,97,"Alipore Zoological Gardens is a wildlife destination in west bengal known for safari,photography,nature. It is ideal for history and cultural lover"
west bengal,Science City Kolkata,22.5370343,88.3316697,"arts, science & literature attractions",East,city,"exploration,local experience",medium,All,4.4,96,"Science City Kolkata is a city destination in west bengal known for exploration,local experience. It is ideal for explorers and tourists"
west bengal,Belur Math,22.5401381,88.3960564,religious & spiritual pilgrimages,East,religious,"temple,spiritual,peace",low,all,4.7,52,"Belur Math is a religious destination in west bengal known for temple,spiritual,peace. It is ideal for spiritual seekers"
west bengal,Marble Palace,22.6326565,88.3563815,cultural & heritage sites,East,heritage,"culture,forts,shopping,history",low,winter,4.4,71,"Marble Palace is a heritage destination in west bengal known for culture,forts,shopping,history. It is ideal for history and culture lovers"
goa,Basilica of Bom Jesus,15.5008,73.9114,religious & spiritual pilgrimages,West,religious,"temple,spiritual,peace",low,all,4.5,69,"Basilica of Bom Jesus is a religious destination in goa known for temple,spiritual,peace. It is ideal for spiritual seekers"
goa,Fort Aguada,15.5008238,73.9114061,cultural & heritage sites,West,heritage,"culture,forts,shopping,history",low,winter,4.2,93,"Fort Aguada is a heritage destination in goa known for culture,forts,shopping,history. It is ideal for history and culture lovers"
goa,Dudhsagar Falls,15.4922519,73.7737462,natural landscapes & wildlife,West,wildlife,"safari,photography,nature",luxury,winter,4.6,60,"Dudhsagar Falls is a wildlife destination in goa known for safari,photography,nature. It is ideal for history and cultural lover"
goa,Anjuna Beach,15.3144375,74.3143073,adventure & outdoor activities,West,adventure,"trekking,rafting,paragliding",low,summer,4.4,64,"Anjuna Beach is a adventure destination in goa known for trekking,rafting,paragliding. It is ideal for adventure lover"
goa,Chapora Fort,15.5733497,73.7409781,cultural & heritage sites,West,heritage,"culture,forts,shopping,history",low,winter,4.2,99,"Chapora Fort is a heritage destination in goa known for culture,forts,shopping,history. It is ideal for history and culture lovers"
goa,Se Cathedral,15.6046375,73.7369631,religious & spiritual pilgrimages,West,religious,"temple,spiritual,peace",low,all,4.5,87,"Se Cathedral is a religious destination in goa known for temple,spiritual,peace. It is ideal for spiritual seekers"
goa,Baga Beach,15.5038769,73.9121918,natural landscapes & wildlife,West,wildlife,"safari,photography,nature",low,winter,4.5,99,"Baga Beach is a wildlife destination in goa known for safari,photography,nature. It is ideal for history and cultural lover"
goa,Candolim Beach,15.5552787,73.7517307,natural landscapes & wildlife,West,wildlife,"safari,photography,nature",low,winter,4.4,61,"Candolim Beach is a wildlife destination in goa known for safari,photography,nature. It is ideal for history and cultural lover"
goa,Fontainhas colony,15.5179749,73.7626122,cultural & heritage sites,West,heritage,"culture,forts,shopping,history",low,winter,4.2,97,"Fontainhas colony is a heritage destination in goa known for culture,forts,shopping,history. It is ideal for history and culture lovers"
goa,Shopping at M.G.Road,15.4941033,73.8300775,shopping & markets,West,city,"exploration,local experience",low,All,4.1,99,"Shopping at M.G.Road is a city destination in goa known for exploration,local experience. It is ideal for explorers and tourists"
goa,Gallery Gitanjali,12.9747587,77.6093926,"arts, science & literature attractions",West,city,"exploration,local experience",low,All,4.5,72,"Gallery Gitanjali is a city destination in goa known for exploration,local experience. It is ideal for explorers and tourists"
goa,Our Lady of Immaculate Conception Church,15.4986,73.8294,religious & spiritual pilgrimages,West,religious,"temple,spiritual,peace",low,all,4.4,68,"Our Lady of Immaculate Conception Church is a religious destination in goa known for temple,spiritual,peace. It is ideal for spiritual seekers"
goa,Old Goa,15.5014,73.9135,cultural & heritage sites,West,heritage,"culture,forts,shopping,history",low,winter,4.5,71,"Old Goa is a heritage destination in goa known for culture,forts,shopping,history. It is ideal for history and culture lovers"
goa,Arambol Beach,15.501984,73.9100068,natural landscapes & wildlife,West,wildlife,"safari,photography,nature",low,winter,4.6,86,"Arambol Beach is a wildlife destination in goa known for safari,photography,nature. It is ideal for history and cultural lover"
goa,Palolem Beach,15.6846886,73.7032836,natural landscapes & wildlife,West,wildlife,"safari,photography,nature",low,winter,4.6,60,"Palolem Beach is a wildlife destination in goa known for safari,photography,nature. It is ideal for history and cultural lover"
goa,Colva Beach,15.0099648,74.0232186,natural landscapes & wildlife,West,wildlife,"safari,photography,nature",low,winter,4.3,55,"Colva Beach is a wildlife destination in goa known for safari,photography,nature. It is ideal for history and cultural lover"
goa,Miramar Beach,15.2805316,73.9119945,natural landscapes & wildlife,West,wildlife,"safari,photography,nature",low,winter,4.2,71,"Miramar Beach is a wildlife destination in goa known for safari,photography,nature. It is ideal for history and cultural lover"
goa,Dr. Salim Ali Bird Santuary,15.513,73.8704,natural landscapes & wildlife,West,wildlife,"safari,photography,nature",low,winter,3.9,51,"Dr. Salim Ali Bird Santuary is a wildlife destination in goa known for safari,photography,nature. It is ideal for history and cultural lover"
gujarat,Statue of Unity,10.1335031,76.6860267,cultural & heritage sites,West,heritage,"culture,forts,shopping,history",medium,winter,4.6,78,"Statue of Unity is a heritage destination in gujarat known for culture,forts,shopping,history. It is ideal for history and culture lovers"
gujarat,Jhulta Minara,21.8380184,73.7190728,cultural & heritage sites,West,heritage,"culture,forts,shopping,history",low,winter,4.1,71,"Jhulta Minara is a heritage destination in gujarat known for culture,forts,shopping,history. It is ideal for history and culture lovers"
gujarat,Auto World Vintage Car Museum,23.0236789,72.5998114,"arts, science & literature attractions",West,city,"exploration,local experience",medium,All,4.4,86,"Auto World Vintage Car Museum is a city destination in gujarat known for exploration,local experience. It is ideal for explorers and tourists"
gujarat,Sabarmati Ashram,23.0572846,72.6872617,cultural & heritage sites,West,heritage,"culture,forts,shopping,history",low,winter,4.6,59,"Sabarmati Ashram is a heritage destination in gujarat known for culture,forts,shopping,history. It is ideal for history and culture lovers"
gujarat,Dwarka Beach & Lighthouse,23.0358621,72.5701089,natural landscapes & wildlife,West,wildlife,"safari,photography,nature",low,winter,4.6,85,"Dwarka Beach & Lighthouse is a wildlife destination in gujarat known for safari,photography,nature. It is ideal for history and cultural lover"
gujarat,Rukmini Devi Mandir,22.2441975,68.9684562,religious & spiritual pilgrimages,West,religious,"temple,spiritual,peace",low,all,4.6,86,"Rukmini Devi Mandir is a religious destination in gujarat known for temple,spiritual,peace. It is ideal for spiritual seekers"
gujarat,Shri Nageshwar Jyotirling,22.2573143,68.9644191,religious & spiritual pilgrimages,West,religious,"temple,spiritual,peace",low,all,4.7,78,"Shri Nageshwar Jyotirling is a religious destination in gujarat known for temple,spiritual,peace. It is ideal for spiritual seekers"
gujarat,Dwarkadhish Temple,22.3359636,69.0870088,religious & spiritual pilgrimages,West,religious,"temple,spiritual,peace",low,all,4.7,52,"Dwarkadhish Temple is a religious destination in gujarat known for temple,spiritual,peace. It is ideal for spiritual seekers"
gujarat,Mahabat Maqbara Palace,22.2371082,68.9676255,cultural & heritage sites,West,heritage,"culture,forts,shopping,history",low,winter,4.4,90,"Mahabat Maqbara Palace is a heritage destination in gujarat known for culture,forts,shopping,history. It is ideal for history and culture lovers"
gujarat,Uparkot Fort,21.5275733,70.4599927,cultural & heritage sites,West,heritage,"culture,forts,shopping,history",low,winter,4.3,84,"Uparkot Fort is a heritage destination in gujarat known for culture,forts,shopping,history. It is ideal for history and culture lovers"
gujarat,Sakkarbaug Zoological Park,21.5247475,70.4700532,natural landscapes & wildlife,West,wildlife,"safari,photography,nature",low,winter,4.3,72,"Sakkarbaug Zoological Park is a wildlife destination in gujarat known for safari,photography,nature. It is ideal for history and cultural lover"
gujarat,Gir National Park,21.5418892,70.4646275,natural landscapes & wildlife,West,wildlife,"safari,photography,nature",luxury,winter,4.5,99,"Gir National Park is a wildlife destination in gujarat known for safari,photography,nature. It is ideal for history and cultural lover"
gujarat,Aina Mahal Palace,21.0842848,70.7944414,cultural & heritage sites,West,heritage,"culture,forts,shopping,history",low,winter,4.2,50,"Aina Mahal Palace is a heritage destination in gujarat known for culture,forts,shopping,history. It is ideal for history and culture lovers"
gujarat,Bhuj Mandir,23.2553595,69.6685614,religious & spiritual pilgrimages,West,religious,"temple,spiritual,peace",low,all,4.7,96,"Bhuj Mandir is a religious destination in gujarat known for temple,spiritual,peace. It is ideal for spiritual seekers"
gujarat,Chhatardi Bhuj,23.2419997,69.6669324,cultural & heritage sites,West,heritage,"culture,forts,shopping,history",low,winter,4.4,62,"Chhatardi Bhuj is a heritage destination in gujarat known for culture,forts,shopping,history. It is ideal for history and culture lovers"
gujarat,Vande Mataram Memorial,23.2457731,69.6581727,cultural & heritage sites,West,heritage,"culture,forts,shopping,history",medium,winter,4.6,50,"Vande Mataram Memorial is a heritage destination in gujarat known for culture,forts,shopping,history. It is ideal for history and culture lovers"
gujarat,White Desert,23.2187507,69.73645,natural landscapes & wildlife,West,wildlife,"safari,photography,nature",low,winter,4.6,97,"White Desert is a wildlife destination in gujarat known for safari,photography,nature. It is ideal for history and cultural lover"
gujarat,Sayaji Baug Zoo,22.3115,73.19,natural landscapes & wildlife,West,wildlife,"safari,photography,nature",low,winter,4.4,95,"Sayaji Baug Zoo is a wildlife destination in gujarat known for safari,photography,nature. It is ideal for history and cultural lover"
gujarat,Inorbit Mall Vadodara,22.3114569,73.191386,shopping & markets,West,city,"exploration,local experience",low,All,4.5,93,"Inorbit Mall Vadodara is a city destination in gujarat known for exploration,local experience. It is ideal for explorers and tourists"
gujarat,Baroda Museum &Gallery,22.3223271,73.1655842,"arts, science & literature attractions",West,city,"exploration,local experience",low,All,4.5,60,"Baroda Museum &Gallery is a city destination in gujarat known for exploration,local experience. It is ideal for explorers and tourists"
gujarat,BAPS Shri Swaminarayan Mandir,22.3117697,73.1887449,religious & spiritual pilgrimages,West,religious,"temple,spiritual,peace",low,all,4.5,73,"BAPS Shri Swaminarayan Mandir is a religious destination in gujarat known for temple,spiritual,peace. It is ideal for spiritual seekers"
gujarat,Mandvi Gate,22.3001,73.2106,cultural & heritage sites,West,heritage,"culture,forts,shopping,history",low,winter,4.4,62,"Mandvi Gate is a heritage destination in gujarat known for culture,forts,shopping,history. It is ideal for history and culture lovers"
gujarat,Laxmi Vilas Palace,22.300138,73.2106478,cultural & heritage sites,West,heritage,"culture,forts,shopping,history",high,winter,4.4,74,"Laxmi Vilas Palace is a heritage destination in gujarat known for culture,forts,shopping,history. It is ideal for history and culture lovers"
gujarat,Somnath Beach,22.2935993,73.1919074,religious & spiritual pilgrimages,West,religious,"temple,spiritual,peace",low,all,4.5,86,"Somnath Beach is a religious destination in gujarat known for temple,spiritual,peace. It is ideal for spiritual seekers"
gujarat,Somnath Temple,20.8841837,70.405855,religious & spiritual pilgrimages,West,religious,"temple,spiritual,peace",low,all,4.8,89,"Somnath Temple is a religious destination in gujarat known for temple,spiritual,peace. It is ideal for spiritual seekers"
gujarat,Adalaj Stepwell,20.8879899,70.4012569,cultural & heritage sites,West,heritage,"culture,forts,shopping,history",low,winter,4.5,85,"Adalaj Stepwell is a heritage destination in gujarat known for culture,forts,shopping,history. It is ideal for history and culture lovers"
gujarat,Sarita Udyan,23.1667825,72.580464,sightseeing & exploration,West,city,"exploration,local experience",low,All,4.4,69,"Sarita Udyan is a city destination in gujarat known for exploration,local experience. It is ideal for explorers and tourists"
gujarat,Swaminarayan Akshardham,23.2031524,72.6589384,religious & spiritual pilgrimages,West,religious,"temple,spiritual,peace",low,all,4.6,53,"Swaminarayan Akshardham is a religious destination in gujarat known for temple,spiritual,peace. It is ideal for spiritual seekers"
gujarat,Dandi Kutir,28.6126735,77.2772619,"arts, science & literature attractions",West,city,"exploration,local experience",low,All,4.5,62,"Dandi Kutir is a city destination in gujarat known for exploration,local experience. It is ideal for explorers and tourists"
gujarat,Sabarmati Riverfront,23.2328758,72.6311938,sightseeing & exploration,West,city,"exploration,local experience",low,All,4.6,54,"Sabarmati Riverfront is a city destination in gujarat known for exploration,local experience. It is ideal for explorers and tourists"
gujarat,Manek Chowk,23.0234539,72.5766408,shopping & markets,West,city,"exploration,local experience",low,All,4.4,82,"Manek Chowk is a city destination in gujarat known for exploration,local experience. It is ideal for explorers and tourists"
gujarat,Kankaria Lake,23.0231887,72.5879093,natural landscapes & wildlife,West,wildlife,"safari,photography,nature",low,winter,4.5,86,"Kankaria Lake is a wildlife destination in gujarat known for safari,photography,nature. It is ideal for history and cultural lover"
gujarat,Science City,23.0062573,72.6025503,"arts, science & literature attractions",West,city,"exploration,local experience",luxury,All,4.4,75,"Science City is a city destination in gujarat known for exploration,local experience. It is ideal for explorers and tourists"
rajasthan,Birla Mandir,23.0714235,72.5167854,religious & spiritual pilgrimages,West,religious,"temple,spiritual,peace",low,all,4.6,71,"Birla Mandir is a religious destination in rajasthan known for temple,spiritual,peace. It is ideal for spiritual seekers"
rajasthan,Shree Khole Ki Hanuman Mandir,26.907524,75.739639,religious & spiritual pilgrimages,West,religious,"temple,spiritual,peace",low,all,4.8,77,"Shree Khole Ki Hanuman Mandir is a religious destination in rajasthan known for temple,spiritual,peace. It is ideal for spiritual seekers"
rajasthan,Cental Park,26.9049,75.8087,natural landscapes & wildlife,West,wildlife,"safari,photography,nature",low,winter,4.6,92,"Cental Park is a wildlife destination in rajasthan known for safari,photography,nature. It is ideal for history and cultural lover"
rajasthan,Moti Dungri Ganesh Ji Temple,26.8947,75.8167,religious & spiritual pilgrimages,West,religious,"temple,spiritual,peace",low,all,4.8,52,"Moti Dungri Ganesh Ji Temple is a religious destination in rajasthan known for temple,spiritual,peace. It is ideal for spiritual seekers"
rajasthan,Jantar Mantar,26.8946582,75.8167154,"arts, science & literature attractions",West,city,"exploration,local experience",low,All,4.5,51,"Jantar Mantar is a city destination in rajasthan known for exploration,local experience. It is ideal for explorers and tourists"
rajasthan,Amber Palace,28.6270547,77.2166267,cultural & heritage sites,West,heritage,"culture,forts,shopping,history",low,winter,4.6,80,"Amber Palace is a heritage destination in rajasthan known for culture,forts,shopping,history. It is ideal for history and culture lovers"
rajasthan,Hawa Mahal,26.9854865,75.8513454,cultural & heritage sites,West,heritage,"culture,forts,shopping,history",medium,winter,4.4,93,"Hawa Mahal is a heritage destination in rajasthan known for culture,forts,shopping,history. It is ideal for history and culture lovers"
rajasthan,Lake Pichola,26.9240458,75.8267144,natural landscapes & wildlife,West,wildlife,"safari,photography,nature",low,winter,4.7,62,"Lake Pichola is a wildlife destination in rajasthan known for safari,photography,nature. It is ideal for history and cultural lover"
rajasthan,Jagdish Temple,24.572,73.679,religious & spiritual pilgrimages,West,religious,"temple,spiritual,peace",low,all,4.7,78,"Jagdish Temple is a religious destination in rajasthan known for temple,spiritual,peace. It is ideal for spiritual seekers"
rajasthan,Ambrai Ghat,24.5796536,73.6836153,sightseeing & exploration,West,city,"exploration,local experience",low,All,4.7,54,"Ambrai Ghat is a city destination in rajasthan known for exploration,local experience. It is ideal for explorers and tourists"
rajasthan,Saheliyon ki Bari,24.5775547,73.6799021,natural landscapes & wildlife,West,wildlife,"safari,photography,nature",medium,winter,4.4,87,"Saheliyon ki Bari is a wildlife destination in rajasthan known for safari,photography,nature. It is ideal for history and cultural lover"
rajasthan,Sajjangarh Monsoon Palace,24.6030064,73.6854901,cultural & heritage sites,West,heritage,"culture,forts,shopping,history",medium,winter,4.4,57,"Sajjangarh Monsoon Palace is a heritage destination in rajasthan known for culture,forts,shopping,history. It is ideal for history and culture lovers"
rajasthan,Bagore ki Haveli,24.5931853,73.6396056,cultural & heritage sites,West,heritage,"culture,forts,shopping,history",low,winter,4.5,81,"Bagore ki Haveli is a heritage destination in rajasthan known for culture,forts,shopping,history. It is ideal for history and culture lovers"
rajasthan,Karni Mata Temple,24.5800483,73.6822576,religious & spiritual pilgrimages,West,religious,"temple,spiritual,peace",low,all,4.0,59,"Karni Mata Temple is a religious destination in rajasthan known for temple,spiritual,peace. It is ideal for spiritual seekers"
rajasthan,City Palace,27.7909349,73.3408256,cultural & heritage sites,West,heritage,"culture,forts,shopping,history",high,winter,4.4,65,"City Palace is a heritage destination in rajasthan known for culture,forts,shopping,history. It is ideal for history and culture lovers"
rajasthan,Patwa Haweli,26.9164,70.9143,cultural & heritage sites,West,heritage,"culture,forts,shopping,history",low,winter,4.3,86,"Patwa Haweli is a heritage destination in rajasthan known for culture,forts,shopping,history. It is ideal for history and culture lovers"
rajasthan,Longewala War memorial,26.911661,70.922928,cultural & heritage sites,West,heritage,"culture,forts,shopping,history",medium,winter,4.8,91,"Longewala War memorial is a heritage destination in rajasthan known for culture,forts,shopping,history. It is ideal for history and culture lovers"
rajasthan,Gadisar Lake,27.5229395,70.1564799,"natural landscapes & wildlife, sightseeing & exploration",West,wildlife,"safari,photography,nature",low,winter,4.4,84,"Gadisar Lake is a wildlife destination in rajasthan known for safari,photography,nature. It is ideal for history and cultural lover"
rajasthan,Jaisalmer Fort,26.9085788,70.9231001,cultural & heritage sites,West,heritage,"culture,forts,shopping,history",medium,winter,4.4,53,"Jaisalmer Fort is a heritage destination in rajasthan known for culture,forts,shopping,history. It is ideal for history and culture lovers"
rajasthan,Trinetra Ganesh Temple,26.9124555,70.9126093,religious & spiritual pilgrimages,West,religious,"temple,spiritual,peace",low,all,4.7,72,"Trinetra Ganesh Temple is a religious destination in rajasthan known for temple,spiritual,peace. It is ideal for spiritual seekers"
rajasthan,Ranthambore Fort,26.0174913,76.4532362,cultural & heritage sites,West,heritage,"culture,forts,shopping,history",low,winter,4.5,65,"Ranthambore Fort is a heritage destination in rajasthan known for culture,forts,shopping,history. It is ideal for history and culture lovers"
rajasthan,Ranthambore National Park,26.0207552,76.4549695,"natural landscapes & wildlife, sightseeing & exploration",West,wildlife,"safari,photography,nature",luxury,winter,4.6,81,"Ranthambore National Park is a wildlife destination in rajasthan known for safari,photography,nature. It is ideal for history and cultural lover"
rajasthan,Adhai Din ka Jhopra,25.9775867,76.5532869,cultural & heritage sites,West,heritage,"culture,forts,shopping,history",medium,winter,4.4,58,"Adhai Din ka Jhopra is a heritage destination in rajasthan known for culture,forts,shopping,history. It is ideal for history and culture lovers"
rajasthan,Anasagar Lake,26.455216,74.6251458,"natural landscapes & wildlife, sightseeing & exploration",West,wildlife,"safari,photography,nature",low,winter,4.5,60,"Anasagar Lake is a wildlife destination in rajasthan known for safari,photography,nature. It is ideal for history and cultural lover"
rajasthan,Khwaja Gharib Nawaz Dargah ,26.4745925,74.6195474,religious & spiritual pilgrimages,West,religious,"temple,spiritual,peace",low,all,4.6,91,"Khwaja Gharib Nawaz Dargah  is a religious destination in rajasthan known for temple,spiritual,peace. It is ideal for spiritual seekers"
rajasthan,Jaswant Thada,21.0105397,75.5520299,cultural & heritage sites,West,heritage,"culture,forts,shopping,history",low,winter,4.4,77,"Jaswant Thada is a heritage destination in rajasthan known for culture,forts,shopping,history. It is ideal for history and culture lovers"
rajasthan,Umaid Bhawan Palace,26.3040998,73.0253613,cultural & heritage sites,West,heritage,"culture,forts,shopping,history",medium,winter,4.5,56,"Umaid Bhawan Palace is a heritage destination in rajasthan known for culture,forts,shopping,history. It is ideal for history and culture lovers"
rajasthan,Mehrangarh Fort,26.2810298,73.0473022,cultural & heritage sites,West,heritage,"culture,forts,shopping,history",medium,winter,4.6,71,"Mehrangarh Fort is a heritage destination in rajasthan known for culture,forts,shopping,history. It is ideal for history and culture lovers"
rajasthan,Nakki Lake,26.2978267,73.0180132,"natural landscapes & wildlife, sightseeing & exploration",West,wildlife,"safari,photography,nature",low,winter,4.4,53,"Nakki Lake is a wildlife destination in rajasthan known for safari,photography,nature. It is ideal for history and cultural lover"
rajasthan,Sunset Point,24.5945112,72.7062297,"natural landscapes & wildlife, sightseeing & exploration",West,wildlife,"safari,photography,nature",low,winter,0.4,68,"Sunset Point is a wildlife destination in rajasthan known for safari,photography,nature. It is ideal for history and cultural lover"
rajasthan,Dilwara Temples,24.6094,72.723,"religious & spiritual pilgrimages, cultural & heritage sites",West,religious,"temple,spiritual,peace",low,all,4.6,72,"Dilwara Temples is a religious destination in rajasthan known for temple,spiritual,peace. It is ideal for spiritual seekers"
rajasthan,Nahargarh Fort,24.609382,72.7229797,cultural & heritage sites,West,heritage,"culture,forts,shopping,history",medium,winter,4.6,78,"Nahargarh Fort is a heritage destination in rajasthan known for culture,forts,shopping,history. It is ideal for history and culture lovers"
rajasthan,Jaigarh Fort,26.9401659,75.8170373,cultural & heritage sites,West,heritage,"culture,forts,shopping,history",low,winter,4.5,98,"Jaigarh Fort is a heritage destination in rajasthan known for culture,forts,shopping,history. It is ideal for history and culture lovers"
rajasthan,Lake Pichola,26.9816052,75.8447917,"natural landscapes & wildlife, sightseeing & exploration",West,wildlife,"safari,photography,nature",low,winter,4.6,90,"Lake Pichola is a wildlife destination in rajasthan known for safari,photography,nature. It is ideal for history and cultural lover"
punjab,Sadda Pind,31.63398,74.872261,cultural & heritage sites,North,heritage,"culture,forts,shopping,history",luxury,winter,4.3,86,"Sadda Pind is a heritage destination in punjab known for culture,forts,shopping,history. It is ideal for history and culture lovers"
punjab,Gobind Garh Fort,31.644012,74.8131795,cultural & heritage sites,North,heritage,"culture,forts,shopping,history",high,winter,4.3,53,"Gobind Garh Fort is a heritage destination in punjab known for culture,forts,shopping,history. It is ideal for history and culture lovers"
punjab,Shri Durgiana Temple,31.6276227,74.8580233,religious & spiritual pilgrimages,North,religious,"temple,spiritual,peace",low,all,4.7,57,"Shri Durgiana Temple is a religious destination in punjab known for temple,spiritual,peace. It is ideal for spiritual seekers"
punjab,Shree Harminder Sahib Gurudwara,31.6271534,74.8673445,religious & spiritual pilgrimages,North,religious,"temple,spiritual,peace",low,all,4.9,51,"Shree Harminder Sahib Gurudwara is a religious destination in punjab known for temple,spiritual,peace. It is ideal for spiritual seekers"
punjab,The Partition Museum,31.6199803,74.8764849,"arts, science & literature attractions",North,city,"exploration,local experience",medium,All,4.6,69,"The Partition Museum is a city destination in punjab known for exploration,local experience. It is ideal for explorers and tourists"
punjab,Golden Temple (Harmandir Sahib),31.6256935,74.8790091,religious & spiritual pilgrimages,North,religious,"temple,spiritual,peace",low,all,4.9,57,"Golden Temple (Harmandir Sahib) is a religious destination in punjab known for temple,spiritual,peace. It is ideal for spiritual seekers"
punjab,Jallianwala Bagh,31.6199803,74.8764849,cultural & heritage sites,North,heritage,"culture,forts,shopping,history",low,winter,4.8,82,"Jallianwala Bagh is a heritage destination in punjab known for culture,forts,shopping,history. It is ideal for history and culture lovers"
punjab,Wagah Border,31.6207396,74.8801655,"adventure & outdoor activities, sightseeing & exploration",North,adventure,"trekking,rafting,paragliding",low,summer,4.8,57,"Wagah Border is a adventure destination in punjab known for trekking,rafting,paragliding. It is ideal for adventure lover"
punjab, Japanese Garden,31.6048388,74.5740775,"cultural & heritage sites, natural landscapes & wildlife",North,heritage,"culture,forts,shopping,history",low,winter,4.3,65," Japanese Garden is a heritage destination in punjab known for culture,forts,shopping,history. It is ideal for history and culture lovers"
punjab,Sector 17 Market,30.7395,76.7825,shopping & markets,North,city,"exploration,local experience",low,All,4.4,63,"Sector 17 Market is a city destination in punjab known for exploration,local experience. It is ideal for explorers and tourists"
punjab,ISKON temple,30.739471,76.7825333,religious & spiritual pilgrimages,North,religious,"temple,spiritual,peace",low,all,4.8,58,"ISKON temple is a religious destination in punjab known for temple,spiritual,peace. It is ideal for spiritual seekers"
punjab,Terraced garden,30.7144,76.7716,natural landscapes & wildlife,North,wildlife,"safari,photography,nature",low,winter,4.5,61,"Terraced garden is a wildlife destination in punjab known for safari,photography,nature. It is ideal for history and cultural lover"
punjab,Government museum & Art gallery,30.445473,76.471285,"arts, science & literature attractions",North,city,"exploration,local experience",medium,All,4.4,67,"Government museum & Art gallery is a city destination in punjab known for exploration,local experience. It is ideal for explorers and tourists"
punjab,Sukhna Lake,13.0716298,80.2567955,natural landscapes & wildlife,North,wildlife,"safari,photography,nature",low,winter,4.6,94,"Sukhna Lake is a wildlife destination in punjab known for safari,photography,nature. It is ideal for history and cultural lover"
punjab,Rock Garden,30.7421379,76.8187557,sightseeing & exploration,North,city,"exploration,local experience",low,All,4.5,62,"Rock Garden is a city destination in punjab known for exploration,local experience. It is ideal for explorers and tourists"
kerala,Shree Krishna Swamy Temple,30.752535,76.8101038,religious & spiritual pilgrimages,South,religious,"temple,spiritual,peace",low,all,4.6,77,"Shree Krishna Swamy Temple is a religious destination in kerala known for temple,spiritual,peace. It is ideal for spiritual seekers"
kerala,Marari Beach,9.6008,76.2983,natural landscapes & wildlife,South,wildlife,"safari,photography,nature",low,winter,4.5,78,"Marari Beach is a wildlife destination in kerala known for safari,photography,nature. It is ideal for history and cultural lover"
kerala,International Coi Museum,9.6007506,76.2982585,"arts, science & literature attractions",South,city,"exploration,local experience",low,All,4.3,55,"International Coi Museum is a city destination in kerala known for exploration,local experience. It is ideal for explorers and tourists"
kerala,Alleppey Backwater,9.5239,76.3568,natural landscapes & wildlife,South,wildlife,"safari,photography,nature",low,winter,4.6,74,"Alleppey Backwater is a wildlife destination in kerala known for safari,photography,nature. It is ideal for history and cultural lover"
kerala,Chakkulathukavu Sree Bhagwathi Temple,9.5238612,76.3567633,religious & spiritual pilgrimages,South,religious,"temple,spiritual,peace",low,all,4.3,62,"Chakkulathukavu Sree Bhagwathi Temple is a religious destination in kerala known for temple,spiritual,peace. It is ideal for spiritual seekers"
kerala,Mannarasala Sree Nagaraja Temple,9.3669421,76.5141883,religious & spiritual pilgrimages,South,religious,"temple,spiritual,peace",low,all,4.3,53,"Mannarasala Sree Nagaraja Temple is a religious destination in kerala known for temple,spiritual,peace. It is ideal for spiritual seekers"
kerala,St.Andrew's Basilica,9.2896809,76.4456832,religious & spiritual pilgrimages,South,religious,"temple,spiritual,peace",low,all,4.7,63,"St.Andrew's Basilica is a religious destination in kerala known for temple,spiritual,peace. It is ideal for spiritual seekers"
kerala,Alappuzha Beach,9.6611287,76.3002896,natural landscapes & wildlife,South,wildlife,"safari,photography,nature",low,winter,4.5,67,"Alappuzha Beach is a wildlife destination in kerala known for safari,photography,nature. It is ideal for history and cultural lover"
kerala,Pothamedu View Point,9.4927482,76.3177759,sightseeing & exploration,South,city,"exploration,local experience",low,All,4.2,79,"Pothamedu View Point is a city destination in kerala known for exploration,local experience. It is ideal for explorers and tourists"
kerala,Eravikulam National Park,10.0596918,77.064076,natural landscapes & wildlife,South,wildlife,"safari,photography,nature",medium,winter,4.3,82,"Eravikulam National Park is a wildlife destination in kerala known for safari,photography,nature. It is ideal for history and cultural lover"
kerala,Mattupetty Dam,10.1453912,77.0366346,sightseeing & exploration,South,city,"exploration,local experience",low,All,4.2,50,"Mattupetty Dam is a city destination in kerala known for exploration,local experience. It is ideal for explorers and tourists"
kerala,Munnar Tea Gardens,10.1063316,77.1238055,"natural landscapes & wildlife, sightseeing & exploration",South,wildlife,"safari,photography,nature",low,winter,4.3,67,"Munnar Tea Gardens is a wildlife destination in kerala known for safari,photography,nature. It is ideal for history and cultural lover"
kerala,LuLu International Shopping Mall,10.0578407,77.0660813,shopping & markets,South,city,"exploration,local experience",low,All,4.6,81,"LuLu International Shopping Mall is a city destination in kerala known for exploration,local experience. It is ideal for explorers and tourists"
kerala,National Shrine Basilica of our Lady of Ransom,10.0271483,76.3081856,religious & spiritual pilgrimages,South,religious,"temple,spiritual,peace",low,all,4.8,79,"National Shrine Basilica of our Lady of Ransom is a religious destination in kerala known for temple,spiritual,peace. It is ideal for spiritual seekers"
kerala,Mattancherry Palace,9.9583,76.2594,cultural & heritage sites,South,heritage,"culture,forts,shopping,history",low,winter,4.2,85,"Mattancherry Palace is a heritage destination in kerala known for culture,forts,shopping,history. It is ideal for history and culture lovers"
kerala,Marine Drive Kochi,9.9582773,76.2593508,sightseeing & exploration,South,city,"exploration,local experience",low,All,4.3,55,"Marine Drive Kochi is a city destination in kerala known for exploration,local experience. It is ideal for explorers and tourists"
kerala,Chottanikara Bhagvathy Temple,9.9771685,76.2773228,religious & spiritual pilgrimages,South,religious,"temple,spiritual,peace",low,all,5.0,53,"Chottanikara Bhagvathy Temple is a religious destination in kerala known for temple,spiritual,peace. It is ideal for spiritual seekers"
kerala,Hill Palace Museum,9.9331743,76.3905714,cultural & heritage sites,South,heritage,"culture,forts,shopping,history",low,winter,4.3,86,"Hill Palace Museum is a heritage destination in kerala known for culture,forts,shopping,history. It is ideal for history and culture lovers"
kerala,Cherai Beach,9.952749,76.3638016,natural landscapes & wildlife,South,wildlife,"safari,photography,nature",low,winter,4.0,98,"Cherai Beach is a wildlife destination in kerala known for safari,photography,nature. It is ideal for history and cultural lover"
kerala,Fort Kochi,10.1415953,76.1782833,cultural & heritage sites,South,heritage,"culture,forts,shopping,history",low,winter,4.4,88,"Fort Kochi is a heritage destination in kerala known for culture,forts,shopping,history. It is ideal for history and culture lovers"
kerala,Attukal Bhagwathy Temple,9.9657787,76.2421147,religious & spiritual pilgrimages,South,religious,"temple,spiritual,peace",low,all,4.6,53,"Attukal Bhagwathy Temple is a religious destination in kerala known for temple,spiritual,peace. It is ideal for spiritual seekers"
kerala,Kovalam Beach,8.4698623,76.9554858,natural landscapes & wildlife,South,wildlife,"safari,photography,nature",low,winter,4.4,94,"Kovalam Beach is a wildlife destination in kerala known for safari,photography,nature. It is ideal for history and cultural lover"
kerala,Thiruvanthapuram Zoological park,8.3837841,76.9804176,natural landscapes & wildlife,South,wildlife,"safari,photography,nature",high,winter,4.2,51,"Thiruvanthapuram Zoological park is a wildlife destination in kerala known for safari,photography,nature. It is ideal for history and cultural lover"
kerala,Kanakakkunnu Palace,8.5105939,76.9549377,cultural & heritage sites,South,heritage,"culture,forts,shopping,history",low,winter,4.5,68,"Kanakakkunnu Palace is a heritage destination in kerala known for culture,forts,shopping,history. It is ideal for history and culture lovers"
kerala,Veli Lake Tourist Village,8.5107183,76.9581858,sightseeing & exploration,South,city,"exploration,local experience",low,All,4.2,60,"Veli Lake Tourist Village is a city destination in kerala known for exploration,local experience. It is ideal for explorers and tourists"
kerala,Napier Museum,8.5080206,76.8886702,"arts, science & literature attractions",South,city,"exploration,local experience",medium,All,4.4,55,"Napier Museum is a city destination in kerala known for exploration,local experience. It is ideal for explorers and tourists"
kerala,Padmanabhaswamy Temple,8.5089657,76.955072,religious & spiritual pilgrimages,South,religious,"temple,spiritual,peace",low,all,4.7,83,"Padmanabhaswamy Temple is a religious destination in kerala known for temple,spiritual,peace. It is ideal for spiritual seekers"
kerala,HiLITE mall,8.4827779,76.9435906,shopping & markets,South,city,"exploration,local experience",low,All,4.2,77,"HiLITE mall is a city destination in kerala known for exploration,local experience. It is ideal for explorers and tourists"
kerala,Mittayi Theravu -SM Street,11.2486583,75.833473,shopping & markets,South,city,"exploration,local experience",low,All,4.5,73,"Mittayi Theravu -SM Street is a city destination in kerala known for exploration,local experience. It is ideal for explorers and tourists"
kerala,Tali Maha Shiva Kshetram,11.2507622,75.7815607,religious & spiritual pilgrimages,South,religious,"temple,spiritual,peace",low,all,4.7,63,"Tali Maha Shiva Kshetram is a religious destination in kerala known for temple,spiritual,peace. It is ideal for spiritual seekers"
kerala,Sargaalaya Kerala Arts& Crafts village,11.2479375,75.7875625,"arts, science & literature attractions",South,city,"exploration,local experience",medium,All,4.3,70,"Sargaalaya Kerala Arts& Crafts village is a city destination in kerala known for exploration,local experience. It is ideal for explorers and tourists"
kerala,Kozhikode Beach,11.5601151,75.6058617,natural landscapes & wildlife,South,wildlife,"safari,photography,nature",low,winter,3.9,85,"Kozhikode Beach is a wildlife destination in kerala known for safari,photography,nature. It is ideal for history and cultural lover"
kerala,Lakkidi View point,11.2626228,75.7673095,sightseeing & exploration,South,city,"exploration,local experience",low,All,4.5,58,"Lakkidi View point is a city destination in kerala known for exploration,local experience. It is ideal for explorers and tourists"
kerala,Edakkal Caves,11.5121995,76.0189339,natural landscapes & wildlife,South,wildlife,"safari,photography,nature",medium,winter,4.1,90,"Edakkal Caves is a wildlife destination in kerala known for safari,photography,nature. It is ideal for history and cultural lover"
kerala,"Karapuzha Dam, adventure park, garden",11.6268407,76.234269,adventure & outdoor activities,South,adventure,"trekking,rafting,paragliding",low,summer,4.4,76,"Karapuzha Dam, adventure park, garden is a adventure destination in kerala known for trekking,rafting,paragliding. It is ideal for adventure lover"
kerala,Wayanad Wildlife Sanctuary,11.6182901,76.1678346,natural landscapes & wildlife,South,wildlife,"safari,photography,nature",high,winter,4.5,75,"Wayanad Wildlife Sanctuary is a wildlife destination in kerala known for safari,photography,nature. It is ideal for history and cultural lover"
kerala,Muzhappilangad Beach,11.6716011,76.3686564,natural landscapes & wildlife,South,wildlife,"safari,photography,nature",low,winter,4.4,78,"Muzhappilangad Beach is a wildlife destination in kerala known for safari,photography,nature. It is ideal for history and cultural lover"
kerala,Parassini Madappura Sree Muthappan Temple,11.7932037,75.4441073,religious & spiritual pilgrimages,South,religious,"temple,spiritual,peace",low,all,4.4,63,"Parassini Madappura Sree Muthappan Temple is a religious destination in kerala known for temple,spiritual,peace. It is ideal for spiritual seekers"
kerala,St. Angelo Fort,11.9824702,75.402109,cultural & heritage sites,South,heritage,"culture,forts,shopping,history",low,winter,4.4,67,"St. Angelo Fort is a heritage destination in kerala known for culture,forts,shopping,history. It is ideal for history and culture lovers"
kerala,Kerala Folklore Museum,11.8541418,75.3714455,cultural & heritage sites,South,heritage,"culture,forts,shopping,history",medium,winter,4.4,65,"Kerala Folklore Museum is a heritage destination in kerala known for culture,forts,shopping,history. It is ideal for history and culture lovers"
kerala,Wonderla Amusement Park,9.9330107,76.2989787,adventure & outdoor activities,South,adventure,"trekking,rafting,paragliding",luxury,summer,4.6,70,"Wonderla Amusement Park is a adventure destination in kerala known for trekking,rafting,paragliding. It is ideal for adventure lover"
karnataka,Shri Chamundeshwari Temple,12.8349095,77.4009409,religious & spiritual pilgrimages,South,religious,"temple,spiritual,peace",low,all,4.7,67,"Shri Chamundeshwari Temple is a religious destination in karnataka known for temple,spiritual,peace. It is ideal for spiritual seekers"
karnataka,Chamundi Betta,12.2725036,76.6707154,natural landscapes & wildlife,South,wildlife,"safari,photography,nature",low,winter,4.7,80,"Chamundi Betta is a wildlife destination in karnataka known for safari,photography,nature. It is ideal for history and cultural lover"
karnataka,Lokaranjan Aqua World Underwater zoo,12.2731672,76.6707435,natural landscapes & wildlife,South,wildlife,"safari,photography,nature",high,winter,4.6,76,"Lokaranjan Aqua World Underwater zoo is a wildlife destination in karnataka known for safari,photography,nature. It is ideal for history and cultural lover"
karnataka,Mysuru Railway museum,12.304807,76.6638086,"arts, science & literature attractions",South,city,"exploration,local experience",medium,All,4.4,66,"Mysuru Railway museum is a city destination in karnataka known for exploration,local experience. It is ideal for explorers and tourists"
karnataka,"Karanji Lake, boating, bird sanctuary",12.3163393,76.643323,"natural landscapes & wildlife, adventure & outdoor activities",South,wildlife,"safari,photography,nature",low,winter,4.0,73,"Karanji Lake, boating, bird sanctuary is a wildlife destination in karnataka known for safari,photography,nature. It is ideal for history and cultural lover"
karnataka,Mysore Palace,12.302778,76.673611,cultural & heritage sites,South,heritage,"culture,forts,shopping,history",low,winter,4.6,92,"Mysore Palace is a heritage destination in karnataka known for culture,forts,shopping,history. It is ideal for history and culture lovers"
karnataka,Virupaksha Temple,12.305163,76.6551749,religious & spiritual pilgrimages,South,religious,"temple,spiritual,peace",low,all,4.7,66,"Virupaksha Temple is a religious destination in karnataka known for temple,spiritual,peace. It is ideal for spiritual seekers"
karnataka,Stone Chariot,15.3351333,76.4586529,cultural & heritage sites,South,heritage,"culture,forts,shopping,history",low,winter,4.8,60,"Stone Chariot is a heritage destination in karnataka known for culture,forts,shopping,history. It is ideal for history and culture lovers"
karnataka,Mathanga Hill,15.3316,76.4682,natural landscapes & wildlife,South,wildlife,"safari,photography,nature",low,winter,4.8,85,"Mathanga Hill is a wildlife destination in karnataka known for safari,photography,nature. It is ideal for history and cultural lover"
karnataka,Shree Vijaya Vitthala Temple,15.3316387,76.4682381,religious & spiritual pilgrimages,South,religious,"temple,spiritual,peace",low,all,4.8,69,"Shree Vijaya Vitthala Temple is a religious destination in karnataka known for temple,spiritual,peace. It is ideal for spiritual seekers"
karnataka,Group of monuments at Hampi,15.3423099,76.475235,cultural & heritage sites,South,heritage,"culture,forts,shopping,history",low,winter,4.7,97,"Group of monuments at Hampi is a heritage destination in karnataka known for culture,forts,shopping,history. It is ideal for history and culture lovers"
karnataka,Lotus Mahal,15.3349769,76.4619233,cultural & heritage sites,South,heritage,"culture,forts,shopping,history",medium,winter,4.6,80,"Lotus Mahal is a heritage destination in karnataka known for culture,forts,shopping,history. It is ideal for history and culture lovers"
karnataka,Ajanadri Hills,15.3202851,76.4713243,adventure & outdoor activities,South,adventure,"trekking,rafting,paragliding",low,summer,4.7,63,"Ajanadri Hills is a adventure destination in karnataka known for trekking,rafting,paragliding. It is ideal for adventure lover"
karnataka,Raja's Seat garden,15.3548385,76.469264,sightseeing & exploration,South,city,"exploration,local experience",low,All,4.4,77,"Raja's Seat garden is a city destination in karnataka known for exploration,local experience. It is ideal for explorers and tourists"
karnataka,Nagarhole Tiger Reserve,12.4145674,75.7371014,natural landscapes & wildlife,South,wildlife,"safari,photography,nature",medium,winter,4.4,66,"Nagarhole Tiger Reserve is a wildlife destination in karnataka known for safari,photography,nature. It is ideal for history and cultural lover"
karnataka,Mallalli Falls,12.0734366,76.1510815,natural landscapes & wildlife,South,wildlife,"safari,photography,nature",low,winter,4.6,84,"Mallalli Falls is a wildlife destination in karnataka known for safari,photography,nature. It is ideal for history and cultural lover"
karnataka,Brahmagiri Wildlife Sanctuary,12.680643,75.723667,natural landscapes & wildlife,South,wildlife,"safari,photography,nature",low,winter,4.4,82,"Brahmagiri Wildlife Sanctuary is a wildlife destination in karnataka known for safari,photography,nature. It is ideal for history and cultural lover"
karnataka,Dubare Elephant camp and bathing spot,12.1726489,75.6440842,natural landscapes & wildlife,South,wildlife,"safari,photography,nature",low,winter,4.1,81,"Dubare Elephant camp and bathing spot is a wildlife destination in karnataka known for safari,photography,nature. It is ideal for history and cultural lover"
karnataka,Coorg river rafting Barapole,12.371192,75.9051197,adventure & outdoor activities,South,adventure,"trekking,rafting,paragliding",low,summer,4.1,69,"Coorg river rafting Barapole is a adventure destination in karnataka known for trekking,rafting,paragliding. It is ideal for adventure lover"
karnataka,Namdroling Monastery,12.3374942,75.8069082,religious & spiritual pilgrimages,South,religious,"temple,spiritual,peace",low,all,4.5,78,"Namdroling Monastery is a religious destination in karnataka known for temple,spiritual,peace. It is ideal for spiritual seekers"
karnataka,Iruppu Falls-Brahmagiri,12.430628,75.9669536,natural landscapes & wildlife,South,wildlife,"safari,photography,nature",low,winter,4.1,80,"Iruppu Falls-Brahmagiri is a wildlife destination in karnataka known for safari,photography,nature. It is ideal for history and cultural lover"
karnataka,Bhadra wildlife sanctuary,11.9661026,75.9833292,natural landscapes & wildlife,South,wildlife,"safari,photography,nature",medium,winter,4.4,66,"Bhadra wildlife sanctuary is a wildlife destination in karnataka known for safari,photography,nature. It is ideal for history and cultural lover"
karnataka,Shri Jagadguru Shankaracharya Peeta,13.6948738,75.635227,religious & spiritual pilgrimages,South,religious,"temple,spiritual,peace",low,all,4.8,68,"Shri Jagadguru Shankaracharya Peeta is a religious destination in karnataka known for temple,spiritual,peace. It is ideal for spiritual seekers"
karnataka, Shri Annapurneshwari Devi Temple,13.4167132,75.2521434,religious & spiritual pilgrimages,South,religious,"temple,spiritual,peace",low,all,4.8,70," Shri Annapurneshwari Devi Temple is a religious destination in karnataka known for temple,spiritual,peace. It is ideal for spiritual seekers"
karnataka,Sri Sharadamba Temple ,9.8121201,77.1747471,religious & spiritual pilgrimages,South,religious,"temple,spiritual,peace",low,all,4.8,90,"Sri Sharadamba Temple  is a religious destination in karnataka known for temple,spiritual,peace. It is ideal for spiritual seekers"
karnataka,Kallathigiri Falls,13.4161397,75.2512712,natural landscapes & wildlife,South,wildlife,"safari,photography,nature",low,winter,4.2,85,"Kallathigiri Falls is a wildlife destination in karnataka known for safari,photography,nature. It is ideal for history and cultural lover"
karnataka,Baba Budan Giri hills,13.5486112,75.7891482,natural landscapes & wildlife,South,wildlife,"safari,photography,nature",low,winter,4.5,95,"Baba Budan Giri hills is a wildlife destination in karnataka known for safari,photography,nature. It is ideal for history and cultural lover"
karnataka,Mullayanagiri Betta,13.422865,75.7703876,natural landscapes & wildlife,South,wildlife,"safari,photography,nature",low,winter,4.5,58,"Mullayanagiri Betta is a wildlife destination in karnataka known for safari,photography,nature. It is ideal for history and cultural lover"
karnataka,Sri Bhootanaatha Gudi,13.3908855,75.7213295,religious & spiritual pilgrimages,South,religious,"temple,spiritual,peace",low,all,4.7,98,"Sri Bhootanaatha Gudi is a religious destination in karnataka known for temple,spiritual,peace. It is ideal for spiritual seekers"
karnataka,Banashankari Devi Temple,15.9207886,75.6876704,religious & spiritual pilgrimages,South,religious,"temple,spiritual,peace",low,all,4.7,85,"Banashankari Devi Temple is a religious destination in karnataka known for temple,spiritual,peace. It is ideal for spiritual seekers"
karnataka,Badami Cave Temples,15.9183365,75.6839686,religious & spiritual pilgrimages,South,religious,"temple,spiritual,peace",low,all,4.6,63,"Badami Cave Temples is a religious destination in karnataka known for temple,spiritual,peace. It is ideal for spiritual seekers"
karnataka,Kadri Park,12.8889802,74.8562231,sightseeing & exploration,South,city,"exploration,local experience",low,All,4.3,89,"Kadri Park is a city destination in karnataka known for exploration,local experience. It is ideal for explorers and tourists"
karnataka,City Center mall,12.8713,74.8428,shopping & markets,South,city,"exploration,local experience",low,All,4.4,67,"City Center mall is a city destination in karnataka known for exploration,local experience. It is ideal for explorers and tourists"
karnataka,Kukke Shree Subrahmanya Temple,12.6636275,75.6158479,religious & spiritual pilgrimages,South,religious,"temple,spiritual,peace",low,all,4.6,64,"Kukke Shree Subrahmanya Temple is a religious destination in karnataka known for temple,spiritual,peace. It is ideal for spiritual seekers"
karnataka,Dharmasthala Temple,12.9503818,75.3804923,religious & spiritual pilgrimages,South,religious,"temple,spiritual,peace",low,all,4.8,79,"Dharmasthala Temple is a religious destination in karnataka known for temple,spiritual,peace. It is ideal for spiritual seekers"
karnataka,Pilikula Nisargadhama zoo,12.9272855,74.8991256,"natural landscapes & wildlife, sightseeing & exploration",South,wildlife,"safari,photography,nature",medium,winter,4.4,82,"Pilikula Nisargadhama zoo is a wildlife destination in karnataka known for safari,photography,nature. It is ideal for history and cultural lover"
karnataka,Panambur Beach,12.9530213,74.8011783,"natural landscapes & wildlife, sightseeing & exploration",South,wildlife,"safari,photography,nature",low,winter,4.5,70,"Panambur Beach is a wildlife destination in karnataka known for safari,photography,nature. It is ideal for history and cultural lover"
karnataka,Fort Bijapur,16.8299689,75.7363025,cultural & heritage sites,South,heritage,"culture,forts,shopping,history",medium,winter,4.3,86,"Fort Bijapur is a heritage destination in karnataka known for culture,forts,shopping,history. It is ideal for history and culture lovers"
karnataka,Jamiya Masjid,16.8222732,75.7287785,"cultural & heritage sites, religious & spiritual pilgrimages",South,heritage,"culture,forts,shopping,history",low,winter,4.2,88,"Jamiya Masjid is a heritage destination in karnataka known for culture,forts,shopping,history. It is ideal for history and culture lovers"
karnataka,Shivgiri Temple,16.817515,75.7563529,religious & spiritual pilgrimages,South,religious,"temple,spiritual,peace",low,all,4.5,53,"Shivgiri Temple is a religious destination in karnataka known for temple,spiritual,peace. It is ideal for spiritual seekers"
karnataka,Bara Kaman,16.8303151,75.7182706,cultural & heritage sites,South,heritage,"culture,forts,shopping,history",low,winter,4.2,50,"Bara Kaman is a heritage destination in karnataka known for culture,forts,shopping,history. It is ideal for history and culture lovers"
karnataka,Gol Gumbaz museum,16.8288232,75.735884,"cultural & heritage sites, arts, science & literature attractions",South,heritage,"culture,forts,shopping,history",low,winter,4.5,87,"Gol Gumbaz museum is a heritage destination in karnataka known for culture,forts,shopping,history. It is ideal for history and culture lovers"
karnataka,Gol Gumbaz,16.8302623,75.7361152,cultural & heritage sites,South,heritage,"culture,forts,shopping,history",low,winter,4.5,50,"Gol Gumbaz is a heritage destination in karnataka known for culture,forts,shopping,history. It is ideal for history and culture lovers"
maharashtra,Phoenix Marketcity Pune,18.562254,73.9166943,shopping & markets,West,city,"exploration,local experience",low,All,4.5,78,"Phoenix Marketcity Pune is a city destination in maharashtra known for exploration,local experience. It is ideal for explorers and tourists"
maharashtra,Chatushrungi Devi Temple,18.5393061,73.8290409,religious & spiritual pilgrimages,West,religious,"temple,spiritual,peace",low,all,4.6,87,"Chatushrungi Devi Temple is a religious destination in maharashtra known for temple,spiritual,peace. It is ideal for spiritual seekers"
maharashtra,Pune-Okayama Friendship Garden,18.4913813,73.8367603,sightseeing & exploration,West,city,"exploration,local experience",low,All,4.5,92,"Pune-Okayama Friendship Garden is a city destination in maharashtra known for exploration,local experience. It is ideal for explorers and tourists"
maharashtra,Raja Dinkar Kelkar Museum,18.5106855,73.8544307,"arts, science & literature attractions",West,city,"exploration,local experience",high,All,4.4,77,"Raja Dinkar Kelkar Museum is a city destination in maharashtra known for exploration,local experience. It is ideal for explorers and tourists"
maharashtra,Sinhagad Fort,18.366277,73.7558777,cultural & heritage sites,West,heritage,"culture,forts,shopping,history",low,winter,4.6,87,"Sinhagad Fort is a heritage destination in maharashtra known for culture,forts,shopping,history. It is ideal for history and culture lovers"
maharashtra,Rajiv Gandhi zoo,18.4524807,73.8607977,natural landscapes & wildlife,West,wildlife,"safari,photography,nature",low,winter,4.1,83,"Rajiv Gandhi zoo is a wildlife destination in maharashtra known for safari,photography,nature. It is ideal for history and cultural lover"
maharashtra, Dagadusheth Halwai Ganapati temple,18.5164297,73.8561329,religious & spiritual pilgrimages,West,religious,"temple,spiritual,peace",low,all,4.8,94," Dagadusheth Halwai Ganapati temple is a religious destination in maharashtra known for temple,spiritual,peace. It is ideal for spiritual seekers"
maharashtra,Shaniwar Wada,18.5194647,73.8553175,cultural & heritage sites,West,heritage,"culture,forts,shopping,history",medium,winter,4.4,68,"Shaniwar Wada is a heritage destination in maharashtra known for culture,forts,shopping,history. It is ideal for history and culture lovers"
maharashtra,Prozone Mall,11.0547682,76.9941106,shopping & markets,West,city,"exploration,local experience",low,All,4.3,54,"Prozone Mall is a city destination in maharashtra known for exploration,local experience. It is ideal for explorers and tourists"
maharashtra,Bibi ka Maqbara ,19.9006246,75.319353,cultural & heritage sites,West,heritage,"culture,forts,shopping,history",low,winter,4.2,80,"Bibi ka Maqbara  is a heritage destination in maharashtra known for culture,forts,shopping,history. It is ideal for history and culture lovers"
maharashtra,Ellora Caves,20.0267844,75.1770869,cultural & heritage sites,West,heritage,"culture,forts,shopping,history",low,winter,4.7,59,"Ellora Caves is a heritage destination in maharashtra known for culture,forts,shopping,history. It is ideal for history and culture lovers"
maharashtra,Daulatabad Fort,19.946133,75.221652,cultural & heritage sites,West,heritage,"culture,forts,shopping,history",low,winter,4.8,51,"Daulatabad Fort is a heritage destination in maharashtra known for culture,forts,shopping,history. It is ideal for history and culture lovers"
maharashtra,Ajanta Caves,20.5514444,75.7018913,cultural & heritage sites,West,heritage,"culture,forts,shopping,history",low,winter,4.6,80,"Ajanta Caves is a heritage destination in maharashtra known for culture,forts,shopping,history. It is ideal for history and culture lovers"
maharashtra,Trimbakeshwar Jyotirling Mandir,19.9322605,73.5307877,religious & spiritual pilgrimages,West,religious,"temple,spiritual,peace",low,all,4.6,57,"Trimbakeshwar Jyotirling Mandir is a religious destination in maharashtra known for temple,spiritual,peace. It is ideal for spiritual seekers"
maharashtra,Pandav Leni caves,19.9412114,73.748555,cultural & heritage sites,West,heritage,"culture,forts,shopping,history",low,winter,4.6,61,"Pandav Leni caves is a heritage destination in maharashtra known for culture,forts,shopping,history. It is ideal for history and culture lovers"
maharashtra,Water Sports in Alibaug,18.6583989,72.8773346,adventure & outdoor activities,West,adventure,"trekking,rafting,paragliding",low,summer,4.9,77,"Water Sports in Alibaug is a adventure destination in maharashtra known for trekking,rafting,paragliding. It is ideal for adventure lover"
maharashtra,Kolaba Fort,18.6342019,72.8644532,cultural & heritage sites,West,heritage,"culture,forts,shopping,history",low,winter,4.2,90,"Kolaba Fort is a heritage destination in maharashtra known for culture,forts,shopping,history. It is ideal for history and culture lovers"
maharashtra,Alibaug Beach,18.6391422,72.8720214,natural landscapes & wildlife,West,wildlife,"safari,photography,nature",low,winter,4.2,63,"Alibaug Beach is a wildlife destination in maharashtra known for safari,photography,nature. It is ideal for history and cultural lover"
maharashtra,Jaigad Fort,17.300493,73.221612,cultural & heritage sites,West,heritage,"culture,forts,shopping,history",low,winter,4.1,71,"Jaigad Fort is a heritage destination in maharashtra known for culture,forts,shopping,history. It is ideal for history and culture lovers"
maharashtra,Tilak Ali Museum,16.9952987,73.2904689,"arts, science & literature attractions",West,city,"exploration,local experience",low,All,4.6,85,"Tilak Ali Museum is a city destination in maharashtra known for exploration,local experience. It is ideal for explorers and tourists"
maharashtra,Ganapatipule Temple,17.1449566,73.2662143,religious & spiritual pilgrimages,West,religious,"temple,spiritual,peace",low,all,4.7,69,"Ganapatipule Temple is a religious destination in maharashtra known for temple,spiritual,peace. It is ideal for spiritual seekers"
maharashtra,Umred Karhandla Wildlife Sanctuary,20.8286613,79.5932651,natural landscapes & wildlife,West,wildlife,"safari,photography,nature",medium,winter,4.2,88,"Umred Karhandla Wildlife Sanctuary is a wildlife destination in maharashtra known for safari,photography,nature. It is ideal for history and cultural lover"
maharashtra,Tadoba Andhari Tiger Project,20.2717885,79.3875706,natural landscapes & wildlife,West,wildlife,"safari,photography,nature",low,winter,4.5,84,"Tadoba Andhari Tiger Project is a wildlife destination in maharashtra known for safari,photography,nature. It is ideal for history and cultural lover"
maharashtra,Khindsi Lake water sports,21.404032,79.3634517,adventure & outdoor activities,West,adventure,"trekking,rafting,paragliding",low,summer,4.0,62,"Khindsi Lake water sports is a adventure destination in maharashtra known for trekking,rafting,paragliding. It is ideal for adventure lover"
maharashtra,Khindsi Lake,21.404032,79.3634517,natural landscapes & wildlife,West,wildlife,"safari,photography,nature",low,winter,4.0,75,"Khindsi Lake is a wildlife destination in maharashtra known for safari,photography,nature. It is ideal for history and cultural lover"
maharashtra,Ambazari Lake & Garden,21.1292572,79.0489685,"natural landscapes & wildlife, sightseeing & exploration",West,wildlife,"safari,photography,nature",low,winter,4.0,85,"Ambazari Lake & Garden is a wildlife destination in maharashtra known for safari,photography,nature. It is ideal for history and cultural lover"
maharashtra,Raman Science Centre,21.1459008,79.0941262,"arts, science & literature attractions",West,city,"exploration,local experience",low,All,4.5,86,"Raman Science Centre is a city destination in maharashtra known for exploration,local experience. It is ideal for explorers and tourists"
maharashtra,Krazy Castle Aqua Park,21.1282952,79.0462212,adventure & outdoor activities,West,adventure,"trekking,rafting,paragliding",high,summer,4.0,66,"Krazy Castle Aqua Park is a adventure destination in maharashtra known for trekking,rafting,paragliding. It is ideal for adventure lover"
maharashtra,Deekshabhoomi,21.128056,79.066944,cultural & heritage sites,West,heritage,"culture,forts,shopping,history",low,winter,4.5,86,"Deekshabhoomi is a heritage destination in maharashtra known for culture,forts,shopping,history. It is ideal for history and culture lovers"
maharashtra,Chhatrapati Shahu Palace,16.7193627,74.231735,cultural & heritage sites,West,heritage,"culture,forts,shopping,history",low,winter,4.5,61,"Chhatrapati Shahu Palace is a heritage destination in maharashtra known for culture,forts,shopping,history. It is ideal for history and culture lovers"
maharashtra,Dajipur Wildlife Sanctuary,16.3837902,73.8633999,natural landscapes & wildlife,West,wildlife,"safari,photography,nature",medium,winter,4.4,90,"Dajipur Wildlife Sanctuary is a wildlife destination in maharashtra known for safari,photography,nature. It is ideal for history and cultural lover"
maharashtra,Shri Ambabai Temple,16.416,74.135999,religious & spiritual pilgrimages,West,religious,"temple,spiritual,peace",low,all,4.8,77,"Shri Ambabai Temple is a religious destination in maharashtra known for temple,spiritual,peace. It is ideal for spiritual seekers"
maharashtra,Della Adventure Park,18.7814023,73.38906,adventure & outdoor activities,West,adventure,"trekking,rafting,paragliding",luxury,summer,4.3,73,"Della Adventure Park is a adventure destination in maharashtra known for trekking,rafting,paragliding. It is ideal for adventure lover"
maharashtra,Karla Caves,18.7832762,73.4704426,cultural & heritage sites,West,heritage,"culture,forts,shopping,history",low,winter,4.4,91,"Karla Caves is a heritage destination in maharashtra known for culture,forts,shopping,history. It is ideal for history and culture lovers"
maharashtra,Imagicaa amusement park,18.7679396,73.2823206,adventure & outdoor activities,West,adventure,"trekking,rafting,paragliding",luxury,summer,4.4,56,"Imagicaa amusement park is a adventure destination in maharashtra known for trekking,rafting,paragliding. It is ideal for adventure lover"
maharashtra,Lions Point ,18.6999,73.3859,sightseeing & exploration,West,city,"exploration,local experience",low,All,4.4,65,"Lions Point  is a city destination in maharashtra known for exploration,local experience. It is ideal for explorers and tourists"
maharashtra,Ekvira Devi Temple,18.7832445,73.4702278,religious & spiritual pilgrimages,West,religious,"temple,spiritual,peace",low,all,4.7,73,"Ekvira Devi Temple is a religious destination in maharashtra known for temple,spiritual,peace. It is ideal for spiritual seekers"
maharashtra,Tarkarli Beach,16.0136864,73.4898334,natural landscapes & wildlife,West,wildlife,"safari,photography,nature",low,winter,4.6,76,"Tarkarli Beach is a wildlife destination in maharashtra known for safari,photography,nature. It is ideal for history and cultural lover"
maharashtra,Kaas Plateau,17.7208314,73.8237159,natural landscapes & wildlife,West,wildlife,"safari,photography,nature",high,winter,4.4,68,"Kaas Plateau is a wildlife destination in maharashtra known for safari,photography,nature. It is ideal for history and cultural lover"
maharashtra,Vasota Fort Jungle trekking and Camping,17.7338451,73.7590369,adventure & outdoor activities,West,adventure,"trekking,rafting,paragliding",luxury,summer,4.7,93,"Vasota Fort Jungle trekking and Camping is a adventure destination in maharashtra known for trekking,rafting,paragliding. It is ideal for adventure lover"
maharashtra,Lodwick Point,17.9394677,73.6347687,sightseeing & exploration,West,city,"exploration,local experience",low,All,4.4,50,"Lodwick Point is a city destination in maharashtra known for exploration,local experience. It is ideal for explorers and tourists"
maharashtra,Thoseghar Waterfall,17.5980965,73.8481534,natural landscapes & wildlife,West,wildlife,"safari,photography,nature",low,winter,4.5,73,"Thoseghar Waterfall is a wildlife destination in maharashtra known for safari,photography,nature. It is ideal for history and cultural lover"
maharashtra,Ajinkyatara Fort,17.6723432,73.9904721,cultural & heritage sites,West,heritage,"culture,forts,shopping,history",low,winter,4.5,71,"Ajinkyatara Fort is a heritage destination in maharashtra known for culture,forts,shopping,history. It is ideal for history and culture lovers"
maharashtra,Uttar Chidambaram Nataraj mandir,17.6852,74.0254,religious & spiritual pilgrimages,West,religious,"temple,spiritual,peace",low,all,4.6,85,"Uttar Chidambaram Nataraj mandir is a religious destination in maharashtra known for temple,spiritual,peace. It is ideal for spiritual seekers"
maharashtra,Sajjangad Fort,17.6485126,73.9157886,cultural & heritage sites,West,heritage,"culture,forts,shopping,history",low,winter,4.6,77,"Sajjangad Fort is a heritage destination in maharashtra known for culture,forts,shopping,history. It is ideal for history and culture lovers"
maharashtra,Pratapgad Fort,17.9372875,73.5783932,cultural & heritage sites,West,heritage,"culture,forts,shopping,history",low,winter,4.5,71,"Pratapgad Fort is a heritage destination in maharashtra known for culture,forts,shopping,history. It is ideal for history and culture lovers"
maharashtra,Echo Point,17.9786,73.6373,sightseeing & exploration,West,city,"exploration,local experience",low,All,4.4,66,"Echo Point is a city destination in maharashtra known for exploration,local experience. It is ideal for explorers and tourists"
maharashtra,Dodhani Waterfalls,18.988659,73.271179,natural landscapes & wildlife,West,wildlife,"safari,photography,nature",low,winter,4.6,74,"Dodhani Waterfalls is a wildlife destination in maharashtra known for safari,photography,nature. It is ideal for history and cultural lover"
maharashtra,Dodhani Waterfalls rappelling/trek,18.988659,73.271179,adventure & outdoor activities,West,adventure,"trekking,rafting,paragliding",luxury,summer,4.6,69,"Dodhani Waterfalls rappelling/trek is a adventure destination in maharashtra known for trekking,rafting,paragliding. It is ideal for adventure lover"
maharashtra,Chanderi Caves trek,19.0644,73.2452,adventure & outdoor activities,West,adventure,"trekking,rafting,paragliding",luxury,summer,4.5,56,"Chanderi Caves trek is a adventure destination in maharashtra known for trekking,rafting,paragliding. It is ideal for adventure lover"
maharashtra,Irshalgad Fort,18.9351142,73.23246,cultural & heritage sites,West,heritage,"culture,forts,shopping,history",medium,winter,4.6,95,"Irshalgad Fort is a heritage destination in maharashtra known for culture,forts,shopping,history. It is ideal for history and culture lovers"
maharashtra,Neral-Matheran Toy Train,19.0229668,73.3175272,sightseeing & exploration,West,city,"exploration,local experience",medium,All,4.5,84,"Neral-Matheran Toy Train is a city destination in maharashtra known for exploration,local experience. It is ideal for explorers and tourists"
maharashtra,Kalavantin Pinnacle fortress and trek,18.9827969,73.2198064,adventure & outdoor activities,West,adventure,"trekking,rafting,paragliding",medium,summer,4.7,99,"Kalavantin Pinnacle fortress and trek is a adventure destination in maharashtra known for trekking,rafting,paragliding. It is ideal for adventure lover"
maharashtra,Ambarnath Shiv Temple,19.1825167,73.1926023,religious & spiritual pilgrimages,West,religious,"temple,spiritual,peace",low,all,4.2,56,"Ambarnath Shiv Temple is a religious destination in maharashtra known for temple,spiritual,peace. It is ideal for spiritual seekers"
maharashtra,Ellora Caves,20.0267844,75.1770869,cultural & heritage sites,West,heritage,"culture,forts,shopping,history",low,winter,4.7,92,"Ellora Caves is a heritage destination in maharashtra known for culture,forts,shopping,history. It is ideal for history and culture lovers"
madhya pradesh,Khajuraho Group of Monuments,24.8318452,79.9198549,cultural & heritage sites,Unknown,heritage,"culture,forts,shopping,history",low,winter,4.7,56,"Khajuraho Group of Monuments is a heritage destination in madhya pradesh known for culture,forts,shopping,history. It is ideal for history and culture lovers"
madhya pradesh,Kamasutra temples,24.512485,79.567993,cultural & heritage sites,Unknown,heritage,"culture,forts,shopping,history",low,winter,5.0,78,"Kamasutra temples is a heritage destination in madhya pradesh known for culture,forts,shopping,history. It is ideal for history and culture lovers"
madhya pradesh,Raneh waterfall,24.8748466,80.0512626,natural landscapes & wildlife,Unknown,wildlife,"safari,photography,nature",low,winter,4.5,95,"Raneh waterfall is a wildlife destination in madhya pradesh known for safari,photography,nature. It is ideal for history and cultural lover"
madhya pradesh,Panna Tiger Reserve,24.5904659,79.9416518,natural landscapes & wildlife,Unknown,wildlife,"safari,photography,nature",luxury,winter,4.2,79,"Panna Tiger Reserve is a wildlife destination in madhya pradesh known for safari,photography,nature. It is ideal for history and cultural lover"
madhya pradesh,Sanchi Stupa,23.4873393,77.7418238,religious & spiritual pilgrimages,Unknown,religious,"temple,spiritual,peace",low,all,4.7,94,"Sanchi Stupa is a religious destination in madhya pradesh known for temple,spiritual,peace. It is ideal for spiritual seekers"
madhya pradesh,Bhimbetka rock shelters,22.9395461,77.6124331,cultural & heritage sites,Unknown,heritage,"culture,forts,shopping,history",low,winter,4.6,64,"Bhimbetka rock shelters is a heritage destination in madhya pradesh known for culture,forts,shopping,history. It is ideal for history and culture lovers"
madhya pradesh,Bhojeshwar Mahadev temple,23.1002597,77.5795329,religious & spiritual pilgrimages,Unknown,religious,"temple,spiritual,peace",low,all,4.7,68,"Bhojeshwar Mahadev temple is a religious destination in madhya pradesh known for temple,spiritual,peace. It is ideal for spiritual seekers"
madhya pradesh,Van Vihar National park,23.232214,77.3664318,natural landscapes & wildlife,Unknown,wildlife,"safari,photography,nature",low,winter,4.3,75,"Van Vihar National park is a wildlife destination in madhya pradesh known for safari,photography,nature. It is ideal for history and cultural lover"
madhya pradesh,DB City Mall,23.232698,77.4298564,shopping & markets,Unknown,city,"exploration,local experience",low,All,4.9,99,"DB City Mall is a city destination in madhya pradesh known for exploration,local experience. It is ideal for explorers and tourists"
madhya pradesh,Tribal museum,23.23468,23.145,"arts, science & literature attractions",Unknown,city,"exploration,local experience",low,All,4.7,53,"Tribal museum is a city destination in madhya pradesh known for exploration,local experience. It is ideal for explorers and tourists"
madhya pradesh,Chappan Dukan,22.7240232,75.8842574,shopping & markets,Unknown,city,"exploration,local experience",low,All,4.5,73,"Chappan Dukan is a city destination in madhya pradesh known for exploration,local experience. It is ideal for explorers and tourists"
madhya pradesh,Sarafa Bazar,22.7175144,75.852306,shopping & markets,Unknown,city,"exploration,local experience",low,All,4.5,88,"Sarafa Bazar is a city destination in madhya pradesh known for exploration,local experience. It is ideal for explorers and tourists"
madhya pradesh,Pipliyapala Regional Park,22.6771511,75.8564021,"adventure & outdoor activities, sightseeing & exploration",Unknown,adventure,"trekking,rafting,paragliding",low,summer,4.2,74,"Pipliyapala Regional Park is a adventure destination in madhya pradesh known for trekking,rafting,paragliding. It is ideal for adventure lover"
madhya pradesh,Khajrana Ganesh Mandir,22.731233,75.9081489,religious & spiritual pilgrimages,Unknown,religious,"temple,spiritual,peace",low,all,4.8,85,"Khajrana Ganesh Mandir is a religious destination in madhya pradesh known for temple,spiritual,peace. It is ideal for spiritual seekers"
madhya pradesh,TI Mall,22.7217,75.8786,shopping & markets,Unknown,city,"exploration,local experience",low,All,4.3,91,"TI Mall is a city destination in madhya pradesh known for exploration,local experience. It is ideal for explorers and tourists"
madhya pradesh,Phoenix Citadel,22.7462625,75.9353073,shopping & markets,Unknown,city,"exploration,local experience",low,All,4.5,97,"Phoenix Citadel is a city destination in madhya pradesh known for exploration,local experience. It is ideal for explorers and tourists"
madhya pradesh,Rajwada Palace,22.7184419,75.855067,cultural & heritage sites,Unknown,heritage,"culture,forts,shopping,history",low,winter,4.4,96,"Rajwada Palace is a heritage destination in madhya pradesh known for culture,forts,shopping,history. It is ideal for history and culture lovers"
madhya pradesh,Gwalior Fort,26.2313245,78.1694957,cultural & heritage sites,Unknown,heritage,"culture,forts,shopping,history",medium,winter,4.5,86,"Gwalior Fort is a heritage destination in madhya pradesh known for culture,forts,shopping,history. It is ideal for history and culture lovers"
madhya pradesh,Jai Vilas Palace,26.2042028,78.1684674,cultural & heritage sites,Unknown,heritage,"culture,forts,shopping,history",medium,winter,4.3,70,"Jai Vilas Palace is a heritage destination in madhya pradesh known for culture,forts,shopping,history. It is ideal for history and culture lovers"
madhya pradesh,Teli ka Mandir,26.2203984,78.1656988,"religious & spiritual pilgrimages, cultural & heritage sites",Unknown,religious,"temple,spiritual,peace",low,all,4.3,96,"Teli ka Mandir is a religious destination in madhya pradesh known for temple,spiritual,peace. It is ideal for spiritual seekers"
madhya pradesh,Sas Bahu Temple,24.7351945,73.7162806,"religious & spiritual pilgrimages, cultural & heritage sites",Unknown,religious,"temple,spiritual,peace",low,all,4.5,77,"Sas Bahu Temple is a religious destination in madhya pradesh known for temple,spiritual,peace. It is ideal for spiritual seekers"
madhya pradesh,Gopachal Parvat jain temple,26.214536,78.168605,"religious & spiritual pilgrimages, cultural & heritage sites",Unknown,religious,"temple,spiritual,peace",low,all,4.6,54,"Gopachal Parvat jain temple is a religious destination in madhya pradesh known for temple,spiritual,peace. It is ideal for spiritual seekers"
madhya pradesh,National Chambal Ghariyal Wildlife Sanctuary,26.7659469,78.6448794,natural landscapes & wildlife,Unknown,wildlife,"safari,photography,nature",luxury,winter,4.3,77,"National Chambal Ghariyal Wildlife Sanctuary is a wildlife destination in madhya pradesh known for safari,photography,nature. It is ideal for history and cultural lover"
madhya pradesh,Pagara Dam,26.2597748,77.8581672,sightseeing & exploration,Unknown,city,"exploration,local experience",low,All,3.9,50,"Pagara Dam is a city destination in madhya pradesh known for exploration,local experience. It is ideal for explorers and tourists"
madhya pradesh,Sarafa Bazar,22.7175144,75.852306,shopping & markets,Unknown,city,"exploration,local experience",low,All,4.0,50,"Sarafa Bazar is a city destination in madhya pradesh known for exploration,local experience. It is ideal for explorers and tourists"
madhya pradesh,Dindayal mall,26.2094362,78.16624,shopping & markets,Unknown,city,"exploration,local experience",low,All,4.1,83,"Dindayal mall is a city destination in madhya pradesh known for exploration,local experience. It is ideal for explorers and tourists"
madhya pradesh,Patankar bazaar,26.2024846,78.157517,shopping & markets,Unknown,city,"exploration,local experience",low,All,4.0,83,"Patankar bazaar is a city destination in madhya pradesh known for exploration,local experience. It is ideal for explorers and tourists"
madhya pradesh,Mahakaleshwar Jyotirlinga,23.182905,75.768291,"religious & spiritual pilgrimages, cultural & heritage sites",Unknown,religious,"temple,spiritual,peace",low,all,4.8,97,"Mahakaleshwar Jyotirlinga is a religious destination in madhya pradesh known for temple,spiritual,peace. It is ideal for spiritual seekers"
madhya pradesh,Kal Bhairava Temple,18.437535,73.6399395,religious & spiritual pilgrimages,Unknown,religious,"temple,spiritual,peace",low,all,4.7,77,"Kal Bhairava Temple is a religious destination in madhya pradesh known for temple,spiritual,peace. It is ideal for spiritual seekers"
madhya pradesh,Ram Ghat,23.1871,75.7644,sightseeing & exploration,Unknown,city,"exploration,local experience",low,All,4.6,92,"Ram Ghat is a city destination in madhya pradesh known for exploration,local experience. It is ideal for explorers and tourists"
madhya pradesh,ISKCON Temple Ujjain,23.1611713,75.7997229,religious & spiritual pilgrimages,Unknown,religious,"temple,spiritual,peace",low,all,4.7,64,"ISKCON Temple Ujjain is a religious destination in madhya pradesh known for temple,spiritual,peace. It is ideal for spiritual seekers"
madhya pradesh,Kaliadeh Palace,23.2490716,75.7779662,cultural & heritage sites,Unknown,heritage,"culture,forts,shopping,history",low,winter,4.0,90,"Kaliadeh Palace is a heritage destination in madhya pradesh known for culture,forts,shopping,history. It is ideal for history and culture lovers"
madhya pradesh,Rumi ka Mazaar,23.1793,75.784912,cultural & heritage sites,Unknown,heritage,"culture,forts,shopping,history",low,winter,5.0,63,"Rumi ka Mazaar is a heritage destination in madhya pradesh known for culture,forts,shopping,history. It is ideal for history and culture lovers"
madhya pradesh,Mahakal Lok,23.177785,75.7693919,sightseeing & exploration,Unknown,city,"exploration,local experience",low,All,4.8,96,"Mahakal Lok is a city destination in madhya pradesh known for exploration,local experience. It is ideal for explorers and tourists"
madhya pradesh,Harsiddhi Mata Temple,21.8397452,69.3690301,religious & spiritual pilgrimages,Unknown,religious,"temple,spiritual,peace",low,all,4.7,62,"Harsiddhi Mata Temple is a religious destination in madhya pradesh known for temple,spiritual,peace. It is ideal for spiritual seekers"
madhya pradesh,Dhuandhar Falls,23.1262738,79.8075411,natural landscapes & wildlife,Unknown,wildlife,"safari,photography,nature",low,winter,4.5,60,"Dhuandhar Falls is a wildlife destination in madhya pradesh known for safari,photography,nature. It is ideal for history and cultural lover"
madhya pradesh,Marble rocks at Bedhaghat,23.1299297,79.795454,natural landscapes & wildlife,Unknown,wildlife,"safari,photography,nature",low,winter,4.5,86,"Marble rocks at Bedhaghat is a wildlife destination in madhya pradesh known for safari,photography,nature. It is ideal for history and cultural lover"
madhya pradesh,Narmada aarti,22.3335261,77.12592748,religious & spiritual pilgrimages,Unknown,religious,"temple,spiritual,peace",low,all,4.5,88,"Narmada aarti is a religious destination in madhya pradesh known for temple,spiritual,peace. It is ideal for spiritual seekers"
madhya pradesh,Balancing Rock formations,23.855,79.544,natural landscapes & wildlife,Unknown,wildlife,"safari,photography,nature",medium,winter,4.3,85,"Balancing Rock formations is a wildlife destination in madhya pradesh known for safari,photography,nature. It is ideal for history and cultural lover"
madhya pradesh,Rani Durgavati fort,23.1483266,79.9016574,natural landscapes & wildlife,Unknown,wildlife,"safari,photography,nature",low,winter,4.2,74,"Rani Durgavati fort is a wildlife destination in madhya pradesh known for safari,photography,nature. It is ideal for history and cultural lover"
madhya pradesh,Chausath Yogini temple,26.4368173,78.2352216,religious & spiritual pilgrimages,Unknown,religious,"temple,spiritual,peace",low,all,4.6,94,"Chausath Yogini temple is a religious destination in madhya pradesh known for temple,spiritual,peace. It is ideal for spiritual seekers"
madhya pradesh,Dumna Nature Reserve Park,23.16949,80.012698,natural landscapes & wildlife,Unknown,wildlife,"safari,photography,nature",low,winter,4.1,78,"Dumna Nature Reserve Park is a wildlife destination in madhya pradesh known for safari,photography,nature. It is ideal for history and cultural lover"
madhya pradesh,Madan Mahal Fort,23.1484693,79.9016654,cultural & heritage sites,Unknown,heritage,"culture,forts,shopping,history",low,winter,4.2,62,"Madan Mahal Fort is a heritage destination in madhya pradesh known for culture,forts,shopping,history. It is ideal for history and culture lovers"
madhya pradesh,South Avenue malls,23.124094,79.927194,shopping & markets,Unknown,city,"exploration,local experience",low,All,4.1,91,"South Avenue malls is a city destination in madhya pradesh known for exploration,local experience. It is ideal for explorers and tourists"
madhya pradesh,Sadar bazaar,28.6585105,77.2127305,shopping & markets,Unknown,city,"exploration,local experience",low,All,4.0,62,"Sadar bazaar is a city destination in madhya pradesh known for exploration,local experience. It is ideal for explorers and tourists"
madhya pradesh,Kanha National Park,22.2994956,80.5864278,natural landscapes & wildlife,Unknown,wildlife,"safari,photography,nature",medium,winter,4.5,63,"Kanha National Park is a wildlife destination in madhya pradesh known for safari,photography,nature. It is ideal for history and cultural lover"
himachal pradesh,Mall road,31.1035,77.1702,shopping & markets,North,city,"exploration,local experience",low,All,4.7,61,"Mall road is a city destination in himachal pradesh known for exploration,local experience. It is ideal for explorers and tourists"
himachal pradesh,Annandale  view,31.1116129,77.1593012,sightseeing & exploration,North,city,"exploration,local experience",low,All,3.8,66,"Annandale  view is a city destination in himachal pradesh known for exploration,local experience. It is ideal for explorers and tourists"
himachal pradesh,Chadwick falls,31.1196351,77.1389365,natural landscapes & wildlife,North,wildlife,"safari,photography,nature",low,winter,3.6,92,"Chadwick falls is a wildlife destination in himachal pradesh known for safari,photography,nature. It is ideal for history and cultural lover"
himachal pradesh,Himalayan bird park,31.102875,77.147654,natural landscapes & wildlife,North,wildlife,"safari,photography,nature",low,winter,3.9,89,"Himalayan bird park is a wildlife destination in himachal pradesh known for safari,photography,nature. It is ideal for history and cultural lover"
himachal pradesh,Naldhera and Shaily peak,31.1811641,77.1858995,natural landscapes & wildlife,North,wildlife,"safari,photography,nature",low,winter,4.5,92,"Naldhera and Shaily peak is a wildlife destination in himachal pradesh known for safari,photography,nature. It is ideal for history and cultural lover"
himachal pradesh,Kufri Fun World,31.0941261,77.278049,adventure & outdoor activities,North,adventure,"trekking,rafting,paragliding",low,summer,3.8,84,"Kufri Fun World is a adventure destination in himachal pradesh known for trekking,rafting,paragliding. It is ideal for adventure lover"
himachal pradesh,Scandal point,31.1052,77.1724,sightseeing & exploration,North,city,"exploration,local experience",low,All,4.5,66,"Scandal point is a city destination in himachal pradesh known for exploration,local experience. It is ideal for explorers and tourists"
himachal pradesh,Kalka-Shimla Toy train,30.518,76.5615,sightseeing & exploration,North,city,"exploration,local experience",high,All,4.5,97,"Kalka-Shimla Toy train is a city destination in himachal pradesh known for exploration,local experience. It is ideal for explorers and tourists"
himachal pradesh,Lakkar bazaar,31.1058233,77.1787114,shopping & markets,North,city,"exploration,local experience",low,All,4.0,61,"Lakkar bazaar is a city destination in himachal pradesh known for exploration,local experience. It is ideal for explorers and tourists"
himachal pradesh,Rafting at Tattapani,31.2487896,77.0895421,adventure & outdoor activities,North,adventure,"trekking,rafting,paragliding",luxury,summer,4.1,89,"Rafting at Tattapani is a adventure destination in himachal pradesh known for trekking,rafting,paragliding. It is ideal for adventure lover"
himachal pradesh,Kuthar Fort,30.9730901,76.9671865,cultural & heritage sites,North,heritage,"culture,forts,shopping,history",low,winter,4.3,63,"Kuthar Fort is a heritage destination in himachal pradesh known for culture,forts,shopping,history. It is ideal for history and culture lovers"
himachal pradesh,Tara Devi Temple,31.046256,77.1342842,religious & spiritual pilgrimages,North,religious,"temple,spiritual,peace",low,all,4.8,85,"Tara Devi Temple is a religious destination in himachal pradesh known for temple,spiritual,peace. It is ideal for spiritual seekers"
himachal pradesh,Christ Church,31.0614,77.1034,cultural & heritage sites,North,heritage,"culture,forts,shopping,history",low,winter,4.6,87,"Christ Church is a heritage destination in himachal pradesh known for culture,forts,shopping,history. It is ideal for history and culture lovers"
himachal pradesh,Jakhoo hill ,31.1013414,77.1835041,natural landscapes & wildlife,North,wildlife,"safari,photography,nature",low,winter,4.6,65,"Jakhoo hill  is a wildlife destination in himachal pradesh known for safari,photography,nature. It is ideal for history and cultural lover"
himachal pradesh,Solang Valley,32.316,77.157,natural landscapes & wildlife,North,wildlife,"safari,photography,nature",low,winter,4.1,74,"Solang Valley is a wildlife destination in himachal pradesh known for safari,photography,nature. It is ideal for history and cultural lover"
himachal pradesh,Hidimba Devi Temple,32.2483526,77.1815727,religious & spiritual pilgrimages,North,religious,"temple,spiritual,peace",low,all,4.6,88,"Hidimba Devi Temple is a religious destination in himachal pradesh known for temple,spiritual,peace. It is ideal for spiritual seekers"
himachal pradesh,Beas kund,32.3664466,77.0854956,natural landscapes & wildlife,North,wildlife,"safari,photography,nature",low,winter,4.6,89,"Beas kund is a wildlife destination in himachal pradesh known for safari,photography,nature. It is ideal for history and cultural lover"
himachal pradesh,Vashisht baths,32.2810061,77.2290193,adventure & outdoor activities,North,adventure,"trekking,rafting,paragliding",low,summer,4.0,70,"Vashisht baths is a adventure destination in himachal pradesh known for trekking,rafting,paragliding. It is ideal for adventure lover"
himachal pradesh,Rohtang Pass,32.3716426,77.2466221,adventure & outdoor activities,North,adventure,"trekking,rafting,paragliding",low,summer,4.5,76,"Rohtang Pass is a adventure destination in himachal pradesh known for trekking,rafting,paragliding. It is ideal for adventure lover"
himachal pradesh,Gulaba viewpoint,32.3179031,77.1893396,sightseeing & exploration,North,city,"exploration,local experience",low,All,4.5,65,"Gulaba viewpoint is a city destination in himachal pradesh known for exploration,local experience. It is ideal for explorers and tourists"
himachal pradesh,Panch Pulla Waterfall,32.5288,75.9908,natural landscapes & wildlife,North,wildlife,"safari,photography,nature",low,winter,3.9,80,"Panch Pulla Waterfall is a wildlife destination in himachal pradesh known for safari,photography,nature. It is ideal for history and cultural lover"
himachal pradesh,Boat riding in Chamera lake,32.6199739,76.00774,adventure & outdoor activities,North,adventure,"trekking,rafting,paragliding",high,summer,4.4,86,"Boat riding in Chamera lake is a adventure destination in himachal pradesh known for trekking,rafting,paragliding. It is ideal for adventure lover"
himachal pradesh,Kalatop Wildlife sanctuary,32.5529086,76.0174406,natural landscapes & wildlife,North,wildlife,"safari,photography,nature",medium,winter,4.6,95,"Kalatop Wildlife sanctuary is a wildlife destination in himachal pradesh known for safari,photography,nature. It is ideal for history and cultural lover"
himachal pradesh,Shop at Tibetan Handicrafts market,32.5364,75.9767,shopping & markets,North,city,"exploration,local experience",low,All,3.8,64,"Shop at Tibetan Handicrafts market is a city destination in himachal pradesh known for exploration,local experience. It is ideal for explorers and tourists"
himachal pradesh,Subhash Baoli spring,32.5402571,75.9844002,religious & spiritual pilgrimages,North,religious,"temple,spiritual,peace",low,all,3.3,97,"Subhash Baoli spring is a religious destination in himachal pradesh known for temple,spiritual,peace. It is ideal for spiritual seekers"
himachal pradesh,Trek to Dainkund Peak,32.5196627,76.0353738,adventure & outdoor activities,North,adventure,"trekking,rafting,paragliding",luxury,summer,4.8,75,"Trek to Dainkund Peak is a adventure destination in himachal pradesh known for trekking,rafting,paragliding. It is ideal for adventure lover"
himachal pradesh,Trek to Ganji Pahari,32.5164533,75.9935243,adventure & outdoor activities,North,adventure,"trekking,rafting,paragliding",luxury,summer,4.0,88,"Trek to Ganji Pahari is a adventure destination in himachal pradesh known for trekking,rafting,paragliding. It is ideal for adventure lover"
himachal pradesh,Dalai Lama Temple,32.2315734,76.3237994,religious & spiritual pilgrimages,North,religious,"temple,spiritual,peace",low,all,4.7,97,"Dalai Lama Temple is a religious destination in himachal pradesh known for temple,spiritual,peace. It is ideal for spiritual seekers"
himachal pradesh,Khajjiar Lake,32.546218,76.0580811,natural landscapes & wildlife,North,wildlife,"safari,photography,nature",low,winter,4.5,96,"Khajjiar Lake is a wildlife destination in himachal pradesh known for safari,photography,nature. It is ideal for history and cultural lover"
himachal pradesh,Hot springs at Manikaran,32.0267951,77.3511063,adventure & outdoor activities,North,adventure,"trekking,rafting,paragliding",low,summer,4.7,50,"Hot springs at Manikaran is a adventure destination in himachal pradesh known for trekking,rafting,paragliding. It is ideal for adventure lover"
himachal pradesh,Vaishno Devi Temple,31.9834,77.1262,religious & spiritual pilgrimages,North,religious,"temple,spiritual,peace",low,all,4.6,59,"Vaishno Devi Temple is a religious destination in himachal pradesh known for temple,spiritual,peace. It is ideal for spiritual seekers"
himachal pradesh,Hamta Pass,32.2703698,77.3465824,adventure & outdoor activities,North,adventure,"trekking,rafting,paragliding",low,summer,4.5,94,"Hamta Pass is a adventure destination in himachal pradesh known for trekking,rafting,paragliding. It is ideal for adventure lover"
himachal pradesh,Tirthan valley,31.6263301,77.4221267,natural landscapes & wildlife,North,wildlife,"safari,photography,nature",low,winter,4.7,58,"Tirthan valley is a wildlife destination in himachal pradesh known for safari,photography,nature. It is ideal for history and cultural lover"
himachal pradesh,Chandrakhani Pass,32.0695132,77.2407744,adventure & outdoor activities,North,adventure,"trekking,rafting,paragliding",low,summer,4.3,91,"Chandrakhani Pass is a adventure destination in himachal pradesh known for trekking,rafting,paragliding. It is ideal for adventure lover"
himachal pradesh,Lama Dugh Hike,32.2489026,77.1750129,adventure & outdoor activities,North,adventure,"trekking,rafting,paragliding",luxury,summer,4.7,99,"Lama Dugh Hike is a adventure destination in himachal pradesh known for trekking,rafting,paragliding. It is ideal for adventure lover"
himachal pradesh,Cycling from Manu Temple,32.257042,77.1760523,adventure & outdoor activities,North,adventure,"trekking,rafting,paragliding",low,summer,4.6,88,"Cycling from Manu Temple is a adventure destination in himachal pradesh known for trekking,rafting,paragliding. It is ideal for adventure lover"
himachal pradesh,Rafting in river Beas,31.75917566,76.09238692,adventure & outdoor activities,North,adventure,"trekking,rafting,paragliding",high,summer,4.5,82,"Rafting in river Beas is a adventure destination in himachal pradesh known for trekking,rafting,paragliding. It is ideal for adventure lover"
himachal pradesh,Paragliding in Kullu hills,31.959205,77.1089377,adventure & outdoor activities,North,adventure,"trekking,rafting,paragliding",luxury,summer,4.7,51,"Paragliding in Kullu hills is a adventure destination in himachal pradesh known for trekking,rafting,paragliding. It is ideal for adventure lover"
himachal pradesh,Great Himalayan National Park,31.7985414,77.5160134,natural landscapes & wildlife,North,wildlife,"safari,photography,nature",medium,winter,4.5,54,"Great Himalayan National Park is a wildlife destination in himachal pradesh known for safari,photography,nature. It is ideal for history and cultural lover"
uttarakhand,Naini Lake,29.3868622,79.459841,natural landscapes & wildlife,North,wildlife,"safari,photography,nature",low,winter,4.2,66,"Naini Lake is a wildlife destination in uttarakhand known for safari,photography,nature. It is ideal for history and cultural lover"
uttarakhand,Sunrise at Tiffin top,29.3836288,79.4505608,natural landscapes & wildlife,North,wildlife,"safari,photography,nature",low,winter,4.5,54,"Sunrise at Tiffin top is a wildlife destination in uttarakhand known for safari,photography,nature. It is ideal for history and cultural lover"
uttarakhand,Shop at Tibetan  market,29.3893,79.4539,shopping & markets,North,city,"exploration,local experience",low,All,4.2,62,"Shop at Tibetan  market is a city destination in uttarakhand known for exploration,local experience. It is ideal for explorers and tourists"
uttarakhand,Corbett National Park,29.5521551,78.8832107,natural landscapes & wildlife,North,wildlife,"safari,photography,nature",luxury,winter,4.4,97,"Corbett National Park is a wildlife destination in uttarakhand known for safari,photography,nature. It is ideal for history and cultural lover"
uttarakhand,Cave garden,29.39215,79.44534,natural landscapes & wildlife,North,wildlife,"safari,photography,nature",medium,winter,4.3,89,"Cave garden is a wildlife destination in uttarakhand known for safari,photography,nature. It is ideal for history and cultural lover"
uttarakhand,Nainital zoo,29.3807621,79.4686432,natural landscapes & wildlife,North,wildlife,"safari,photography,nature",medium,winter,4.3,63,"Nainital zoo is a wildlife destination in uttarakhand known for safari,photography,nature. It is ideal for history and cultural lover"
uttarakhand,Shop at Mall road,29.387912,79.42225,shopping & markets,North,city,"exploration,local experience",low,All,4.5,67,"Shop at Mall road is a city destination in uttarakhand known for exploration,local experience. It is ideal for explorers and tourists"
uttarakhand,Naina Devi temple,31.3064166,76.5358173,religious & spiritual pilgrimages,North,religious,"temple,spiritual,peace",low,all,4.6,59,"Naina Devi temple is a religious destination in uttarakhand known for temple,spiritual,peace. It is ideal for spiritual seekers"
uttarakhand,Pangot and Kilbury bird sanctuary,29.4183001,79.4465006,natural landscapes & wildlife,North,wildlife,"safari,photography,nature",low,winter,4.2,97,"Pangot and Kilbury bird sanctuary is a wildlife destination in uttarakhand known for safari,photography,nature. It is ideal for history and cultural lover"
uttarakhand,Raj Bhawan Royal Palace,29.3742,79.4571,cultural & heritage sites,North,heritage,"culture,forts,shopping,history",high,winter,4.6,86,"Raj Bhawan Royal Palace is a heritage destination in uttarakhand known for culture,forts,shopping,history. It is ideal for history and culture lovers"
uttarakhand,Cheena peak,29.4082133,79.4376161,adventure & outdoor activities,North,adventure,"trekking,rafting,paragliding",low,summer,4.7,93,"Cheena peak is a adventure destination in uttarakhand known for trekking,rafting,paragliding. It is ideal for adventure lover"
uttarakhand,Nainital ropeway,29.3925989,79.4551239,adventure & outdoor activities,North,adventure,"trekking,rafting,paragliding",medium,summer,4.7,61,"Nainital ropeway is a adventure destination in uttarakhand known for trekking,rafting,paragliding. It is ideal for adventure lover"
uttarakhand,Laxman Jhula,30.1259072,78.3308815,"adventure & outdoor activities, sightseeing & exploration",North,adventure,"trekking,rafting,paragliding",low,summer,4.4,72,"Laxman Jhula is a adventure destination in uttarakhand known for trekking,rafting,paragliding. It is ideal for adventure lover"
uttarakhand,Triveni Ghat,30.1038807,78.2990999,religious & spiritual pilgrimages,North,religious,"temple,spiritual,peace",low,all,4.3,83,"Triveni Ghat is a religious destination in uttarakhand known for temple,spiritual,peace. It is ideal for spiritual seekers"
uttarakhand,Vashishta Gufa,30.1142698,78.4320327,religious & spiritual pilgrimages,North,religious,"temple,spiritual,peace",low,all,4.2,55,"Vashishta Gufa is a religious destination in uttarakhand known for temple,spiritual,peace. It is ideal for spiritual seekers"
uttarakhand,Kunjapuri Devi Temple and camps,30.1142698,78.4320327,religious & spiritual pilgrimages,North,religious,"temple,spiritual,peace",low,all,4.9,74,"Kunjapuri Devi Temple and camps is a religious destination in uttarakhand known for temple,spiritual,peace. It is ideal for spiritual seekers"
uttarakhand,Neer Garh waterfall,30.1409843,78.3453658,natural landscapes & wildlife,North,wildlife,"safari,photography,nature",low,winter,4.4,50,"Neer Garh waterfall is a wildlife destination in uttarakhand known for safari,photography,nature. It is ideal for history and cultural lover"
uttarakhand,Beatles Ashram,30.1127675,78.3121592,"arts, science & literature attractions",North,city,"exploration,local experience",low,All,4.4,68,"Beatles Ashram is a city destination in uttarakhand known for exploration,local experience. It is ideal for explorers and tourists"
uttarakhand,Giant swing or zip lining,30.1127675,78.3121592,adventure & outdoor activities,North,adventure,"trekking,rafting,paragliding",luxury,summer,4.8,93,"Giant swing or zip lining is a adventure destination in uttarakhand known for trekking,rafting,paragliding. It is ideal for adventure lover"
uttarakhand,Camp on banks of Ganges,27.40364009,83.00912405,adventure & outdoor activities,North,adventure,"trekking,rafting,paragliding",low,summer,4.7,85,"Camp on banks of Ganges is a adventure destination in uttarakhand known for trekking,rafting,paragliding. It is ideal for adventure lover"
uttarakhand,Ram Jhula,30.1237975,78.3141327,religious & spiritual pilgrimages,North,religious,"temple,spiritual,peace",low,all,4.6,69,"Ram Jhula is a religious destination in uttarakhand known for temple,spiritual,peace. It is ideal for spiritual seekers"
uttarakhand,Neelkantha Mahadeva Temple,30.081059,78.340565,religious & spiritual pilgrimages,North,religious,"temple,spiritual,peace",low,all,4.5,81,"Neelkantha Mahadeva Temple is a religious destination in uttarakhand known for temple,spiritual,peace. It is ideal for spiritual seekers"
uttarakhand,Bharat Mandir,20.593684,78.96288,"religious & spiritual pilgrimages, cultural & heritage sites",North,religious,"temple,spiritual,peace",low,all,3.8,79,"Bharat Mandir is a religious destination in uttarakhand known for temple,spiritual,peace. It is ideal for spiritual seekers"
uttarakhand,Kunjapuri Devi,30.10271,78.185053,religious & spiritual pilgrimages,North,religious,"temple,spiritual,peace",low,all,5.0,54,"Kunjapuri Devi is a religious destination in uttarakhand known for temple,spiritual,peace. It is ideal for spiritual seekers"
uttarakhand,Bhootnath Temple,30.1166,78.3181,"religious & spiritual pilgrimages, cultural & heritage sites",North,religious,"temple,spiritual,peace",low,all,4.5,80,"Bhootnath Temple is a religious destination in uttarakhand known for temple,spiritual,peace. It is ideal for spiritual seekers"
uttarakhand,Devprayag Sightseeing ,30.1459471,78.5992925,sightseeing & exploration,North,city,"exploration,local experience",low,All,4.1,99,"Devprayag Sightseeing  is a city destination in uttarakhand known for exploration,local experience. It is ideal for explorers and tourists"
uttarakhand, dip in Bramhakund,29.957,78.1711,religious & spiritual pilgrimages,North,religious,"temple,spiritual,peace",low,all,4.8,75," dip in Bramhakund is a religious destination in uttarakhand known for temple,spiritual,peace. It is ideal for spiritual seekers"
uttarakhand,Ganga arti at Har-ki-Pauri ghat,29.9573607,78.1749687,"religious & spiritual pilgrimages, sightseeing & exploration",North,religious,"temple,spiritual,peace",low,all,4.6,88,"Ganga arti at Har-ki-Pauri ghat is a religious destination in uttarakhand known for temple,spiritual,peace. It is ideal for spiritual seekers"
uttarakhand,Neel Dhara Pakshi Vihar,29.96,78.16,natural landscapes & wildlife,North,wildlife,"safari,photography,nature",low,winter,4.0,72,"Neel Dhara Pakshi Vihar is a wildlife destination in uttarakhand known for safari,photography,nature. It is ideal for history and cultural lover"
uttarakhand,Rajaji National Park ,30.01542,78.1523984,natural landscapes & wildlife,North,wildlife,"safari,photography,nature",medium,winter,4.3,74,"Rajaji National Park  is a wildlife destination in uttarakhand known for safari,photography,nature. It is ideal for history and cultural lover"
uttarakhand,Moti Bazar,33.6136521,73.0590799,shopping & markets,North,city,"exploration,local experience",low,All,4.3,53,"Moti Bazar is a city destination in uttarakhand known for exploration,local experience. It is ideal for explorers and tourists"
uttarakhand,Jwalapur Bazar ,29.9267729,78.1071057,shopping & markets,North,city,"exploration,local experience",low,All,4.1,60,"Jwalapur Bazar  is a city destination in uttarakhand known for exploration,local experience. It is ideal for explorers and tourists"
uttarakhand,Bara Bazar ,22.5817406,88.3543972,shopping & markets,North,city,"exploration,local experience",low,All,4.5,64,"Bara Bazar  is a city destination in uttarakhand known for exploration,local experience. It is ideal for explorers and tourists"
uttarakhand, Kankhal Bazar,29.9270808,78.1437257,shopping & markets,North,city,"exploration,local experience",low,All,3.8,71," Kankhal Bazar is a city destination in uttarakhand known for exploration,local experience. It is ideal for explorers and tourists"
uttarakhand,Har Ki Pauri,29.9573607,78.1749687,"religious & spiritual pilgrimages, sightseeing & exploration",North,religious,"temple,spiritual,peace",low,all,4.5,74,"Har Ki Pauri is a religious destination in uttarakhand known for temple,spiritual,peace. It is ideal for spiritual seekers"
uttarakhand,Tungnath Chandrashila trekk,30.4862688,79.2212453,adventure & outdoor activities,North,adventure,"trekking,rafting,paragliding",high,summer,4.2,55,"Tungnath Chandrashila trekk is a adventure destination in uttarakhand known for trekking,rafting,paragliding. It is ideal for adventure lover"
uttarakhand,Chandi Devi Temple,29.9337646,78.1805466,religious & spiritual pilgrimages,North,religious,"temple,spiritual,peace",low,all,4.4,81,"Chandi Devi Temple is a religious destination in uttarakhand known for temple,spiritual,peace. It is ideal for spiritual seekers"
uttarakhand,Malsi Deer park,30.3883325,78.0756051,natural landscapes & wildlife,North,wildlife,"safari,photography,nature",low,winter,4.3,89,"Malsi Deer park is a wildlife destination in uttarakhand known for safari,photography,nature. It is ideal for history and cultural lover"
uttarakhand,Shiv Mandir,30.408,78.0867,religious & spiritual pilgrimages,North,religious,"temple,spiritual,peace",low,all,4.5,59,"Shiv Mandir is a religious destination in uttarakhand known for temple,spiritual,peace. It is ideal for spiritual seekers"
uttarakhand,Mindrolling monastery,30.2615418,77.99771,cultural & heritage,North,heritage,"culture,forts,shopping,history",low,winter,4.3,87,"Mindrolling monastery is a heritage destination in uttarakhand known for culture,forts,shopping,history. It is ideal for history and culture lovers"
uttarakhand,Nag Tibba trek,30.5861111,78.1513889,adventure & outdoor,North,adventure,"trekking,rafting,paragliding",luxury,summer,4.8,56,"Nag Tibba trek is a adventure destination in uttarakhand known for trekking,rafting,paragliding. It is ideal for adventure lover"
uttarakhand,Mall road,30.20117924,78.236708,shopping & markets,North,city,"exploration,local experience",low,All,4.7,73,"Mall road is a city destination in uttarakhand known for exploration,local experience. It is ideal for explorers and tourists"
uttarakhand,Lakshman jhila bridge,30.1263798,78.3300576,sightseeing & exploration,North,city,"exploration,local experience",low,All,4.0,50,"Lakshman jhila bridge is a city destination in uttarakhand known for exploration,local experience. It is ideal for explorers and tourists"
uttarakhand,Rajaji National Park ,30.01542,78.1523984,natural landscapes & wildlife,North,wildlife,"safari,photography,nature",low,winter,4.6,56,"Rajaji National Park  is a wildlife destination in uttarakhand known for safari,photography,nature. It is ideal for history and cultural lover"
uttarakhand,Santala Devi temple,30.3717801,78.0163764,religious & spiritual pilgrimages,North,religious,"temple,spiritual,peace",low,all,3.8,71,"Santala Devi temple is a religious destination in uttarakhand known for temple,spiritual,peace. It is ideal for spiritual seekers"
uttarakhand,Indira market,30.325,78.0436,shopping & markets,North,city,"exploration,local experience",low,All,4.7,87,"Indira market is a city destination in uttarakhand known for exploration,local experience. It is ideal for explorers and tourists"
uttarakhand,Pacific mall,43.8263024,79.3062592,shopping & markets,North,city,"exploration,local experience",low,All,4.9,89,"Pacific mall is a city destination in uttarakhand known for exploration,local experience. It is ideal for explorers and tourists"
uttarakhand,Paltan Bazaar ,26.1792286,91.7532732,shopping & markets,North,city,"exploration,local experience",low,All,3.7,76,"Paltan Bazaar  is a city destination in uttarakhand known for exploration,local experience. It is ideal for explorers and tourists"
uttarakhand,Lachhiwala nature park,30.1991577,78.1261028,natural landscapes & wildlife,North,wildlife,"safari,photography,nature",low,winter,4.2,80,"Lachhiwala nature park is a wildlife destination in uttarakhand known for safari,photography,nature. It is ideal for history and cultural lover"
uttarakhand,Fun n Food Kingdom ,30.348544,77.959572,adventure & outdoor activities,North,adventure,"trekking,rafting,paragliding",luxury,summer,4.3,55,"Fun n Food Kingdom  is a adventure destination in uttarakhand known for trekking,rafting,paragliding. It is ideal for adventure lover"
uttarakhand,Robber's Cave,30.3754,78.0598,adventure & outdoor activities,North,adventure,"trekking,rafting,paragliding",low,summer,4.5,69,"Robber's Cave is a adventure destination in uttarakhand known for trekking,rafting,paragliding. It is ideal for adventure lover"
uttarakhand,Kempty Falls,30.4878,78.0367,natural landscapes & wildlife,North,wildlife,"safari,photography,nature",low,winter,4.2,74,"Kempty Falls is a wildlife destination in uttarakhand known for safari,photography,nature. It is ideal for history and cultural lover"
uttarakhand,Camel's back road,30.4603685,78.0728065,sightseeing & exploration,North,city,"exploration,local experience",low,All,4.6,77,"Camel's back road is a city destination in uttarakhand known for exploration,local experience. It is ideal for explorers and tourists"
uttarakhand,Jabarkhet nature reserve,30.4542004,78.1160948,natural landscapes & wildlife,North,wildlife,"safari,photography,nature",low,winter,4.3,67,"Jabarkhet nature reserve is a wildlife destination in uttarakhand known for safari,photography,nature. It is ideal for history and cultural lover"
uttarakhand,Bhadraj Temple trek,30.4792968,77.9536697,religious & spiritual pilgrimages,North,religious,"temple,spiritual,peace",low,all,4.7,71,"Bhadraj Temple trek is a religious destination in uttarakhand known for temple,spiritual,peace. It is ideal for spiritual seekers"
uttarakhand,Har ki dun trek,31.1505598,78.4290807,adventure & outdoor activities,North,adventure,"trekking,rafting,paragliding",luxury,summer,4.1,94,"Har ki dun trek is a adventure destination in uttarakhand known for trekking,rafting,paragliding. It is ideal for adventure lover"
uttarakhand,Dodital trek,30.8429257,78.4685557,adventure & outdoor activities,North,adventure,"trekking,rafting,paragliding",luxury,summer,4.2,88,"Dodital trek is a adventure destination in uttarakhand known for trekking,rafting,paragliding. It is ideal for adventure lover"
uttarakhand,Walking towards the Happy Valley from Library Head,30.4597892,78.0643723,sightseeing & exploration,North,city,"exploration,local experience",low,All,5.0,84,"Walking towards the Happy Valley from Library Head is a city destination in uttarakhand known for exploration,local experience. It is ideal for explorers and tourists"
uttarakhand,"Skywalk ,zipswings in Mussoorie",30.4597892,78.0643723,adventure & outdoor activities,North,adventure,"trekking,rafting,paragliding",low,summer,4.9,51,"Skywalk ,zipswings in Mussoorie is a adventure destination in uttarakhand known for trekking,rafting,paragliding. It is ideal for adventure lover"
uttarakhand,Disco Skating Rink,30.4565771,78.0803029,adventure & outdoor activities,North,adventure,"trekking,rafting,paragliding",medium,summer,3.6,60,"Disco Skating Rink is a adventure destination in uttarakhand known for trekking,rafting,paragliding. It is ideal for adventure lover"
uttarakhand,Library Bazaar,30.4602549,78.063945,shopping & markets,North,city,"exploration,local experience",low,All,3.9,74,"Library Bazaar is a city destination in uttarakhand known for exploration,local experience. It is ideal for explorers and tourists"
uttarakhand,Kulri Bazaar,30.4554364,78.0788535,shopping & markets,North,city,"exploration,local experience",low,All,3.8,89,"Kulri Bazaar is a city destination in uttarakhand known for exploration,local experience. It is ideal for explorers and tourists"
uttarakhand,Mall road,30.459821,78.0645353,shopping & markets,North,city,"exploration,local experience",low,All,4.7,58,"Mall road is a city destination in uttarakhand known for exploration,local experience. It is ideal for explorers and tourists"
uttarakhand,Mussoorie lake,30.4597892,78.0643723,natural landscapes & wildlife,North,wildlife,"safari,photography,nature",low,winter,4.8,78,"Mussoorie lake is a wildlife destination in uttarakhand known for safari,photography,nature. It is ideal for history and cultural lover"
uttarakhand,Classic Emporium,30.4556286,78.0783262,"shopping & markets, arts, science & literature attractions",North,city,"exploration,local experience",medium,All,4.6,84,"Classic Emporium is a city destination in uttarakhand known for exploration,local experience. It is ideal for explorers and tourists"
uttarakhand,Auli Gorson Trek,30.066753,79.0192997,adventure & outdoor activities,North,adventure,"trekking,rafting,paragliding",low,summer,4.4,85,"Auli Gorson Trek is a adventure destination in uttarakhand known for trekking,rafting,paragliding. It is ideal for adventure lover"
uttarakhand,Nanda Devi Biosphere Reserve,30.6587637,79.8386542,natural landscapes & wildlife,North,wildlife,"safari,photography,nature",medium,winter,4.4,84,"Nanda Devi Biosphere Reserve is a wildlife destination in uttarakhand known for safari,photography,nature. It is ideal for history and cultural lover"
uttarakhand,Chattrakund Lake ,30.066753,79.0192997,natural landscapes & wildlife,North,wildlife,"safari,photography,nature",low,winter,4.3,97,"Chattrakund Lake  is a wildlife destination in uttarakhand known for safari,photography,nature. It is ideal for history and cultural lover"
uttarakhand,Trishul Peak,30.3116666,79.7766666,natural landscapes & wildlife,North,wildlife,"safari,photography,nature",low,winter,4.4,69,"Trishul Peak is a wildlife destination in uttarakhand known for safari,photography,nature. It is ideal for history and cultural lover"
uttarakhand,Joshimath Market,30.5561089,79.5616759,shopping & markets,North,city,"exploration,local experience",low,All,3.8,54,"Joshimath Market is a city destination in uttarakhand known for exploration,local experience. It is ideal for explorers and tourists"
uttarakhand,Auli Ski Resort,30.5308872,79.5615124,adventure & outdoor activities,North,adventure,"trekking,rafting,paragliding",low,summer,4.5,76,"Auli Ski Resort is a adventure destination in uttarakhand known for trekking,rafting,paragliding. It is ideal for adventure lover"
uttarakhand,Bhalu dam,29.6204144,79.4775733,natural landscapes & wildlife,North,wildlife,"safari,photography,nature",low,winter,4.3,64,"Bhalu dam is a wildlife destination in uttarakhand known for safari,photography,nature. It is ideal for history and cultural lover"
uttarakhand,Jhula Devi temple,29.6181375,79.4440156,religious & spiritual pilgrimages,North,religious,"temple,spiritual,peace",low,all,4.2,91,"Jhula Devi temple is a religious destination in uttarakhand known for temple,spiritual,peace. It is ideal for spiritual seekers"
uttarakhand,Chaubatia Gardens,29.6197419,79.4610397,sightseeing & exploration,North,city,"exploration,local experience",medium,All,4.0,93,"Chaubatia Gardens is a city destination in uttarakhand known for exploration,local experience. It is ideal for explorers and tourists"
uttarakhand,Joshimath Market,30.5561089,79.5616759,shopping & markets,North,city,"exploration,local experience",low,All,4.8,90,"Joshimath Market is a city destination in uttarakhand known for exploration,local experience. It is ideal for explorers and tourists"
uttarakhand,Sadar bazaar,28.6585105,77.2127305,shopping & markets,North,city,"exploration,local experience",low,All,4.4,57,"Sadar bazaar is a city destination in uttarakhand known for exploration,local experience. It is ideal for explorers and tourists"
uttarakhand,Binsar Mahadev Mandir,30.0166279,79.1620873,religious & spiritual pilgrimages,North,religious,"temple,spiritual,peace",low,all,4.0,81,"Binsar Mahadev Mandir is a religious destination in uttarakhand known for temple,spiritual,peace. It is ideal for spiritual seekers"
uttarakhand,Rani Jheel,29.6397889,79.4301009,natural landscapes & wildlife,North,wildlife,"safari,photography,nature",low,winter,3.8,51,"Rani Jheel is a wildlife destination in uttarakhand known for safari,photography,nature. It is ideal for history and cultural lover"
uttarakhand,Gangotri Temple,30.9944091,78.9411825,religious & spiritual pilgrimages,North,religious,"temple,spiritual,peace",low,all,4.8,74,"Gangotri Temple is a religious destination in uttarakhand known for temple,spiritual,peace. It is ideal for spiritual seekers"
uttarakhand,Yamunotri,31.0139859,78.4599555,religious & spiritual pilgrimages,North,religious,"temple,spiritual,peace",low,all,4.2,94,"Yamunotri is a religious destination in uttarakhand known for temple,spiritual,peace. It is ideal for spiritual seekers"
uttarakhand,Kedar Tal,30.9098968,78.9581673,adventure & outdoor activities,North,adventure,"trekking,rafting,paragliding",low,summer,4.6,70,"Kedar Tal is a adventure destination in uttarakhand known for trekking,rafting,paragliding. It is ideal for adventure lover"
uttarakhand,Harsil,31.0383069,78.7377016,natural landscapes & wildlife,North,wildlife,"safari,photography,nature",low,winter,4.2,51,"Harsil is a wildlife destination in uttarakhand known for safari,photography,nature. It is ideal for history and cultural lover"
uttarakhand,Jalmanga Shivling,30.876944,79.065556,religious & spiritual pilgrimages,North,religious,"temple,spiritual,peace",low,all,4.7,88,"Jalmanga Shivling is a religious destination in uttarakhand known for temple,spiritual,peace. It is ideal for spiritual seekers"
uttarakhand,Vishwanath temple,30.7288877,78.4413948,religious & spiritual pilgrimages,North,religious,"temple,spiritual,peace",low,all,4.7,80,"Vishwanath temple is a religious destination in uttarakhand known for temple,spiritual,peace. It is ideal for spiritual seekers"
uttarakhand,Gaumukh glacier,30.8712743,79.1015736,natural landscapes & wildlife,North,wildlife,"safari,photography,nature",low,winter,4.6,88,"Gaumukh glacier is a wildlife destination in uttarakhand known for safari,photography,nature. It is ideal for history and cultural lover"
uttarakhand,Nachiketa lake,30.6447151,78.4708143,natural landscapes & wildlife,North,wildlife,"safari,photography,nature",low,winter,4.4,56,"Nachiketa lake is a wildlife destination in uttarakhand known for safari,photography,nature. It is ideal for history and cultural lover"
uttarakhand,Nehru Institute of Mountaineering,30.7213645,78.4330598,adventure & outdoor activities,North,adventure,"trekking,rafting,paragliding",medium,summer,4.7,58,"Nehru Institute of Mountaineering is a adventure destination in uttarakhand known for trekking,rafting,paragliding. It is ideal for adventure lover"
uttarakhand,Dayara Bugyal  trekking and camping,30.7311363,78.4438565,adventure & outdoor activities,North,adventure,"trekking,rafting,paragliding",low,summer,4.8,93,"Dayara Bugyal  trekking and camping is a adventure destination in uttarakhand known for trekking,rafting,paragliding. It is ideal for adventure lover"
uttarakhand,Shakti temple,30.7289819,78.4416864,religious & spiritual pilgrimages,North,religious,"temple,spiritual,peace",low,all,5.0,58,"Shakti temple is a religious destination in uttarakhand known for temple,spiritual,peace. It is ideal for spiritual seekers"
uttarakhand,Dodital lake,30.8980456,78.5249391,"natural landscapes & wildlife, adventure & outdoor activities",North,wildlife,"safari,photography,nature",low,winter,4.6,63,"Dodital lake is a wildlife destination in uttarakhand known for safari,photography,nature. It is ideal for history and cultural lover"
uttarakhand,Maneri dam,30.739167,78.528611,sightseeing & exploration,North,city,"exploration,local experience",low,All,4.8,84,"Maneri dam is a city destination in uttarakhand known for exploration,local experience. It is ideal for explorers and tourists"
uttar pradesh,Taj Mahal,27.1751448,78.0421422,cultural & heritage sites,Unknown,heritage,"culture,forts,shopping,history",medium,winter,4.4,77,"Taj Mahal is a heritage destination in uttar pradesh known for culture,forts,shopping,history. It is ideal for history and culture lovers"
uttar pradesh,Agra fort,27.1795328,78.021112,cultural & heritage sites,Unknown,heritage,"culture,forts,shopping,history",medium,winter,4.3,85,"Agra fort is a heritage destination in uttar pradesh known for culture,forts,shopping,history. It is ideal for history and culture lovers"
uttar pradesh,Fatehpur Sikri,27.0945291,77.6679292,cultural & heritage sites,Unknown,heritage,"culture,forts,shopping,history",low,winter,4.6,73,"Fatehpur Sikri is a heritage destination in uttar pradesh known for culture,forts,shopping,history. It is ideal for history and culture lovers"
uttar pradesh,Jahangir Mahal,27.1777367,78.0231589,cultural & heritage sites,Unknown,heritage,"culture,forts,shopping,history",medium,winter,4.5,73,"Jahangir Mahal is a heritage destination in uttar pradesh known for culture,forts,shopping,history. It is ideal for history and culture lovers"
uttar pradesh,Jama Masjid,28.6506792,77.2334421,religious & spiritual pilgrimages,Unknown,religious,"temple,spiritual,peace",low,all,4.8,74,"Jama Masjid is a religious destination in uttar pradesh known for temple,spiritual,peace. It is ideal for spiritual seekers"
uttar pradesh,Humayun's Mosque,27.1824852,78.0393755,religious & spiritual pilgrimages,Unknown,religious,"temple,spiritual,peace",low,all,4.8,62,"Humayun's Mosque is a religious destination in uttar pradesh known for temple,spiritual,peace. It is ideal for spiritual seekers"
uttar pradesh,Kinari bazar,28.6549795,77.2308333,shopping & markets,Unknown,city,"exploration,local experience",low,All,4.4,54,"Kinari bazar is a city destination in uttar pradesh known for exploration,local experience. It is ideal for explorers and tourists"
uttar pradesh,Sadar bazaar,28.6585105,77.2127305,shopping & markets,Unknown,city,"exploration,local experience",low,All,4.7,83,"Sadar bazaar is a city destination in uttar pradesh known for exploration,local experience. It is ideal for explorers and tourists"
uttar pradesh,Shah market,27.2044073,78.0053732,shopping & markets,Unknown,city,"exploration,local experience",low,All,4.6,53,"Shah market is a city destination in uttar pradesh known for exploration,local experience. It is ideal for explorers and tourists"
uttar pradesh,TDI mall,28.6508395,77.1206205,shopping & markets,Unknown,city,"exploration,local experience",low,All,4.5,81,"TDI mall is a city destination in uttar pradesh known for exploration,local experience. It is ideal for explorers and tourists"
uttar pradesh,Subhash bazzar,28.9764772,77.7063965,shopping & markets,Unknown,city,"exploration,local experience",low,All,4.8,93,"Subhash bazzar is a city destination in uttar pradesh known for exploration,local experience. It is ideal for explorers and tourists"
uttar pradesh,Sheesh Mahal,31.5899396,74.3131807,cultural & heritage sites,Unknown,heritage,"culture,forts,shopping,history",low,winter,4.0,78,"Sheesh Mahal is a heritage destination in uttar pradesh known for culture,forts,shopping,history. It is ideal for history and culture lovers"
uttar pradesh,Kashi Vishwanath Temple,25.3108532,83.0106783,religious & spiritual pilgrimages,Unknown,religious,"temple,spiritual,peace",low,all,4.7,86,"Kashi Vishwanath Temple is a religious destination in uttar pradesh known for temple,spiritual,peace. It is ideal for spiritual seekers"
uttar pradesh,Ramnagar Fort,25.2695094,83.0250876,cultural & heritage sites,Unknown,heritage,"culture,forts,shopping,history",low,winter,4.1,81,"Ramnagar Fort is a heritage destination in uttar pradesh known for culture,forts,shopping,history. It is ideal for history and culture lovers"
uttar pradesh,Dashashwamedh Ghat ,25.3061863,83.0102857,religious & spiritual pilgrimages,Unknown,religious,"temple,spiritual,peace",low,all,4.4,77,"Dashashwamedh Ghat  is a religious destination in uttar pradesh known for temple,spiritual,peace. It is ideal for spiritual seekers"
uttar pradesh,Sunset Boat Ride on the Ganges,27.40364009,83.00912405,sightseeing & exploration,Unknown,city,"exploration,local experience",low,All,4.2,98,"Sunset Boat Ride on the Ganges is a city destination in uttar pradesh known for exploration,local experience. It is ideal for explorers and tourists"
uttar pradesh,Sarnath pilgrim spot,25.3715564,83.0252136,religious & spiritual pilgrimages,Unknown,religious,"temple,spiritual,peace",low,all,4.0,90,"Sarnath pilgrim spot is a religious destination in uttar pradesh known for temple,spiritual,peace. It is ideal for spiritual seekers"
uttar pradesh,Puran Das Road,25.3176452,82.9739144,sightseeing & exploration,Unknown,city,"exploration,local experience",low,All,4.6,78,"Puran Das Road is a city destination in uttar pradesh known for exploration,local experience. It is ideal for explorers and tourists"
uttar pradesh,Gol Ganj,25.3176452,82.9739144,cultural & heritage sites,Unknown,heritage,"culture,forts,shopping,history",low,winter,4.3,97,"Gol Ganj is a heritage destination in uttar pradesh known for culture,forts,shopping,history. It is ideal for history and culture lovers"
uttar pradesh,Mandir Gali,25.3141329,83.0119239,cultural & heritage sites,Unknown,heritage,"culture,forts,shopping,history",low,winter,4.4,62,"Mandir Gali is a heritage destination in uttar pradesh known for culture,forts,shopping,history. It is ideal for history and culture lovers"
uttar pradesh,Assi Ghat,25.2886478,83.0067619,religious & spiritual pilgrimages,Unknown,religious,"temple,spiritual,peace",low,all,4.3,85,"Assi Ghat is a religious destination in uttar pradesh known for temple,spiritual,peace. It is ideal for spiritual seekers"
uttar pradesh,Godowlia market,25.3100747,83.0096485,shopping & markets,Unknown,city,"exploration,local experience",low,All,4.5,82,"Godowlia market is a city destination in uttar pradesh known for exploration,local experience. It is ideal for explorers and tourists"
uttar pradesh,The Banarasi Silk Emporium,25.315424,82.9975498,shopping & markets,Unknown,city,"exploration,local experience",low,All,4.7,99,"The Banarasi Silk Emporium is a city destination in uttar pradesh known for exploration,local experience. It is ideal for explorers and tourists"
uttar pradesh,Bara Imambara,26.8685168,80.9127127,cultural & heritage sites,Unknown,heritage,"culture,forts,shopping,history",medium,winter,4.4,72,"Bara Imambara is a heritage destination in uttar pradesh known for culture,forts,shopping,history. It is ideal for history and culture lovers"
uttar pradesh,Chhota Imambara,26.8742913,80.9046688,cultural & heritage sites,Unknown,heritage,"culture,forts,shopping,history",low,winter,4.8,69,"Chhota Imambara is a heritage destination in uttar pradesh known for culture,forts,shopping,history. It is ideal for history and culture lovers"
uttar pradesh,Hazratganj market,26.8541536,80.9447827,shopping & markets,Unknown,city,"exploration,local experience",low,All,4.9,55,"Hazratganj market is a city destination in uttar pradesh known for exploration,local experience. It is ideal for explorers and tourists"
uttar pradesh,British Residency,26.8606372,80.9267863,cultural & heritage sites,Unknown,heritage,"culture,forts,shopping,history",low,winter,4.5,99,"British Residency is a heritage destination in uttar pradesh known for culture,forts,shopping,history. It is ideal for history and culture lovers"
uttar pradesh,Marine Drive,18.9432111,72.8229983,sightseeing & exploration,Unknown,city,"exploration,local experience",low,All,4.3,50,"Marine Drive is a city destination in uttar pradesh known for exploration,local experience. It is ideal for explorers and tourists"
uttar pradesh,Chowk market,26.8658585,80.9112496,shopping & markets,Unknown,city,"exploration,local experience",low,All,4.3,75,"Chowk market is a city destination in uttar pradesh known for exploration,local experience. It is ideal for explorers and tourists"
uttar pradesh,Phoenix United mall,26.798631,80.8969707,shopping & markets,Unknown,city,"exploration,local experience",low,All,4.3,63,"Phoenix United mall is a city destination in uttar pradesh known for exploration,local experience. It is ideal for explorers and tourists"
uttar pradesh,Kusum Sarovar,27.511932,77.4786939,natural landscapes & wildlife,Unknown,wildlife,"safari,photography,nature",low,winter,4.4,66,"Kusum Sarovar is a wildlife destination in uttar pradesh known for safari,photography,nature. It is ideal for history and cultural lover"
uttar pradesh,Govardhan hills trekking,27.473,77.444,adventure & outdoor activities,Unknown,adventure,"trekking,rafting,paragliding",low,summer,4.7,69,"Govardhan hills trekking is a adventure destination in uttar pradesh known for trekking,rafting,paragliding. It is ideal for adventure lover"
uttar pradesh," Dwarkadhish Temple,",22.2371082,68.9676255,"religious & spiritual pilgrimages, cultural & heritage sites",Unknown,religious,"temple,spiritual,peace",low,all,4.8,89," Dwarkadhish Temple, is a religious destination in uttar pradesh known for temple,spiritual,peace. It is ideal for spiritual seekers"
uttar pradesh,Vishram ghat,27.5025614,77.6890687,"religious & spiritual pilgrimages, natural landscapes & wildlife",Unknown,religious,"temple,spiritual,peace",low,all,4.3,81,"Vishram ghat is a religious destination in uttar pradesh known for temple,spiritual,peace. It is ideal for spiritual seekers"
uttar pradesh,Tilak Dwar market,27.4990503,77.6847491,shopping & markets,Unknown,city,"exploration,local experience",low,All,4.5,91,"Tilak Dwar market is a city destination in uttar pradesh known for exploration,local experience. It is ideal for explorers and tourists"
uttar pradesh,Krishna Nagar market,28.6509821,77.286333,shopping & markets,Unknown,city,"exploration,local experience",low,All,4.3,53,"Krishna Nagar market is a city destination in uttar pradesh known for exploration,local experience. It is ideal for explorers and tourists"
uttar pradesh,Krishna Janmabhoomi temple,27.5048884,77.66978,"religious & spiritual pilgrimages, cultural & heritage sites",Unknown,religious,"temple,spiritual,peace",low,all,4.7,95,"Krishna Janmabhoomi temple is a religious destination in uttar pradesh known for temple,spiritual,peace. It is ideal for spiritual seekers"
uttar pradesh,Sita ki rasoi,26.7921605,82.1997954,religious & spiritual pilgrimages,Unknown,religious,"temple,spiritual,peace",high,all,4.0,63,"Sita ki rasoi is a religious destination in uttar pradesh known for temple,spiritual,peace. It is ideal for spiritual seekers"
uttar pradesh,Treta-ke-Thakur,26.7921605,82.1997954,religious & spiritual pilgrimages,Unknown,religious,"temple,spiritual,peace",medium,all,4.6,70,"Treta-ke-Thakur is a religious destination in uttar pradesh known for temple,spiritual,peace. It is ideal for spiritual seekers"
uttar pradesh,Gulab bari,26.7798857,82.1575316,natural landscapes & wildlife,Unknown,wildlife,"safari,photography,nature",low,winter,4.3,73,"Gulab bari is a wildlife destination in uttar pradesh known for safari,photography,nature. It is ideal for history and cultural lover"
uttar pradesh, Kanak Bhawan ,26.7980174,82.1992155,religious & spiritual pilgrimages,Unknown,religious,"temple,spiritual,peace",low,all,4.5,63," Kanak Bhawan  is a religious destination in uttar pradesh known for temple,spiritual,peace. It is ideal for spiritual seekers"
uttar pradesh, Nageshwarnath Temple,26.808995,82.2056474,religious & spiritual pilgrimages,Unknown,religious,"temple,spiritual,peace",low,all,4.7,58," Nageshwarnath Temple is a religious destination in uttar pradesh known for temple,spiritual,peace. It is ideal for spiritual seekers"
uttar pradesh,Hanuman Garhi,26.7952876,82.2016429,religious & spiritual pilgrimages,Unknown,religious,"temple,spiritual,peace",low,all,4.5,66,"Hanuman Garhi is a religious destination in uttar pradesh known for temple,spiritual,peace. It is ideal for spiritual seekers"
uttar pradesh,Ram Janmabhoomi,26.795688,82.194431,"religious & spiritual pilgrimages, cultural & heritage sites",Unknown,religious,"temple,spiritual,peace",low,all,4.8,58,"Ram Janmabhoomi is a religious destination in uttar pradesh known for temple,spiritual,peace. It is ideal for spiritual seekers"
uttar pradesh,Govind Devji Temple,26.9288341,75.8240701,religious & spiritual pilgrimages,Unknown,religious,"temple,spiritual,peace",low,all,4.9,97,"Govind Devji Temple is a religious destination in uttar pradesh known for temple,spiritual,peace. It is ideal for spiritual seekers"
uttar pradesh,Nidhivan,27.5842125,77.6979595,natural landscapes & wildlife,Unknown,wildlife,"safari,photography,nature",low,winter,4.7,50,"Nidhivan is a wildlife destination in uttar pradesh known for safari,photography,nature. It is ideal for history and cultural lover"
uttar pradesh,Prem Mandir ,27.5718524,77.6720096,religious & spiritual pilgrimages,Unknown,religious,"temple,spiritual,peace",low,all,4.6,55,"Prem Mandir  is a religious destination in uttar pradesh known for temple,spiritual,peace. It is ideal for spiritual seekers"
uttar pradesh,ISKCON temple.,27.5621036,77.6324313,religious & spiritual pilgrimages,Unknown,religious,"temple,spiritual,peace",low,all,4.3,68,"ISKCON temple. is a religious destination in uttar pradesh known for temple,spiritual,peace. It is ideal for spiritual seekers"
uttar pradesh,Banke Bihari Temple,27.580148,77.7010816,religious & spiritual pilgrimages,Unknown,religious,"temple,spiritual,peace",low,all,4.8,64,"Banke Bihari Temple is a religious destination in uttar pradesh known for temple,spiritual,peace. It is ideal for spiritual seekers"
uttar pradesh,Triveni Sangam,25.4232879,81.8896873,"natural landscapes & wildlife, religious & spiritual pilgrimages",Unknown,wildlife,"safari,photography,nature",low,winter,4.5,89,"Triveni Sangam is a wildlife destination in uttar pradesh known for safari,photography,nature. It is ideal for history and cultural lover"
uttar pradesh,Khusro Bagh,25.4422713,81.8210388,natural landscapes & wildlife,Unknown,wildlife,"safari,photography,nature",low,winter,4.6,97,"Khusro Bagh is a wildlife destination in uttar pradesh known for safari,photography,nature. It is ideal for history and cultural lover"
uttar pradesh,Anand Bhawan,25.4605342,81.8598312,"arts, science & literature attractions",Unknown,city,"exploration,local experience",low,All,4.6,89,"Anand Bhawan is a city destination in uttar pradesh known for exploration,local experience. It is ideal for explorers and tourists"
uttar pradesh,Allahabad museum,25.4568486,81.8489522,"arts, science & literature attractions",Unknown,city,"exploration,local experience",low,All,4.4,96,"Allahabad museum is a city destination in uttar pradesh known for exploration,local experience. It is ideal for explorers and tourists"
uttar pradesh,Allahabad Fort ,25.4295339,81.8768401,cultural & heritage sites,Unknown,heritage,"culture,forts,shopping,history",low,winter,4.7,93,"Allahabad Fort  is a heritage destination in uttar pradesh known for culture,forts,shopping,history. It is ideal for history and culture lovers"
uttar pradesh,Allahabad Pillar,25.431335,81.8750618,cultural & heritage sites,Unknown,heritage,"culture,forts,shopping,history",low,winter,4.7,63,"Allahabad Pillar is a heritage destination in uttar pradesh known for culture,forts,shopping,history. It is ideal for history and culture lovers"
uttar pradesh,New Yamuna Bridge,27.1152336,78.3686219,sightseeing & exploration,Unknown,city,"exploration,local experience",low,All,3.6,80,"New Yamuna Bridge is a city destination in uttar pradesh known for exploration,local experience. It is ideal for explorers and tourists"
uttar pradesh,All Saints Cathedral,25.27432,81.493504,religious & spiritual pilgrimages,Unknown,religious,"temple,spiritual,peace",low,all,4.0,68,"All Saints Cathedral is a religious destination in uttar pradesh known for temple,spiritual,peace. It is ideal for spiritual seekers"
uttar pradesh, Katra Shopping area,25.46962455,81.85626501,shopping & markets,Unknown,city,"exploration,local experience",low,All,4.6,82," Katra Shopping area is a city destination in uttar pradesh known for exploration,local experience. It is ideal for explorers and tourists"
uttar pradesh,Chowk market,25.4365576,81.8342194,shopping & markets,Unknown,city,"exploration,local experience",low,All,4.2,72,"Chowk market is a city destination in uttar pradesh known for exploration,local experience. It is ideal for explorers and tourists"
uttar pradesh,Civil Lines shopping area,25.4529334,81.8348882,shopping & markets,Unknown,city,"exploration,local experience",low,All,4.2,79,"Civil Lines shopping area is a city destination in uttar pradesh known for exploration,local experience. It is ideal for explorers and tourists"
uttar pradesh,Ganga Ghat and baandh wale Hanuman ji,25.4290451,81.8850269,religious & spiritual pilgrimages,Unknown,religious,"temple,spiritual,peace",low,all,4.3,83,"Ganga Ghat and baandh wale Hanuman ji is a religious destination in uttar pradesh known for temple,spiritual,peace. It is ideal for spiritual seekers"
uttar pradesh,Brahmaputra Market ,28.5698995,77.3328421,shopping & markets,Unknown,city,"exploration,local experience",low,All,4.7,69,"Brahmaputra Market  is a city destination in uttar pradesh known for exploration,local experience. It is ideal for explorers and tourists"
uttar pradesh,Grand Venice Mall,28.4525346,77.5263114,shopping & markets,Unknown,city,"exploration,local experience",low,All,4.8,60,"Grand Venice Mall is a city destination in uttar pradesh known for exploration,local experience. It is ideal for explorers and tourists"
uttar pradesh,Stupa 18 Art Gallery,28.5403868,77.3678857,"arts, science & literature attractions",Unknown,city,"exploration,local experience",low,All,4.6,63,"Stupa 18 Art Gallery is a city destination in uttar pradesh known for exploration,local experience. It is ideal for explorers and tourists"
uttar pradesh,Botanical Gardens of Noida,28.5355161,77.3910265,natural landscapes & wildlife,Unknown,wildlife,"safari,photography,nature",medium,winter,4.2,72,"Botanical Gardens of Noida is a wildlife destination in uttar pradesh known for safari,photography,nature. It is ideal for history and cultural lover"
uttar pradesh,DLF Mall of India,28.5673409,77.3211303,shopping & markets,Unknown,city,"exploration,local experience",low,All,4.8,55,"DLF Mall of India is a city destination in uttar pradesh known for exploration,local experience. It is ideal for explorers and tourists"
uttar pradesh,Rashtriya Dalit Prerna Sthal and Green Garden,28.5678724,77.3113144,cultural & heritage sites,Unknown,heritage,"culture,forts,shopping,history",low,winter,4.2,74,"Rashtriya Dalit Prerna Sthal and Green Garden is a heritage destination in uttar pradesh known for culture,forts,shopping,history. It is ideal for history and culture lovers"
uttar pradesh,Snow World ,28.5670716,77.321134,adventure & outdoor activities,Unknown,adventure,"trekking,rafting,paragliding",luxury,summer,4.4,90,"Snow World  is a adventure destination in uttar pradesh known for trekking,rafting,paragliding. It is ideal for adventure lover"
uttar pradesh,KidZania,28.5647843,77.3220308,adventure & outdoor activities,Unknown,adventure,"trekking,rafting,paragliding",luxury,summer,4.6,65,"KidZania is a adventure destination in uttar pradesh known for trekking,rafting,paragliding. It is ideal for adventure lover"
uttar pradesh,ISKON temple,28.5891805,77.3532039,religious & spiritual pilgrimages,Unknown,religious,"temple,spiritual,peace",low,all,4.5,96,"ISKON temple is a religious destination in uttar pradesh known for temple,spiritual,peace. It is ideal for spiritual seekers"
uttar pradesh,Okhla Bird Sanctuary,28.5593695,77.309886,natural landscapes & wildlife,Unknown,wildlife,"safari,photography,nature",low,winter,4.3,55,"Okhla Bird Sanctuary is a wildlife destination in uttar pradesh known for safari,photography,nature. It is ideal for history and cultural lover"
uttar pradesh,Aligarh Fort,27.9305608,78.0630535,cultural & heritage sites,Unknown,heritage,"culture,forts,shopping,history",low,winter,4.1,62,"Aligarh Fort is a heritage destination in uttar pradesh known for culture,forts,shopping,history. It is ideal for history and culture lovers"
uttar pradesh,Aligarh's clock tower,27.8955566,78.0739677,cultural & heritage sites,Unknown,heritage,"culture,forts,shopping,history",low,winter,4.2,99,"Aligarh's clock tower is a heritage destination in uttar pradesh known for culture,forts,shopping,history. It is ideal for history and culture lovers"
uttar pradesh,Chacha Nehru Gyan Pushp museum,27.9112617,78.0673061,cultural & heritage sites,Unknown,heritage,"culture,forts,shopping,history",medium,winter,3.6,88,"Chacha Nehru Gyan Pushp museum is a heritage destination in uttar pradesh known for culture,forts,shopping,history. It is ideal for history and culture lovers"
uttar pradesh,Rajmangal Publishers ,27.9088506,78.1070889,"arts, science & literature attractions",Unknown,city,"exploration,local experience",low,All,4.6,84,"Rajmangal Publishers  is a city destination in uttar pradesh known for exploration,local experience. It is ideal for explorers and tourists"
uttar pradesh,Maulana Azad Library,27.9119918,78.0751391,"cultural & heritage sites, arts, science & literature attractions",Unknown,heritage,"culture,forts,shopping,history",low,winter,4.7,92,"Maulana Azad Library is a heritage destination in uttar pradesh known for culture,forts,shopping,history. It is ideal for history and culture lovers"
uttar pradesh,Jama Masjid ,27.9074375,78.0721875,religious & spiritual pilgrimages,Unknown,religious,"temple,spiritual,peace",low,all,3.8,98,"Jama Masjid  is a religious destination in uttar pradesh known for temple,spiritual,peace. It is ideal for spiritual seekers"
uttar pradesh,Khereshwar Temple,27.8974327,78.0880665,religious & spiritual pilgrimages,Unknown,religious,"temple,spiritual,peace",low,all,4.7,69,"Khereshwar Temple is a religious destination in uttar pradesh known for temple,spiritual,peace. It is ideal for spiritual seekers"
uttar pradesh,Naqvi Park ,27.9025224,78.0735455,natural landscapes & wildlife,Unknown,wildlife,"safari,photography,nature",low,winter,4.5,69,"Naqvi Park  is a wildlife destination in uttar pradesh known for safari,photography,nature. It is ideal for history and cultural lover"
uttar pradesh,Sky High sky-diving drop zone,27.8973944,78.0880129,adventure & outdoor activities,Unknown,adventure,"trekking,rafting,paragliding",low,summer,4.4,57,"Sky High sky-diving drop zone is a adventure destination in uttar pradesh known for trekking,rafting,paragliding. It is ideal for adventure lover"
uttar pradesh,Augarnath Temple,28.9968175,77.6911618,religious & spiritual pilgrimages,Unknown,religious,"temple,spiritual,peace",low,all,4.8,59,"Augarnath Temple is a religious destination in uttar pradesh known for temple,spiritual,peace. It is ideal for spiritual seekers"
uttar pradesh,Hastinapur,29.1568812,77.9938497,"sightseeing & exploration, cultural & heritage sites",Unknown,heritage,"culture,forts,shopping,history",low,winter,4.5,73,"Hastinapur is a heritage destination in uttar pradesh known for culture,forts,shopping,history. It is ideal for history and culture lovers"
uttar pradesh,Digambar Jain Temple,29.1520696,77.7790471,religious & spiritual pilgrimages,Unknown,religious,"temple,spiritual,peace",low,all,4.4,67,"Digambar Jain Temple is a religious destination in uttar pradesh known for temple,spiritual,peace. It is ideal for spiritual seekers"
uttar pradesh,Gandhi Bagh,29.0073395,77.7027737,sightseeing & exploration,Unknown,city,"exploration,local experience",low,All,4.3,78,"Gandhi Bagh is a city destination in uttar pradesh known for exploration,local experience. It is ideal for explorers and tourists"
uttar pradesh,Mustafa Castle,28.9966751,77.6958551,cultural & heritage sites,Unknown,heritage,"culture,forts,shopping,history",medium,winter,4.7,95,"Mustafa Castle is a heritage destination in uttar pradesh known for culture,forts,shopping,history. It is ideal for history and culture lovers"
uttar pradesh,Saint John's Church,29.0127484,77.7085277,religious & spiritual pilgrimages,Unknown,religious,"temple,spiritual,peace",low,all,4.7,91,"Saint John's Church is a religious destination in uttar pradesh known for temple,spiritual,peace. It is ideal for spiritual seekers"
uttar pradesh,Abu Lane market,28.9963119,77.7020502,shopping & markets,Unknown,city,"exploration,local experience",low,All,4.4,63,"Abu Lane market is a city destination in uttar pradesh known for exploration,local experience. It is ideal for explorers and tourists"
uttar pradesh,Sadar market,28.9940471,77.7008509,shopping & markets,Unknown,city,"exploration,local experience",low,All,3.6,56,"Sadar market is a city destination in uttar pradesh known for exploration,local experience. It is ideal for explorers and tourists"
uttar pradesh,The Shopprix mall,28.9484829,77.6753675,shopping & markets,Unknown,city,"exploration,local experience",low,All,3.8,80,"The Shopprix mall is a city destination in uttar pradesh known for exploration,local experience. It is ideal for explorers and tourists"
uttar pradesh,Shapir ki Dargah,28.9844618,77.7064137,religious & spiritual pilgrimages,Unknown,religious,"temple,spiritual,peace",low,all,4.0,71,"Shapir ki Dargah is a religious destination in uttar pradesh known for temple,spiritual,peace. It is ideal for spiritual seekers"
uttar pradesh,Suraj Kund Temple,28.9770744,77.7148038,religious & spiritual pilgrimages,Unknown,religious,"temple,spiritual,peace",low,all,4.8,91,"Suraj Kund Temple is a religious destination in uttar pradesh known for temple,spiritual,peace. It is ideal for spiritual seekers"
uttar pradesh,Allen Forest Zoo,26.5028694,80.3031232,natural landscapes & wildlife,Unknown,wildlife,"safari,photography,nature",low,winter,4.7,67,"Allen Forest Zoo is a wildlife destination in uttar pradesh known for safari,photography,nature. It is ideal for history and cultural lover"
uttar pradesh,Ram Janki Mandir,26.449923,80.3318736,religious & spiritual pilgrimages,Unknown,religious,"temple,spiritual,peace",low,all,4.7,50,"Ram Janki Mandir is a religious destination in uttar pradesh known for temple,spiritual,peace. It is ideal for spiritual seekers"
uttar pradesh,Sisamau Bazaar,26.4686173,80.3247923,shopping & markets,Unknown,city,"exploration,local experience",low,All,4.7,96,"Sisamau Bazaar is a city destination in uttar pradesh known for exploration,local experience. It is ideal for explorers and tourists"
uttar pradesh,Kanpur Sangrahalaya museum,26.4715334,80.3610849,"arts, science & literature attractions",Unknown,city,"exploration,local experience",low,All,4.6,89,"Kanpur Sangrahalaya museum is a city destination in uttar pradesh known for exploration,local experience. It is ideal for explorers and tourists"
uttar pradesh,Becon Ganj,26.4679038,80.3411542,shopping & markets,Unknown,city,"exploration,local experience",low,All,4.4,93,"Becon Ganj is a city destination in uttar pradesh known for exploration,local experience. It is ideal for explorers and tourists"
uttar pradesh,ISKON temple,26.5392422,80.2618033,religious & spiritual pilgrimages,Unknown,religious,"temple,spiritual,peace",low,all,4.4,75,"ISKON temple is a religious destination in uttar pradesh known for temple,spiritual,peace. It is ideal for spiritual seekers"
uttar pradesh,Jain Glass Temple,26.4672925,80.352937,religious & spiritual pilgrimages,Unknown,religious,"temple,spiritual,peace",low,all,4.8,79,"Jain Glass Temple is a religious destination in uttar pradesh known for temple,spiritual,peace. It is ideal for spiritual seekers"
uttar pradesh,Valmiki Ashram temple,26.5969791,80.2709045,religious & spiritual pilgrimages,Unknown,religious,"temple,spiritual,peace",low,all,4.6,91,"Valmiki Ashram temple is a religious destination in uttar pradesh known for temple,spiritual,peace. It is ideal for spiritual seekers"
uttar pradesh,PPN market,26.4748119,80.3434167,shopping & markets,Unknown,city,"exploration,local experience",low,All,4.8,63,"PPN market is a city destination in uttar pradesh known for exploration,local experience. It is ideal for explorers and tourists"
uttar pradesh,Moti Mall,26.4812268,80.2999996,shopping & markets,Unknown,city,"exploration,local experience",low,All,4.3,86,"Moti Mall is a city destination in uttar pradesh known for exploration,local experience. It is ideal for explorers and tourists"
uttar pradesh,sweets at Civil Lines,26.4750346,80.3532749,shopping & markets,Unknown,city,"exploration,local experience",low,All,4.2,85,"sweets at Civil Lines is a city destination in uttar pradesh known for exploration,local experience. It is ideal for explorers and tourists"
uttar pradesh,Z-Square mall,26.4732721,80.352673,shopping & markets,Unknown,city,"exploration,local experience",low,All,4.4,83,"Z-Square mall is a city destination in uttar pradesh known for exploration,local experience. It is ideal for explorers and tourists"
jammu and kashmir,Dal Lake,34.1105857,74.8682569,natural landscapes & wildlife,North,wildlife,"safari,photography,nature",low,winter,4.6,59,"Dal Lake is a wildlife destination in jammu and kashmir known for safari,photography,nature. It is ideal for history and cultural lover"
jammu and kashmir,Shankaracharya Temple,34.0789218,74.8437241,religious & spiritual pilgrimages,North,religious,"temple,spiritual,peace",low,all,4.8,57,"Shankaracharya Temple is a religious destination in jammu and kashmir known for temple,spiritual,peace. It is ideal for spiritual seekers"
jammu and kashmir,Shopping at Lal Chowk,34.0713272,74.8106242,shopping & markets,North,city,"exploration,local experience",low,All,4.4,90,"Shopping at Lal Chowk is a city destination in jammu and kashmir known for exploration,local experience. It is ideal for explorers and tourists"
jammu and kashmir,Shopping at Badshah Chowk,34.0725231,74.8090733,shopping & markets,North,city,"exploration,local experience",low,All,4.4,52,"Shopping at Badshah Chowk is a city destination in jammu and kashmir known for exploration,local experience. It is ideal for explorers and tourists"
jammu and kashmir,Indira Gandhi Memorial Tulip Garden,34.0960382,74.8784422,natural landscapes & wildlife,North,wildlife,"safari,photography,nature",low,winter,4.7,95,"Indira Gandhi Memorial Tulip Garden is a wildlife destination in jammu and kashmir known for safari,photography,nature. It is ideal for history and cultural lover"
jammu and kashmir,Manasabal Lake,34.2471776,74.6707823,natural landscapes & wildlife,North,wildlife,"safari,photography,nature",low,winter,4.7,53,"Manasabal Lake is a wildlife destination in jammu and kashmir known for safari,photography,nature. It is ideal for history and cultural lover"
jammu and kashmir,Hazratbal Mosque,34.1289329,74.8424909,religious & spiritual pilgrimages,North,religious,"temple,spiritual,peace",low,all,4.4,79,"Hazratbal Mosque is a religious destination in jammu and kashmir known for temple,spiritual,peace. It is ideal for spiritual seekers"
jammu and kashmir,"Rafting , Gondola ride at Sonmarg",34.3031616,75.293111,adventure & outdoor activities,North,adventure,"trekking,rafting,paragliding",low,summer,4.8,65,"Rafting , Gondola ride at Sonmarg is a adventure destination in jammu and kashmir known for trekking,rafting,paragliding. It is ideal for adventure lover"
jammu and kashmir,Skiing in Gulmarg,34.0483704,74.3804791,adventure & outdoor activities,North,adventure,"trekking,rafting,paragliding",high,summer,4.5,74,"Skiing in Gulmarg is a adventure destination in jammu and kashmir known for trekking,rafting,paragliding. It is ideal for adventure lover"
jammu and kashmir,Chashme Shahi Garden,34.0860292,74.8877689,natural landscapes & wildlife,North,wildlife,"safari,photography,nature",low,winter,4.0,66,"Chashme Shahi Garden is a wildlife destination in jammu and kashmir known for safari,photography,nature. It is ideal for history and cultural lover"
jammu and kashmir,Shalimar Bagh,34.1495248,74.8729246,natural landscapes & wildlife,North,wildlife,"safari,photography,nature",low,winter,4.0,90,"Shalimar Bagh is a wildlife destination in jammu and kashmir known for safari,photography,nature. It is ideal for history and cultural lover"
jammu and kashmir,Dachigam National Park,34.1371836,75.03775,natural landscapes & wildlife,North,wildlife,"safari,photography,nature",high,winter,3.8,52,"Dachigam National Park is a wildlife destination in jammu and kashmir known for safari,photography,nature. It is ideal for history and cultural lover"
jammu and kashmir,Betaab Valley ,34.0540604,75.3638888,natural landscapes & wildlife,North,wildlife,"safari,photography,nature",low,winter,3.8,53,"Betaab Valley  is a wildlife destination in jammu and kashmir known for safari,photography,nature. It is ideal for history and cultural lover"
jammu and kashmir,Aru Valley  For daring expeditions ,34.0921618,75.2632189,adventure & outdoor activities,North,adventure,"trekking,rafting,paragliding",low,summer,3.7,91,"Aru Valley  For daring expeditions  is a adventure destination in jammu and kashmir known for trekking,rafting,paragliding. It is ideal for adventure lover"
jammu and kashmir,Sinthan top,33.5811029,75.5102349,natural landscapes & wildlife,North,wildlife,"safari,photography,nature",low,winter,4.7,98,"Sinthan top is a wildlife destination in jammu and kashmir known for safari,photography,nature. It is ideal for history and cultural lover"
jammu and kashmir,Pari mahal,34.0811939,74.877152,natural landscapes & wildlife,North,wildlife,"safari,photography,nature",low,winter,4.8,64,"Pari mahal is a wildlife destination in jammu and kashmir known for safari,photography,nature. It is ideal for history and cultural lover"
jammu and kashmir,Doodh Pathri,33.8508928,74.5630486,natural landscapes & wildlife,North,wildlife,"safari,photography,nature",low,winter,4.5,97,"Doodh Pathri is a wildlife destination in jammu and kashmir known for safari,photography,nature. It is ideal for history and cultural lover"
jammu and kashmir, Jamia Masjid Mosque ,53.3574109,-1.4819864,religious & spiritual pilgrimages,North,religious,"temple,spiritual,peace",low,all,4.4,90," Jamia Masjid Mosque  is a religious destination in jammu and kashmir known for temple,spiritual,peace. It is ideal for spiritual seekers"
jammu and kashmir,Chandanwari,34.0144741,75.3186241,adventure & outdoor activities,North,adventure,"trekking,rafting,paragliding",low,summer,4.2,99,"Chandanwari is a adventure destination in jammu and kashmir known for trekking,rafting,paragliding. It is ideal for adventure lover"
jammu and kashmir,Vaishno Devi,33.0308295,74.9490416,religious & spiritual pilgrimages,North,religious,"temple,spiritual,peace",low,all,4.7,63,"Vaishno Devi is a religious destination in jammu and kashmir known for temple,spiritual,peace. It is ideal for spiritual seekers"
ladakh,Pangong Tso,33.7595131,78.6674404,natural landscapes & wildlife,North,wildlife,"safari,photography,nature",low,winter,4.9,72,"Pangong Tso is a wildlife destination in ladakh known for safari,photography,nature. It is ideal for history and cultural lover"
ladakh,Hemis National Park,33.7187211,77.3882224,natural landscapes & wildlife,North,wildlife,"safari,photography,nature",low,winter,4.5,99,"Hemis National Park is a wildlife destination in ladakh known for safari,photography,nature. It is ideal for history and cultural lover"
ladakh,Hunder  Try Bactrian Camel Safari,34.5752836,77.4988753,adventure & outdoor activities,North,adventure,"trekking,rafting,paragliding",low,summer,4.7,72,"Hunder  Try Bactrian Camel Safari is a adventure destination in ladakh known for trekking,rafting,paragliding. It is ideal for adventure lover"
ladakh,Khardungla Pass  Visit Highest Cafeteria In The World,34.2787271,77.6046756,adventure & outdoor activities,North,adventure,"trekking,rafting,paragliding",low,summer,4.7,80,"Khardungla Pass  Visit Highest Cafeteria In The World is a adventure destination in ladakh known for trekking,rafting,paragliding. It is ideal for adventure lover"
ladakh,Zanskar Valley Tour,33.562562,76.987755,natural landscapes & wildlife,North,wildlife,"safari,photography,nature",low,winter,4.0,70,"Zanskar Valley Tour is a wildlife destination in ladakh known for safari,photography,nature. It is ideal for history and cultural lover"
ladakh,Spituk Gompa Trek,34.1260631,77.5258614,religious & spiritual pilgrimages,North,religious,"temple,spiritual,peace",low,all,4.0,61,"Spituk Gompa Trek is a religious destination in ladakh known for temple,spiritual,peace. It is ideal for spiritual seekers"
ladakh,Lamayuru  For Stargazing,34.1525864,77.5770535,sightseeing & exploration,North,city,"exploration,local experience",low,All,4.0,82,"Lamayuru  For Stargazing is a city destination in ladakh known for exploration,local experience. It is ideal for explorers and tourists"
ladakh,Chadar Trek ,34.1448306,77.5643291,adventure & outdoor activities,North,adventure,"trekking,rafting,paragliding",low,summer,3.5,74,"Chadar Trek  is a adventure destination in ladakh known for trekking,rafting,paragliding. It is ideal for adventure lover"
ladakh,Drang Drung Glacier ,34.1525864,77.5770535,natural landscapes & wildlife,North,wildlife,"safari,photography,nature",low,winter,3.8,61,"Drang Drung Glacier  is a wildlife destination in ladakh known for safari,photography,nature. It is ideal for history and cultural lover"
ladakh,Main Bazaar ,34.163644,77.5855065,shopping & markets,North,city,"exploration,local experience",low,All,4.7,62,"Main Bazaar  is a city destination in ladakh known for exploration,local experience. It is ideal for explorers and tourists"
ladakh,Shanti Stupa,34.1736196,77.5749988,religious & spiritual pilgrimages,North,religious,"temple,spiritual,peace",low,all,4.7,79,"Shanti Stupa is a religious destination in ladakh known for temple,spiritual,peace. It is ideal for spiritual seekers"
ladakh,Main Bazaar ,34.163644,77.5855065,shopping & markets,North,city,"exploration,local experience",low,All,4.6,79,"Main Bazaar  is a city destination in ladakh known for exploration,local experience. It is ideal for explorers and tourists"
ladakh,Zorawar Fort,34.1581389,77.5698889,cultural & heritage sites,North,heritage,"culture,forts,shopping,history",high,winter,4.6,83,"Zorawar Fort is a heritage destination in ladakh known for culture,forts,shopping,history. It is ideal for history and culture lovers"
ladakh,Changthang Wildlife Sanctuary,34.1525864,77.5770535,natural landscapes & wildlife,North,wildlife,"safari,photography,nature",low,winter,4.0,56,"Changthang Wildlife Sanctuary is a wildlife destination in ladakh known for safari,photography,nature. It is ideal for history and cultural lover"
ladakh,Hall Of Fame,34.09,77.35,"arts, science & literature attractions",North,city,"exploration,local experience",low,All,4.8,63,"Hall Of Fame is a city destination in ladakh known for exploration,local experience. It is ideal for explorers and tourists"
ladakh,Stok Palace Museum,34.0730019,77.5486221,"arts, science & literature attractions",North,city,"exploration,local experience",medium,All,4.7,54,"Stok Palace Museum is a city destination in ladakh known for exploration,local experience. It is ideal for explorers and tourists"
ladakh,Nubra Valley,34.6863146,77.567288,natural landscapes & wildlife,North,wildlife,"safari,photography,nature",low,winter,4.0,50,"Nubra Valley is a wildlife destination in ladakh known for safari,photography,nature. It is ideal for history and cultural lover"
ladakh,Tso Moriri lake,32.9112291,78.3159411,natural landscapes & wildlife,North,wildlife,"safari,photography,nature",low,winter,4.0,66,"Tso Moriri lake is a wildlife destination in ladakh known for safari,photography,nature. It is ideal for history and cultural lover"
ladakh,Magnetic hill,46.134658,-64.888516,natural landscapes & wildlife,North,wildlife,"safari,photography,nature",low,winter,4.2,51,"Magnetic hill is a wildlife destination in ladakh known for safari,photography,nature. It is ideal for history and cultural lover"
ladakh,Chemrey Monastery,33.9590905,77.7890953,religious & spiritual pilgrimages,North,religious,"temple,spiritual,peace",low,all,4.3,95,"Chemrey Monastery is a religious destination in ladakh known for temple,spiritual,peace. It is ideal for spiritual seekers"
ladakh,Namgyal Tsemo Monastery,34.1672727,77.590485,religious & spiritual pilgrimages,North,religious,"temple,spiritual,peace",low,all,4.7,89,"Namgyal Tsemo Monastery is a religious destination in ladakh known for temple,spiritual,peace. It is ideal for spiritual seekers"
ladakh,Thiksey Monastery,34.0559137,77.6677625,religious & spiritual pilgrimages,North,religious,"temple,spiritual,peace",low,all,4.7,51,"Thiksey Monastery is a religious destination in ladakh known for temple,spiritual,peace. It is ideal for spiritual seekers"
ladakh,Drass Valley,34.4100265,75.6602598,natural landscapes & wildlife,North,wildlife,"safari,photography,nature",low,winter,4.9,93,"Drass Valley is a wildlife destination in ladakh known for safari,photography,nature. It is ideal for history and cultural lover"
ladakh,Kargil War Memorial,34.4340036,75.8076814,cultural & heritage sites,North,heritage,"culture,forts,shopping,history",low,winter,4.8,91,"Kargil War Memorial is a heritage destination in ladakh known for culture,forts,shopping,history. It is ideal for history and culture lovers"
ladakh,Yarab Tso,34.1514265,77.572562,natural landscapes & wildlife,North,wildlife,"safari,photography,nature",low,winter,4.5,59,"Yarab Tso is a wildlife destination in ladakh known for safari,photography,nature. It is ideal for history and cultural lover"
ladakh,Panamik village,34.7983858,77.5246795,sightseeing & exploration,North,city,"exploration,local experience",low,All,4.6,77,"Panamik village is a city destination in ladakh known for exploration,local experience. It is ideal for explorers and tourists"
ladakh,Samstanling Monastery,34.36,77.42,religious & spiritual pilgrimages,North,religious,"temple,spiritual,peace",low,all,4.9,95,"Samstanling Monastery is a religious destination in ladakh known for temple,spiritual,peace. It is ideal for spiritual seekers"
ladakh,Diskit Monastery,34.5409579,77.5606881,religious & spiritual pilgrimages,North,religious,"temple,spiritual,peace",low,all,4.7,53,"Diskit Monastery is a religious destination in ladakh known for temple,spiritual,peace. It is ideal for spiritual seekers"
west bengal,Tiger Hill,26.9966667,88.2944444,natural landscapes & wildlife,East,wildlife,"safari,photography,nature",low,winter,4.5,80,"Tiger Hill is a wildlife destination in west bengal known for safari,photography,nature. It is ideal for history and cultural lover"
west bengal,Darjeeling Toy Train,27.0410218,88.2662745,"adventure & outdoor activities,sightseeing & exploration",East,adventure,"trekking,rafting,paragliding",high,summer,4.8,72,"Darjeeling Toy Train is a adventure destination in west bengal known for trekking,rafting,paragliding. It is ideal for adventure lover"
west bengal,Darjeeling Ropeway ,27.0614867,88.2537138,"adventure & outdoor activities,sightseeing & exploration",East,adventure,"trekking,rafting,paragliding",medium,summer,5.0,53,"Darjeeling Ropeway  is a adventure destination in west bengal known for trekking,rafting,paragliding. It is ideal for adventure lover"
west bengal,Chowk Bazaar,23.2587841,77.4016401,shopping & markets,East,city,"exploration,local experience",low,All,4.8,58,"Chowk Bazaar is a city destination in west bengal known for exploration,local experience. It is ideal for explorers and tourists"
west bengal,"Himalayan Mountaineering Institute(Museum, Library, Souvenir shop)",27.330132,88.15141804,"arts, science & literature attractions",East,city,"exploration,local experience",luxury,All,4.9,81,"Himalayan Mountaineering Institute(Museum, Library, Souvenir shop) is a city destination in west bengal known for exploration,local experience. It is ideal for explorers and tourists"
west bengal,Darjeeling Rock garden,27.0262862,88.236347,natural landscapes & wildlife,East,wildlife,"safari,photography,nature",low,winter,5.0,52,"Darjeeling Rock garden is a wildlife destination in west bengal known for safari,photography,nature. It is ideal for history and cultural lover"
west bengal,"Singalila National Park(camping, bird watching)",27.0371351,88.0762233,natural landscapes & wildlife,East,wildlife,"safari,photography,nature",low,winter,4.7,89,"Singalila National Park(camping, bird watching) is a wildlife destination in west bengal known for safari,photography,nature. It is ideal for history and cultural lover"
west bengal,Kanchenjunga peak,27.7024914,88.147535,natural landscapes & wildlife,East,wildlife,"safari,photography,nature",low,winter,4.9,54,"Kanchenjunga peak is a wildlife destination in west bengal known for safari,photography,nature. It is ideal for history and cultural lover"
west bengal,Sandakphu trek,26.9930536,88.1203558,adventure & outdoor activities,East,adventure,"trekking,rafting,paragliding",luxury,summer,4.4,51,"Sandakphu trek is a adventure destination in west bengal known for trekking,rafting,paragliding. It is ideal for adventure lover"
west bengal,Teesta river(rafting),26.57695557,89.01279803,"adventure & outdoor activities, natural landscapes & wildlife",East,adventure,"trekking,rafting,paragliding",luxury,summer,5.0,74,"Teesta river(rafting) is a adventure destination in west bengal known for trekking,rafting,paragliding. It is ideal for adventure lover"
west bengal,Happy valley tea estate,27.051391,88.258613,sightseeing & exploration,East,city,"exploration,local experience",medium,All,4.9,60,"Happy valley tea estate is a city destination in west bengal known for exploration,local experience. It is ideal for explorers and tourists"
west bengal,Lamhatta Eco Park,27.0548913,88.3526049,natural landscapes & wildlife,East,wildlife,"safari,photography,nature",low,winter,4.7,68,"Lamhatta Eco Park is a wildlife destination in west bengal known for safari,photography,nature. It is ideal for history and cultural lover"
west bengal,Lepchajagat village,27.0127838,88.1992421,sightseeing & exploration,East,city,"exploration,local experience",low,All,4.2,72,"Lepchajagat village is a city destination in west bengal known for exploration,local experience. It is ideal for explorers and tourists"
west bengal,Mahakal temple,23.182905,75.768291,religious & spiritual pilgrimages,East,religious,"temple,spiritual,peace",low,all,4.8,66,"Mahakal temple is a religious destination in west bengal known for temple,spiritual,peace. It is ideal for spiritual seekers"
west bengal,Everest museum,27.9881206,86.9249751,"arts, science & literature attractions",East,city,"exploration,local experience",low,All,4.9,67,"Everest museum is a city destination in west bengal known for exploration,local experience. It is ideal for explorers and tourists"
west bengal,Ring Mall,27.0397,88.2648,shopping & markets,East,city,"exploration,local experience",low,All,4.5,63,"Ring Mall is a city destination in west bengal known for exploration,local experience. It is ideal for explorers and tourists"
west bengal,Padmaja Naidu zoological park,27.0586099,88.254405,natural landscapes & wildlife,East,wildlife,"safari,photography,nature",medium,winter,4.5,59,"Padmaja Naidu zoological park is a wildlife destination in west bengal known for safari,photography,nature. It is ideal for history and cultural lover"
west bengal,Nightingale park,27.0537,88.2601,sightseeing & exploration,East,city,"exploration,local experience",low,All,4.9,79,"Nightingale park is a city destination in west bengal known for exploration,local experience. It is ideal for explorers and tourists"
west bengal,Dali Monastery,27.0237303,88.2547445,religious & spiritual pilgrimages,East,religious,"temple,spiritual,peace",low,all,4.3,88,"Dali Monastery is a religious destination in west bengal known for temple,spiritual,peace. It is ideal for spiritual seekers"
west bengal,Ghoom monastery market,27.0008384,88.2436844,shopping & markets,East,city,"exploration,local experience",low,All,4.4,80,"Ghoom monastery market is a city destination in west bengal known for exploration,local experience. It is ideal for explorers and tourists"
west bengal,Teesta bazaar,27.0662177,88.4246364,shopping & markets,East,city,"exploration,local experience",low,All,4.4,77,"Teesta bazaar is a city destination in west bengal known for exploration,local experience. It is ideal for explorers and tourists"
west bengal,Mall road,27.2,88.15,shopping & markets,East,city,"exploration,local experience",low,All,4.9,94,"Mall road is a city destination in west bengal known for exploration,local experience. It is ideal for explorers and tourists"
west bengal,Jaldapara National Park,26.6905136,89.2805351,natural landscapes & wildlife,East,wildlife,"safari,photography,nature",high,winter,4.4,52,"Jaldapara National Park is a wildlife destination in west bengal known for safari,photography,nature. It is ideal for history and cultural lover"
west bengal,Salugara monastery,26.7670442,88.4452226,religious & spiritual pilgrimages,East,religious,"temple,spiritual,peace",low,all,4.6,83,"Salugara monastery is a religious destination in west bengal known for temple,spiritual,peace. It is ideal for spiritual seekers"
west bengal,ISKON temple,26.729,88.4433,religious & spiritual pilgrimages,East,religious,"temple,spiritual,peace",low,all,4.4,76,"ISKON temple is a religious destination in west bengal known for temple,spiritual,peace. It is ideal for spiritual seekers"
west bengal,Mahananda Wildlife Sanctuary,26.7961932,88.3630076,natural landscapes & wildlife,East,wildlife,"safari,photography,nature",luxury,winter,4.4,94,"Mahananda Wildlife Sanctuary is a wildlife destination in west bengal known for safari,photography,nature. It is ideal for history and cultural lover"
west bengal,Hong Kong market,22.3193039,114.1693611,shopping & markets,East,city,"exploration,local experience",low,All,4.4,72,"Hong Kong market is a city destination in west bengal known for exploration,local experience. It is ideal for explorers and tourists"
west bengal,North Bengal Science centre,26.7230488,88.3868987,"arts, science & literature attractions",East,city,"exploration,local experience",medium,All,4.3,91,"North Bengal Science centre is a city destination in west bengal known for exploration,local experience. It is ideal for explorers and tourists"
west bengal,Sepoy Dhura Tea garden,26.8372379,88.3457906,sightseeing & exploration,East,city,"exploration,local experience",low,All,4.2,78,"Sepoy Dhura Tea garden is a city destination in west bengal known for exploration,local experience. It is ideal for explorers and tourists"
west bengal,Sundarbans National Park,21.8842354,88.8853765,natural landscapes & wildlife,East,wildlife,"safari,photography,nature",medium,winter,4.4,92,"Sundarbans National Park is a wildlife destination in west bengal known for safari,photography,nature. It is ideal for history and cultural lover"
west bengal,Burirdabri Forest camp,22.077495,89.0293676,adventure & outdoor activities,East,adventure,"trekking,rafting,paragliding",luxury,summer,3.4,97,"Burirdabri Forest camp is a adventure destination in west bengal known for trekking,rafting,paragliding. It is ideal for adventure lover"
west bengal,Sajnekhali Wildlife Sanctuary,22.1237762,88.8313005,natural landscapes & wildlife,East,wildlife,"safari,photography,nature",luxury,winter,4.4,58,"Sajnekhali Wildlife Sanctuary is a wildlife destination in west bengal known for safari,photography,nature. It is ideal for history and cultural lover"
west bengal,Kotka beach,21.8449338,89.7960898,natural landscapes & wildlife,East,wildlife,"safari,photography,nature",low,winter,4.4,54,"Kotka beach is a wildlife destination in west bengal known for safari,photography,nature. It is ideal for history and cultural lover"
west bengal,Hiron point,21.8162132,89.4626047,natural landscapes & wildlife,East,wildlife,"safari,photography,nature",low,winter,4.2,79,"Hiron point is a wildlife destination in west bengal known for safari,photography,nature. It is ideal for history and cultural lover"
west bengal,Dublar Char island,21.7728061,89.5591963,natural landscapes & wildlife,East,wildlife,"safari,photography,nature",low,winter,4.4,58,"Dublar Char island is a wildlife destination in west bengal known for safari,photography,nature. It is ideal for history and cultural lover"
west bengal,Bhagatpur crocodile project,21.46,88.18,natural landscapes & wildlife,East,wildlife,"safari,photography,nature",medium,winter,4.4,81,"Bhagatpur crocodile project is a wildlife destination in west bengal known for safari,photography,nature. It is ideal for history and cultural lover"
west bengal,Katra Masjid,24.184853,88.288056,cultural & heritage sites,East,heritage,"culture,forts,shopping,history",low,winter,4.5,58,"Katra Masjid is a heritage destination in west bengal known for culture,forts,shopping,history. It is ideal for history and culture lovers"
west bengal,Hazarduari Palace,24.1863376,88.2876731,cultural & heritage sites,East,heritage,"culture,forts,shopping,history",low,winter,4.4,72,"Hazarduari Palace is a heritage destination in west bengal known for culture,forts,shopping,history. It is ideal for history and culture lovers"
west bengal,Jahan Kosha cannon,24.1782162,88.2687913,cultural & heritage sites,East,heritage,"culture,forts,shopping,history",low,winter,4.5,68,"Jahan Kosha cannon is a heritage destination in west bengal known for culture,forts,shopping,history. It is ideal for history and culture lovers"
west bengal,Murshidabad District museum,24.1759039,88.2933334,cultural & heritage sites,East,heritage,"culture,forts,shopping,history",low,winter,4.4,77,"Murshidabad District museum is a heritage destination in west bengal known for culture,forts,shopping,history. It is ideal for history and culture lovers"
odisha,Jagannath Temple,19.8049379,88.2801785,religious & spiritual pilgrimages,East,religious,"temple,spiritual,peace",low,all,4.7,84,"Jagannath Temple is a religious destination in odisha known for temple,spiritual,peace. It is ideal for spiritual seekers"
odisha,Puri beach,19.794749,85.8179386,natural landscapes & wildlife,East,wildlife,"safari,photography,nature",low,winter,4.6,64,"Puri beach is a wildlife destination in odisha known for safari,photography,nature. It is ideal for history and cultural lover"
odisha,Raghurajpur Artist village,19.8855117,85.8252882,"arts, science & literature attractions",East,city,"exploration,local experience",low,All,4.4,51,"Raghurajpur Artist village is a city destination in odisha known for exploration,local experience. It is ideal for explorers and tourists"
odisha,Chilika lake,19.8449627,85.8257455,natural landscapes & wildlife,East,wildlife,"safari,photography,nature",low,winter,4.4,56,"Chilika lake is a wildlife destination in odisha known for safari,photography,nature. It is ideal for history and cultural lover"
odisha,Konark Sun Temple,19.8875953,85.4788065,religious & spiritual pilgrimages,East,religious,"temple,spiritual,peace",low,all,3.9,96,"Konark Sun Temple is a religious destination in odisha known for temple,spiritual,peace. It is ideal for spiritual seekers"
odisha,Chandrabhaga beach,19.8920686,86.0945364,"natural landscapes & wildlife, sightseeing & exploration",East,wildlife,"safari,photography,nature",low,winter,4.2,68,"Chandrabhaga beach is a wildlife destination in odisha known for safari,photography,nature. It is ideal for history and cultural lover"
odisha,Lingaraj Temple,20.2384519,86.091184,"cultural & heritage sites, religious & spiritual pilgrimages",East,heritage,"culture,forts,shopping,history",low,winter,4.9,54,"Lingaraj Temple is a heritage destination in odisha known for culture,forts,shopping,history. It is ideal for history and culture lovers"
odisha,ASI Museum,19.8920686,85.8337767,"arts, science & literature attractions",East,city,"exploration,local experience",luxury,All,4.9,74,"ASI Museum is a city destination in odisha known for exploration,local experience. It is ideal for explorers and tourists"
odisha,Ramchandi beach and water sports,19.8920686,86.091184,"natural landscapes & wildlife, adventure & outdoor activities",East,wildlife,"safari,photography,nature",low,winter,4.2,96,"Ramchandi beach and water sports is a wildlife destination in odisha known for safari,photography,nature. It is ideal for history and cultural lover"
odisha,Jagannath Temple,22.2478283,86.091184,religious & spiritual pilgrimages,East,religious,"temple,spiritual,peace",low,all,3.9,64,"Jagannath Temple is a religious destination in odisha known for temple,spiritual,peace. It is ideal for spiritual seekers"
odisha,Indira Gandhi Park,22.2402062,84.8777569,sightseeing & exploration,East,city,"exploration,local experience",low,All,4.0,54,"Indira Gandhi Park is a city destination in odisha known for exploration,local experience. It is ideal for explorers and tourists"
odisha,Pitamahal dam,22.2273546,84.8747082,natural landscapes & wildlife,East,wildlife,"safari,photography,nature",low,winter,3.6,59,"Pitamahal dam is a wildlife destination in odisha known for safari,photography,nature. It is ideal for history and cultural lover"
odisha,VIP market,22.2477991,84.7472931,shopping & markets,East,city,"exploration,local experience",low,All,4.0,74,"VIP market is a city destination in odisha known for exploration,local experience. It is ideal for explorers and tourists"
odisha,Hanuman Vatika garden,22.2217242,84.867526,sightseeing & exploration,East,city,"exploration,local experience",low,All,4.9,67,"Hanuman Vatika garden is a city destination in odisha known for exploration,local experience. It is ideal for explorers and tourists"
odisha,Khandadhar Waterfall,22.260423,84.8315341,"natural landscapes & wildlife, adventure & outdoor activities",East,wildlife,"safari,photography,nature",low,winter,4.5,94,"Khandadhar Waterfall is a wildlife destination in odisha known for safari,photography,nature. It is ideal for history and cultural lover"
odisha,Odisha State Maritime museum,20.4789263,84.8535844,"arts, science & literature attractions",East,city,"exploration,local experience",low,All,4.2,58,"Odisha State Maritime museum is a city destination in odisha known for exploration,local experience. It is ideal for explorers and tourists"
odisha,Bhitarkanika Wildlife Sanctuary,20.462521,85.8961823,natural landscapes & wildlife,East,wildlife,"safari,photography,nature",low,winter,4.6,77,"Bhitarkanika Wildlife Sanctuary is a wildlife destination in odisha known for safari,photography,nature. It is ideal for history and cultural lover"
odisha,State Botanical garden,20.462521,85.8829895,natural landscapes & wildlife,East,wildlife,"safari,photography,nature",medium,winter,4.2,81,"State Botanical garden is a wildlife destination in odisha known for safari,photography,nature. It is ideal for history and cultural lover"
odisha,Deer Park,20.4883078,85.8829895,natural landscapes & wildlife,East,wildlife,"safari,photography,nature",low,winter,4.9,73,"Deer Park is a wildlife destination in odisha known for safari,photography,nature. It is ideal for history and cultural lover"
odisha,Netaji museum,20.4700673,85.8619087,"arts, science & literature attractions",East,city,"exploration,local experience",low,All,4.8,96,"Netaji museum is a city destination in odisha known for exploration,local experience. It is ideal for explorers and tourists"
odisha,Dhabaleshwar Island,20.462521,85.8668001,sightseeing & exploration,East,city,"exploration,local experience",low,All,4.5,70,"Dhabaleshwar Island is a city destination in odisha known for exploration,local experience. It is ideal for explorers and tourists"
odisha,Barabati Fort,20.4845311,85.8829895,cultural & heritage sites,East,heritage,"culture,forts,shopping,history",low,winter,4.5,68,"Barabati Fort is a heritage destination in odisha known for culture,forts,shopping,history. It is ideal for history and culture lovers"
odisha,Hirakud Dam,21.5305898,85.8651767,natural landscapes & wildlife,East,wildlife,"safari,photography,nature",low,winter,4.5,65,"Hirakud Dam is a wildlife destination in odisha known for safari,photography,nature. It is ideal for history and cultural lover"
odisha,Debrigarh Wildlife Sanctuary,21.4668716,83.8704949,natural landscapes & wildlife,East,wildlife,"safari,photography,nature",low,winter,4.8,79,"Debrigarh Wildlife Sanctuary is a wildlife destination in odisha known for safari,photography,nature. It is ideal for history and cultural lover"
odisha,Ghanteswari temple,21.3546732,83.9811665,religious & spiritual pilgrimages,East,religious,"temple,spiritual,peace",low,all,4.0,55,"Ghanteswari temple is a religious destination in odisha known for temple,spiritual,peace. It is ideal for spiritual seekers"
odisha,Gudguda waterfall,21.4668716,83.9192152,"natural landscapes & wildlife, adventure & outdoor activities",East,wildlife,"safari,photography,nature",low,winter,4.7,66,"Gudguda waterfall is a wildlife destination in odisha known for safari,photography,nature. It is ideal for history and cultural lover"
odisha,Khasada waterfall,19.2558881,83.9811665,"natural landscapes & wildlife, adventure & outdoor activities",East,wildlife,"safari,photography,nature",low,winter,4.4,53,"Khasada waterfall is a wildlife destination in odisha known for safari,photography,nature. It is ideal for history and cultural lover"
odisha,Aryapalli beach,19.3149618,84.2332104,natural landscapes & wildlife,East,wildlife,"safari,photography,nature",low,winter,4.9,77,"Aryapalli beach is a wildlife destination in odisha known for safari,photography,nature. It is ideal for history and cultural lover"
odisha,Bada bazaar,19.3149618,84.7940911,shopping & markets,East,city,"exploration,local experience",low,All,4.1,90,"Bada bazaar is a city destination in odisha known for exploration,local experience. It is ideal for explorers and tourists"
odisha,Sana bazaar,19.3156111,84.7940911,shopping & markets,East,city,"exploration,local experience",low,All,3.9,76,"Sana bazaar is a city destination in odisha known for exploration,local experience. It is ideal for explorers and tourists"
odisha,Gopalpur Beach,19.3149618,84.780999,natural landscapes & wildlife,East,wildlife,"safari,photography,nature",low,winter,4.0,99,"Gopalpur Beach is a wildlife destination in odisha known for safari,photography,nature. It is ideal for history and cultural lover"
odisha,Tara Tarini Temple,19.3149618,84.7940911,religious & spiritual pilgrimages,East,religious,"temple,spiritual,peace",low,all,4.6,87,"Tara Tarini Temple is a religious destination in odisha known for temple,spiritual,peace. It is ideal for spiritual seekers"
odisha,Hadargarh reservoir,21.628933,84.7940911,natural landscapes & wildlife,East,wildlife,"safari,photography,nature",low,winter,3.9,72,"Hadargarh reservoir is a wildlife destination in odisha known for safari,photography,nature. It is ideal for history and cultural lover"
odisha,Gundichaghagi waterfall,21.3482992,85.5816847,"natural landscapes & wildlife, adventure & outdoor activities",East,wildlife,"safari,photography,nature",low,winter,4.3,72,"Gundichaghagi waterfall is a wildlife destination in odisha known for safari,photography,nature. It is ideal for history and cultural lover"
odisha,Sitabinji Fresco painting and rock inscription,21.5024021,85.8221225,cultural & heritage sites,East,heritage,"culture,forts,shopping,history",low,winter,4.9,76,"Sitabinji Fresco painting and rock inscription is a heritage destination in odisha known for culture,forts,shopping,history. It is ideal for history and culture lovers"
odisha,Sanaghagara Waterfall,21.632772,85.7692277,"natural landscapes & wildlife, adventure & outdoor activities",East,wildlife,"safari,photography,nature",low,winter,4.3,61,"Sanaghagara Waterfall is a wildlife destination in odisha known for safari,photography,nature. It is ideal for history and cultural lover"
odisha,Kshirachora Gopinatha Temple,21.5378777,85.5569556,religious & spiritual pilgrimages,East,religious,"temple,spiritual,peace",low,all,4.2,50,"Kshirachora Gopinatha Temple is a religious destination in odisha known for temple,spiritual,peace. It is ideal for spiritual seekers"
odisha,Balaramgadi beach,21.4727,86.8798117,"natural landscapes & wildlife,adventure & outdoor activities,  sightseeing & exploration",East,wildlife,"safari,photography,nature",low,winter,4.4,68,"Balaramgadi beach is a wildlife destination in odisha known for safari,photography,nature. It is ideal for history and cultural lover"
odisha,Kuldiha Wildlife sanctuary,21.4092041,86.18,natural landscapes & wildlife,East,wildlife,"safari,photography,nature",low,winter,4.9,71,"Kuldiha Wildlife sanctuary is a wildlife destination in odisha known for safari,photography,nature. It is ideal for history and cultural lover"
odisha,Chandipur Beach,21.4518786,86.7301665,"natural landscapes & wildlife, adventure & outdoor activities",East,wildlife,"safari,photography,nature",low,winter,4.2,81,"Chandipur Beach is a wildlife destination in odisha known for safari,photography,nature. It is ideal for history and cultural lover"
tamil nadu,Marina Beach,13.0499526,87.0406081,"natural landscapes & wildlife, adventure & outdoor activities",South,wildlife,"safari,photography,nature",low,winter,3.9,81,"Marina Beach is a wildlife destination in tamil nadu known for safari,photography,nature. It is ideal for history and cultural lover"
tamil nadu,Mahabalipuram,12.6207821,80.2824026,cultural & heritage sites,South,heritage,"culture,forts,shopping,history",low,winter,4.8,75,"Mahabalipuram is a heritage destination in tamil nadu known for culture,forts,shopping,history. It is ideal for history and culture lovers"
tamil nadu,Water activities at Muttukadu,12.8270232,80.1944915,adventure & outdoor activities,South,adventure,"trekking,rafting,paragliding",medium,summer,4.6,89,"Water activities at Muttukadu is a adventure destination in tamil nadu known for trekking,rafting,paragliding. It is ideal for adventure lover"
tamil nadu,Queensland amusement park,13.0300355,80.240321,"adventure & outdoor activities, sightseeing & exploration",South,adventure,"trekking,rafting,paragliding",luxury,summer,5.0,77,"Queensland amusement park is a adventure destination in tamil nadu known for trekking,rafting,paragliding. It is ideal for adventure lover"
tamil nadu,Pondy bazaar,13.0398891,80.0276134,shopping & markets,South,city,"exploration,local experience",low,All,4.0,84,"Pondy bazaar is a city destination in tamil nadu known for exploration,local experience. It is ideal for explorers and tourists"
tamil nadu,Birla Planetarium,22.5455141,80.2368745,"arts, science & literature attractions",South,city,"exploration,local experience",low,All,4.8,87,"Birla Planetarium is a city destination in tamil nadu known for exploration,local experience. It is ideal for explorers and tourists"
tamil nadu,National Art gallery,13.0696912,88.3473163,"arts, science & literature attractions",South,city,"exploration,local experience",low,All,4.2,68,"National Art gallery is a city destination in tamil nadu known for exploration,local experience. It is ideal for explorers and tourists"
tamil nadu,Ubbalamadugu falls,13.6041974,80.2561119,natural landscapes & wildlife,South,wildlife,"safari,photography,nature",low,winter,4.4,97,"Ubbalamadugu falls is a wildlife destination in tamil nadu known for safari,photography,nature. It is ideal for history and cultural lover"
tamil nadu,Pulicat lake,13.0826802,79.84384101,natural landscapes & wildlife,South,wildlife,"safari,photography,nature",low,winter,4.7,90,"Pulicat lake is a wildlife destination in tamil nadu known for safari,photography,nature. It is ideal for history and cultural lover"
tamil nadu,Barracuda bay(fishing),13.0826802,80.2707184,"adventure & outdoor activities, natural landscapes & wildlife",South,adventure,"trekking,rafting,paragliding",low,summer,4.9,72,"Barracuda bay(fishing) is a adventure destination in tamil nadu known for trekking,rafting,paragliding. It is ideal for adventure lover"
tamil nadu,Scuba diving at Covelong beach,12.7870019,80.2707184,adventure & outdoor activities,South,adventure,"trekking,rafting,paragliding",luxury,summer,4.6,63,"Scuba diving at Covelong beach is a adventure destination in tamil nadu known for trekking,rafting,paragliding. It is ideal for adventure lover"
tamil nadu,Adventure sports at Covelong beach,12.7870019,80.2504447,adventure & outdoor activities,South,adventure,"trekking,rafting,paragliding",luxury,summer,4.9,81,"Adventure sports at Covelong beach is a adventure destination in tamil nadu known for trekking,rafting,paragliding. It is ideal for adventure lover"
tamil nadu,Arignar Anna Zoological park,12.8797685,80.2504447,natural landscapes & wildlife,South,wildlife,"safari,photography,nature",medium,winter,4.3,77,"Arignar Anna Zoological park is a wildlife destination in tamil nadu known for safari,photography,nature. It is ideal for history and cultural lover"
tamil nadu,Dakshinachitra museum,13.0038421,80.0808294,cultural & heritage sites,South,heritage,"culture,forts,shopping,history",medium,winter,3.9,81,"Dakshinachitra museum is a heritage destination in tamil nadu known for culture,forts,shopping,history. It is ideal for history and culture lovers"
tamil nadu,MGR Film city,12.991932,80.2704729,"arts, science & literature attractions",South,city,"exploration,local experience",luxury,All,4.7,95,"MGR Film city is a city destination in tamil nadu known for exploration,local experience. It is ideal for explorers and tourists"
tamil nadu,Thiruparankundram temple,13.0826802,80.2474329,religious & spiritual pilgrimages,South,religious,"temple,spiritual,peace",low,all,4.1,62,"Thiruparankundram temple is a religious destination in tamil nadu known for temple,spiritual,peace. It is ideal for spiritual seekers"
tamil nadu,Meghamalai,9.8821748,80.2707184,"natural landscapes & wildlife, sightseeing & exploration",South,wildlife,"safari,photography,nature",low,winter,4.1,80,"Meghamalai is a wildlife destination in tamil nadu known for safari,photography,nature. It is ideal for history and cultural lover"
tamil nadu,Alagar Kovil temple,9.9395002,78.071976,religious & spiritual pilgrimages,South,religious,"temple,spiritual,peace",low,all,3.8,84,"Alagar Kovil temple is a religious destination in tamil nadu known for temple,spiritual,peace. It is ideal for spiritual seekers"
tamil nadu,Vaigai dam,9.9252007,78.1187073,sightseeing & exploration,South,city,"exploration,local experience",low,All,4.1,94,"Vaigai dam is a city destination in tamil nadu known for exploration,local experience. It is ideal for explorers and tourists"
tamil nadu,Gandhi memorial museum,10.0536633,78.1197754,cultural & heritage sites,South,heritage,"culture,forts,shopping,history",low,winter,3.9,81,"Gandhi memorial museum is a heritage destination in tamil nadu known for culture,forts,shopping,history. It is ideal for history and culture lovers"
tamil nadu,Banana market,9.9297856,77.5897123,"culinary & food experiences, shopping & markets",South,city,"exploration,local experience",medium,All,4.0,94,"Banana market is a city destination in tamil nadu known for exploration,local experience. It is ideal for explorers and tourists"
tamil nadu,Jain caves,9.9211183,78.1381094,"cultural & heritage sites, sightseeing & exploration",South,heritage,"culture,forts,shopping,history",low,winter,4.8,81,"Jain caves is a heritage destination in tamil nadu known for culture,forts,shopping,history. It is ideal for history and culture lovers"
tamil nadu, Thirumalai Nayak palace,9.8780384,78.1243023,cultural & heritage sites,South,heritage,"culture,forts,shopping,history",high,winter,4.9,74," Thirumalai Nayak palace is a heritage destination in tamil nadu known for culture,forts,shopping,history. It is ideal for history and culture lovers"
tamil nadu,St. Mary's cathedral,9.9150904,78.0672102,religious & spiritual pilgrimages,South,religious,"temple,spiritual,peace",low,all,4.9,55,"St. Mary's cathedral is a religious destination in tamil nadu known for temple,spiritual,peace. It is ideal for spiritual seekers"
tamil nadu,Shopping at Puthu Mandapam,9.9126199,78.1237483,shopping & markets,South,city,"exploration,local experience",low,All,4.0,66,"Shopping at Puthu Mandapam is a city destination in tamil nadu known for exploration,local experience. It is ideal for explorers and tourists"
tamil nadu,Meenakshi Amman Temple,9.9201457,78.1253966,religious & spiritual pilgrimages,South,religious,"temple,spiritual,peace",low,all,3.9,83,"Meenakshi Amman Temple is a religious destination in tamil nadu known for temple,spiritual,peace. It is ideal for spiritual seekers"
tamil nadu,Sea world aquarium,9.9195045,78.1212534,"sightseeing & exploration, natural landscapes & wildlife",South,wildlife,"safari,photography,nature",low,winter,4.7,84,"Sea world aquarium is a wildlife destination in tamil nadu known for safari,photography,nature. It is ideal for history and cultural lover"
tamil nadu,Rameswaram lighthouse,9.2875837,78.1193418,sightseeing & exploration,South,city,"exploration,local experience",low,All,4.1,53,"Rameswaram lighthouse is a city destination in tamil nadu known for exploration,local experience. It is ideal for explorers and tourists"
tamil nadu,Kalam national memorial,9.3175826,79.3129488,cultural & heritage sites,South,heritage,"culture,forts,shopping,history",low,winter,4.7,78,"Kalam national memorial is a heritage destination in tamil nadu known for culture,forts,shopping,history. It is ideal for history and culture lovers"
tamil nadu,Water bird Sanctuary,9.2881317,79.3306887,natural landscapes & wildlife,South,wildlife,"safari,photography,nature",low,winter,4.2,69,"Water bird Sanctuary is a wildlife destination in tamil nadu known for safari,photography,nature. It is ideal for history and cultural lover"
tamil nadu,Adam's bridge,9.2875837,79.2709097,cultural & heritage sites,South,heritage,"culture,forts,shopping,history",low,winter,2.0,64,"Adam's bridge is a heritage destination in tamil nadu known for culture,forts,shopping,history. It is ideal for history and culture lovers"
tamil nadu,Ariyaman beach,9.0864914,79.3129488,adventure & outdoor activities,South,adventure,"trekking,rafting,paragliding",low,summer,4.5,84,"Ariyaman beach is a adventure destination in tamil nadu known for trekking,rafting,paragliding. It is ideal for adventure lover"
tamil nadu,Agni teertham sacred bath,9.2968404,79.5685186,religious & spiritual pilgrimages,South,religious,"temple,spiritual,peace",low,all,4.8,57,"Agni teertham sacred bath is a religious destination in tamil nadu known for temple,spiritual,peace. It is ideal for spiritual seekers"
tamil nadu,Kothandaramaswamy Temple,9.2886164,79.0680317,religious & spiritual pilgrimages,South,religious,"temple,spiritual,peace",low,all,4.0,60,"Kothandaramaswamy Temple is a religious destination in tamil nadu known for temple,spiritual,peace. It is ideal for spiritual seekers"
tamil nadu,Ramanathaswamy Temple,9.2331475,79.3213819,religious & spiritual pilgrimages,South,religious,"temple,spiritual,peace",low,all,3.9,93,"Ramanathaswamy Temple is a religious destination in tamil nadu known for temple,spiritual,peace. It is ideal for spiritual seekers"
tamil nadu,Vivekananda Rock Memorial,9.2881136,79.3480474,cultural & heritage sites,South,heritage,"culture,forts,shopping,history",low,winter,4.6,50,"Vivekananda Rock Memorial is a heritage destination in tamil nadu known for culture,forts,shopping,history. It is ideal for history and culture lovers"
tamil nadu,Thiruvalluvar Statue,8.0778853,79.3173919,cultural & heritage sites,South,heritage,"culture,forts,shopping,history",low,winter,4.6,70,"Thiruvalluvar Statue is a heritage destination in tamil nadu known for culture,forts,shopping,history. It is ideal for history and culture lovers"
tamil nadu,Padmanabhapuram palace,8.0778074,77.5558698,cultural & heritage sites,South,heritage,"culture,forts,shopping,history",low,winter,4.1,63,"Padmanabhapuram palace is a heritage destination in tamil nadu known for culture,forts,shopping,history. It is ideal for history and culture lovers"
tamil nadu,Triveni Sangam,8.2507431,77.5540357,cultural & heritage sites,South,heritage,"culture,forts,shopping,history",low,winter,4.7,93,"Triveni Sangam is a heritage destination in tamil nadu known for culture,forts,shopping,history. It is ideal for history and culture lovers"
tamil nadu,Sannathi Street shopping,8.0780746,77.3266987,shopping & markets,South,city,"exploration,local experience",low,All,3.9,74,"Sannathi Street shopping is a city destination in tamil nadu known for exploration,local experience. It is ideal for explorers and tourists"
tamil nadu,Courtallam falls,8.0809502,77.5508165,natural landscapes & wildlife,South,wildlife,"safari,photography,nature",low,winter,4.8,51,"Courtallam falls is a wildlife destination in tamil nadu known for safari,photography,nature. It is ideal for history and cultural lover"
tamil nadu,Vattakottai fort,8.9341102,77.5508198,cultural & heritage sites,South,heritage,"culture,forts,shopping,history",low,winter,4.6,78,"Vattakottai fort is a heritage destination in tamil nadu known for culture,forts,shopping,history. It is ideal for history and culture lovers"
tamil nadu,St.Xavier Church,8.125627,77.277938,religious & spiritual pilgrimages,South,religious,"temple,spiritual,peace",low,all,4.2,93,"St.Xavier Church is a religious destination in tamil nadu known for temple,spiritual,peace. It is ideal for spiritual seekers"
tamil nadu,Kumari Amman temple,8.1748264,77.564996,religious & spiritual pilgrimages,South,religious,"temple,spiritual,peace",low,all,4.6,71,"Kumari Amman temple is a religious destination in tamil nadu known for temple,spiritual,peace. It is ideal for spiritual seekers"
tamil nadu,Ooty Lake,8.0793037,77.4385005,"sightseeing & exploration, natural landscapes & wildlife",South,wildlife,"safari,photography,nature",low,winter,4.7,65,"Ooty Lake is a wildlife destination in tamil nadu known for safari,photography,nature. It is ideal for history and cultural lover"
tamil nadu,Marudamalai Temple,11.4102038,77.5509774,religious & spiritual pilgrimages,South,religious,"temple,spiritual,peace",low,all,4.7,53,"Marudamalai Temple is a religious destination in tamil nadu known for temple,spiritual,peace. It is ideal for spiritual seekers"
tamil nadu,Trek to Dhoni hills,11.046568,76.6950324,adventure & outdoor activities,South,adventure,"trekking,rafting,paragliding",low,summer,4.5,81,"Trek to Dhoni hills is a adventure destination in tamil nadu known for trekking,rafting,paragliding. It is ideal for adventure lover"
tamil nadu,Trek to Perumal peak,11.0168445,76.8517068,adventure & outdoor activities,South,adventure,"trekking,rafting,paragliding",low,summer,4.7,71,"Trek to Perumal peak is a adventure destination in tamil nadu known for trekking,rafting,paragliding. It is ideal for adventure lover"
tamil nadu,Trek to Thalaiyar falls,11.0168445,76.9558321,adventure & outdoor activities,South,adventure,"trekking,rafting,paragliding",low,summer,4.3,95,"Trek to Thalaiyar falls is a adventure destination in tamil nadu known for trekking,rafting,paragliding. It is ideal for adventure lover"
tamil nadu,Black Thunder amusement park,11.0168445,76.9558321,adventure & outdoor activities,South,adventure,"trekking,rafting,paragliding",low,summer,4.6,69,"Black Thunder amusement park is a adventure destination in tamil nadu known for trekking,rafting,paragliding. It is ideal for adventure lover"
tamil nadu,Brookefields mall,11.3264548,76.9558321,shopping & markets,South,city,"exploration,local experience",medium,All,4.4,84,"Brookefields mall is a city destination in tamil nadu known for exploration,local experience. It is ideal for explorers and tourists"
tamil nadu,Adiyogi Shiva Statue ,11.0092555,76.9127039,religious & spiritual pilgrimages,South,religious,"temple,spiritual,peace",low,all,4.7,75,"Adiyogi Shiva Statue  is a religious destination in tamil nadu known for temple,spiritual,peace. It is ideal for spiritual seekers"
tamil nadu,Racing events at Chettipalayam,10.9724897,76.9590555,adventure & outdoor activities,South,adventure,"trekking,rafting,paragliding",low,summer,4.4,80,"Racing events at Chettipalayam is a adventure destination in tamil nadu known for trekking,rafting,paragliding. It is ideal for adventure lover"
tamil nadu,GeDee Car museum tour,10.9132206,76.7404437,"arts, science & literature attractions, cultural & heritage sites",South,heritage,"culture,forts,shopping,history",low,winter,4.5,97,"GeDee Car museum tour is a heritage destination in tamil nadu known for culture,forts,shopping,history. It is ideal for history and culture lovers"
tamil nadu,Textile museum tour ,11.0066289,77.036902,"arts, science & literature attractions",South,city,"exploration,local experience",low,All,4.7,94,"Textile museum tour  is a city destination in tamil nadu known for exploration,local experience. It is ideal for explorers and tourists"
tamil nadu,Anamalai Wildlife Sanctuary,11.0347344,76.9779209,natural landscapes & wildlife,South,wildlife,"safari,photography,nature",low,winter,4.7,96,"Anamalai Wildlife Sanctuary is a wildlife destination in tamil nadu known for safari,photography,nature. It is ideal for history and cultural lover"
tamil nadu,Valankulam lake,10.4059862,77.0324697,sightseeing & exploration,South,city,"exploration,local experience",low,All,4.5,60,"Valankulam lake is a city destination in tamil nadu known for exploration,local experience. It is ideal for explorers and tourists"
tamil nadu,Velliangiri hills,10.991694,77.1294933,adventure & outdoor activities,South,adventure,"trekking,rafting,paragliding",low,summer,4.6,70,"Velliangiri hills is a adventure destination in tamil nadu known for trekking,rafting,paragliding. It is ideal for adventure lover"
tamil nadu,TNAU Botanical gardens,10.983279,76.972167,sightseeing & exploration,South,city,"exploration,local experience",medium,All,4.5,55,"TNAU Botanical gardens is a city destination in tamil nadu known for exploration,local experience. It is ideal for explorers and tourists"
tamil nadu,Nilgiri Biosphere Nature Park ,11.0147932,76.6926714,natural landscapes & wildlife,South,wildlife,"safari,photography,nature",low,winter,4.6,97,"Nilgiri Biosphere Nature Park  is a wildlife destination in tamil nadu known for safari,photography,nature. It is ideal for history and cultural lover"
tamil nadu,Maryoor hilly getaway,11.02638,76.9315362,sightseeing & exploration,South,city,"exploration,local experience",low,All,4.1,99,"Maryoor hilly getaway is a city destination in tamil nadu known for exploration,local experience. It is ideal for explorers and tourists"
tamil nadu,Kodaikanal Lake,11.0168445,77.0032888,sightseeing & exploration,South,city,"exploration,local experience",low,All,3.8,71,"Kodaikanal Lake is a city destination in tamil nadu known for exploration,local experience. It is ideal for explorers and tourists"
tamil nadu,Night Safari,10.2343586,76.9558321,adventure & outdoor activities,South,adventure,"trekking,rafting,paragliding",low,summer,4.3,70,"Night Safari is a adventure destination in tamil nadu known for trekking,rafting,paragliding. It is ideal for adventure lover"
tamil nadu,Stroll at Coaker's Walk,10.2391086,77.4863295,sightseeing & exploration,South,city,"exploration,local experience",low,All,4.3,91,"Stroll at Coaker's Walk is a city destination in tamil nadu known for exploration,local experience. It is ideal for explorers and tourists"
tamil nadu,Dolphin's Nose,10.2300175,77.4977456,"sightseeing & exploration, natural landscapes & wildlife",South,wildlife,"safari,photography,nature",low,winter,4.6,70,"Dolphin's Nose is a wildlife destination in tamil nadu known for safari,photography,nature. It is ideal for history and cultural lover"
tamil nadu,Caps valley viewpoint,10.2166621,77.4937172,"sightseeing & exploration, natural landscapes & wildlife",South,wildlife,"safari,photography,nature",medium,winter,4.7,50,"Caps valley viewpoint is a wildlife destination in tamil nadu known for safari,photography,nature. It is ideal for history and cultural lover"
tamil nadu,Bear Shola falls,10.1807628,77.4863964,"sightseeing & exploration, natural landscapes & wildlife",South,wildlife,"safari,photography,nature",low,winter,4.6,79,"Bear Shola falls is a wildlife destination in tamil nadu known for safari,photography,nature. It is ideal for history and cultural lover"
tamil nadu,Bryant park,10.2396614,77.4175698,sightseeing & exploration,South,city,"exploration,local experience",medium,All,4.8,64,"Bryant park is a city destination in tamil nadu known for exploration,local experience. It is ideal for explorers and tourists"
tamil nadu,Berijam lake,10.2310165,77.4785336,"sightseeing & exploration, natural landscapes & wildlife",South,wildlife,"safari,photography,nature",low,winter,4.7,51,"Berijam lake is a wildlife destination in tamil nadu known for safari,photography,nature. It is ideal for history and cultural lover"
tamil nadu,Guna caves,10.1841444,77.4918904,adventure & outdoor activities,South,adventure,"trekking,rafting,paragliding",low,summer,4.5,87,"Guna caves is a adventure destination in tamil nadu known for trekking,rafting,paragliding. It is ideal for adventure lover"
tamil nadu,La Saleth Church,10.2103444,77.3959592,religious & spiritual pilgrimages,South,religious,"temple,spiritual,peace",low,all,4.6,80,"La Saleth Church is a religious destination in tamil nadu known for temple,spiritual,peace. It is ideal for spiritual seekers"
tamil nadu,Hike to Pillars of Nature,10.2235459,77.4617799,adventure & outdoor activities,South,adventure,"trekking,rafting,paragliding",luxury,summer,4.5,97,"Hike to Pillars of Nature is a adventure destination in tamil nadu known for trekking,rafting,paragliding. It is ideal for adventure lover"
tamil nadu,Brihadeeswarar Temple,10.2391086,77.4854759,religious & spiritual pilgrimages,South,religious,"temple,spiritual,peace",low,all,4.1,60,"Brihadeeswarar Temple is a religious destination in tamil nadu known for temple,spiritual,peace. It is ideal for spiritual seekers"
tamil nadu,Gangaikonda Cholapuram,10.7826954,77.4977456,cultural & heritage sites,South,heritage,"culture,forts,shopping,history",low,winter,4.7,58,"Gangaikonda Cholapuram is a heritage destination in tamil nadu known for culture,forts,shopping,history. It is ideal for history and culture lovers"
tamil nadu,Shiva Ganga Garden ,11.2075881,79.1314587,sightseeing & exploration,South,city,"exploration,local experience",low,All,4.7,54,"Shiva Ganga Garden  is a city destination in tamil nadu known for exploration,local experience. It is ideal for explorers and tourists"
tamil nadu,Vijaynagar fort,10.1841413,79.4513858,cultural & heritage sites,South,heritage,"culture,forts,shopping,history",luxury,winter,4.6,54,"Vijaynagar fort is a heritage destination in tamil nadu known for culture,forts,shopping,history. It is ideal for history and culture lovers"
tamil nadu,Thanjavur Royal Palace and Art Gallery,10.7929397,79.1961043,cultural & heritage sites,South,heritage,"culture,forts,shopping,history",low,winter,4.5,76,"Thanjavur Royal Palace and Art Gallery is a heritage destination in tamil nadu known for culture,forts,shopping,history. It is ideal for history and culture lovers"
tamil nadu,Shore Temple,12.6164515,79.1376311,religious & spiritual pilgrimages,South,religious,"temple,spiritual,peace",luxury,all,4.4,55,"Shore Temple is a religious destination in tamil nadu known for temple,spiritual,peace. It is ideal for spiritual seekers"
tamil nadu,Pancha Ratha,12.608893,80.189613,cultural & heritage sites,South,heritage,"culture,forts,shopping,history",low,winter,4.7,87,"Pancha Ratha is a heritage destination in tamil nadu known for culture,forts,shopping,history. It is ideal for history and culture lovers"
tamil nadu,Krishna's Chunk,11.1271225,78.6568942,sightseeing & exploration,South,city,"exploration,local experience",low,All,4.5,57,"Krishna's Chunk is a city destination in tamil nadu known for exploration,local experience. It is ideal for explorers and tourists"
tamil nadu,Arjuna's Penance,12.6179495,80.1927029,sightseeing & exploration,South,city,"exploration,local experience",low,All,4.5,70,"Arjuna's Penance is a city destination in tamil nadu known for exploration,local experience. It is ideal for explorers and tourists"
tamil nadu,India Seashell Museum,12.6094039,80.1876212,cultural & heritage sites,South,heritage,"culture,forts,shopping,history",low,winter,4.5,57,"India Seashell Museum is a heritage destination in tamil nadu known for culture,forts,shopping,history. It is ideal for history and culture lovers"
tamil nadu,Crocodile farm,11.1271225,78.6568942,sightseeing & exploration,South,city,"exploration,local experience",low,All,4.6,95,"Crocodile farm is a city destination in tamil nadu known for exploration,local experience. It is ideal for explorers and tourists"
tamil nadu,Cavern Temples,11.1271225,78.6568942,religious & spiritual pilgrimages,South,religious,"temple,spiritual,peace",low,all,4.7,80,"Cavern Temples is a religious destination in tamil nadu known for temple,spiritual,peace. It is ideal for spiritual seekers"
tamil nadu,Yercaud Lake,11.7841423,78.2102296,sightseeing & exploration,South,city,"exploration,local experience",low,All,4.5,66,"Yercaud Lake is a city destination in tamil nadu known for exploration,local experience. It is ideal for explorers and tourists"
tamil nadu,Grange Treetop Adventure,11.7776437,78.2208538,adventure & outdoor activities,South,adventure,"trekking,rafting,paragliding",low,summer,4.1,78,"Grange Treetop Adventure is a adventure destination in tamil nadu known for trekking,rafting,paragliding. It is ideal for adventure lover"
tamil nadu,The Oak trails,11.7865552,78.2036325,adventure & outdoor activities,South,adventure,"trekking,rafting,paragliding",high,summer,4.5,66,"The Oak trails is a adventure destination in tamil nadu known for trekking,rafting,paragliding. It is ideal for adventure lover"
andhra pradesh,Kanaka Durga Temple,16.5154055,80.605864,religious & spiritual pilgrimages,South,religious,"temple,spiritual,peace",low,all,4.7,51,"Kanaka Durga Temple is a religious destination in andhra pradesh known for temple,spiritual,peace. It is ideal for spiritual seekers"
andhra pradesh,Undavalli caves,16.4971412,80.5821896,sightseeing & exploration,South,city,"exploration,local experience",low,All,4.8,86,"Undavalli caves is a city destination in andhra pradesh known for exploration,local experience. It is ideal for explorers and tourists"
andhra pradesh,Bhavani island,16.523107,80.5730084,adventure & outdoor activities,South,adventure,"trekking,rafting,paragliding",low,summer,4.5,72,"Bhavani island is a adventure destination in andhra pradesh known for trekking,rafting,paragliding. It is ideal for adventure lover"
andhra pradesh,Kondapalli Fort,16.6254258,80.5306487,sightseeing & exploration,South,city,"exploration,local experience",high,All,4.4,82,"Kondapalli Fort is a city destination in andhra pradesh known for exploration,local experience. It is ideal for explorers and tourists"
andhra pradesh,Shopping at Besant road,16.5107307,80.6265836,shopping & markets,South,city,"exploration,local experience",low,All,4.5,86,"Shopping at Besant road is a city destination in andhra pradesh known for exploration,local experience. It is ideal for explorers and tourists"
andhra pradesh,Bapu museum,16.5076521,80.6277072,"arts, science & literature attractions",South,city,"exploration,local experience",low,All,4.6,89,"Bapu museum is a city destination in andhra pradesh known for exploration,local experience. It is ideal for explorers and tourists"
andhra pradesh,Mogalarajapuram caves,16.5059513,80.6451779,sightseeing & exploration,South,city,"exploration,local experience",low,All,4.7,93,"Mogalarajapuram caves is a city destination in andhra pradesh known for exploration,local experience. It is ideal for explorers and tourists"
andhra pradesh,Shopping at Kalanikethan ,15.9128998,79.7399875,shopping & markets,South,city,"exploration,local experience",low,All,4.6,91,"Shopping at Kalanikethan  is a city destination in andhra pradesh known for exploration,local experience. It is ideal for explorers and tourists"
andhra pradesh,Lepakshi Handicrafts Emporium,13.8039436,77.6077197,shopping & markets,South,city,"exploration,local experience",low,All,4.7,69,"Lepakshi Handicrafts Emporium is a city destination in andhra pradesh known for exploration,local experience. It is ideal for explorers and tourists"
andhra pradesh,Old Book market by Purna Market,17.7090249,83.297086,shopping & markets,South,city,"exploration,local experience",low,All,4.3,99,"Old Book market by Purna Market is a city destination in andhra pradesh known for exploration,local experience. It is ideal for explorers and tourists"
andhra pradesh,CMR Shopping Mall,15.9128998,79.7399875,shopping & markets,South,city,"exploration,local experience",low,All,4.7,84,"CMR Shopping Mall is a city destination in andhra pradesh known for exploration,local experience. It is ideal for explorers and tourists"
andhra pradesh,Rishikonda Beach,17.7825201,83.3851154,"adventure & outdoor activities, natural landscapes & wildlife",South,adventure,"trekking,rafting,paragliding",low,summer,4.4,74,"Rishikonda Beach is a adventure destination in andhra pradesh known for trekking,rafting,paragliding. It is ideal for adventure lover"
andhra pradesh,Kailasagiri,17.7492105,83.3418016,"adventure & outdoor activities, natural landscapes & wildlife",South,adventure,"trekking,rafting,paragliding",luxury,summer,4.4,93,"Kailasagiri is a adventure destination in andhra pradesh known for trekking,rafting,paragliding. It is ideal for adventure lover"
andhra pradesh,Submarine Museum,15.9128998,79.7399875,sightseeing & exploration,South,city,"exploration,local experience",low,All,4.6,70,"Submarine Museum is a city destination in andhra pradesh known for exploration,local experience. It is ideal for explorers and tourists"
andhra pradesh,Borra Caves,18.2806929,83.0396992,"adventure & outdoor activities, natural landscapes & wildlife",South,adventure,"trekking,rafting,paragliding",low,summer,4.7,90,"Borra Caves is a adventure destination in andhra pradesh known for trekking,rafting,paragliding. It is ideal for adventure lover"
andhra pradesh,War Memorial,15.9128998,79.7399875,adventure & outdoor activities,South,adventure,"trekking,rafting,paragliding",low,summer,4.8,91,"War Memorial is a adventure destination in andhra pradesh known for trekking,rafting,paragliding. It is ideal for adventure lover"
andhra pradesh,Indira Gandhi Zoological Park,17.765657,83.3488338,"sightseeing & exploration, natural landscapes & wildlife",South,wildlife,"safari,photography,nature",low,winter,4.6,86,"Indira Gandhi Zoological Park is a wildlife destination in andhra pradesh known for safari,photography,nature. It is ideal for history and cultural lover"
andhra pradesh,Matsyadarshini Aquarium,15.9128998,79.7399875,sightseeing & exploration,South,city,"exploration,local experience",low,All,4.5,75,"Matsyadarshini Aquarium is a city destination in andhra pradesh known for exploration,local experience. It is ideal for explorers and tourists"
andhra pradesh,Visakha Museum,17.7205813,83.3345285,"arts, science & literature attractions, sightseeing & exploration",South,city,"exploration,local experience",low,All,4.7,95,"Visakha Museum is a city destination in andhra pradesh known for exploration,local experience. It is ideal for explorers and tourists"
andhra pradesh,Mallikarjuna Swamy Temple,15.9128998,79.7399875,religious & spiritual pilgrimages,South,religious,"temple,spiritual,peace",low,all,4.5,70,"Mallikarjuna Swamy Temple is a religious destination in andhra pradesh known for temple,spiritual,peace. It is ideal for spiritual seekers"
andhra pradesh,Srisailam Wildlife sanctuary,16.0737457,78.8726842,natural landscapes & wildlife,South,wildlife,"safari,photography,nature",low,winter,4.4,98,"Srisailam Wildlife sanctuary is a wildlife destination in andhra pradesh known for safari,photography,nature. It is ideal for history and cultural lover"
andhra pradesh,Chenchu Lakshmi Tribal Museum,16.0694755,78.8714984,cultural & heritage sites,South,heritage,"culture,forts,shopping,history",low,winter,4.7,89,"Chenchu Lakshmi Tribal Museum is a heritage destination in andhra pradesh known for culture,forts,shopping,history. It is ideal for history and culture lovers"
andhra pradesh,Mallela Theertham,15.9128998,79.7399875,natural landscapes & wildlife,South,wildlife,"safari,photography,nature",medium,winter,4.4,53,"Mallela Theertham is a wildlife destination in andhra pradesh known for safari,photography,nature. It is ideal for history and cultural lover"
andhra pradesh,Belum Caves,15.1025794,78.1115072,natural landscapes & wildlife,South,wildlife,"safari,photography,nature",low,winter,4.6,98,"Belum Caves is a wildlife destination in andhra pradesh known for safari,photography,nature. It is ideal for history and cultural lover"
andhra pradesh,Rollapadu wildlife sanctuary,15.7389773,78.3650976,natural landscapes & wildlife,South,wildlife,"safari,photography,nature",low,winter,4.3,52,"Rollapadu wildlife sanctuary is a wildlife destination in andhra pradesh known for safari,photography,nature. It is ideal for history and cultural lover"
andhra pradesh,Oravakallu rock garden,15.6928965,78.1521842,"natural landscapes & wildlife, sightseeing & exploration",South,wildlife,"safari,photography,nature",low,winter,4.2,58,"Oravakallu rock garden is a wildlife destination in andhra pradesh known for safari,photography,nature. It is ideal for history and cultural lover"
andhra pradesh,Mahanandi village,15.4707317,78.6254084,sightseeing & exploration,South,city,"exploration,local experience",low,All,4.6,76,"Mahanandi village is a city destination in andhra pradesh known for exploration,local experience. It is ideal for explorers and tourists"
andhra pradesh,Kurnool fort,15.8323892,78.0544946,cultural & heritage sites,South,heritage,"culture,forts,shopping,history",low,winter,4.7,80,"Kurnool fort is a heritage destination in andhra pradesh known for culture,forts,shopping,history. It is ideal for history and culture lovers"
andhra pradesh,Ahobilam temple,15.1337667,78.6741657,religious & spiritual pilgrimages,South,religious,"temple,spiritual,peace",low,all,4.8,80,"Ahobilam temple is a religious destination in andhra pradesh known for temple,spiritual,peace. It is ideal for spiritual seekers"
sikkim,Nathula Pass,27.3865684,88.8308731,"sightseeing & exploration, natural landscapes & wildlife",North-East,wildlife,"safari,photography,nature",low,winter,3.0,71,"Nathula Pass is a wildlife destination in sikkim known for safari,photography,nature. It is ideal for history and cultural lover"
sikkim,Cable Ride at Gangtok,27.3313512,88.6138113,adventure & outdoor activities,North-East,adventure,"trekking,rafting,paragliding",low,summer,4.0,79,"Cable Ride at Gangtok is a adventure destination in sikkim known for trekking,rafting,paragliding. It is ideal for adventure lover"
sikkim,"Yak safari , Dzongri",27.466667,88.15,adventure & outdoor activities,North-East,adventure,"trekking,rafting,paragliding",high,summer,4.0,80,"Yak safari , Dzongri is a adventure destination in sikkim known for trekking,rafting,paragliding. It is ideal for adventure lover"
sikkim,Mountain biking treks,27.3516407,88.3239309,adventure & outdoor activities,North-East,adventure,"trekking,rafting,paragliding",luxury,summer,4.2,60,"Mountain biking treks is a adventure destination in sikkim known for trekking,rafting,paragliding. It is ideal for adventure lover"
sikkim,River rafting,27.3516407,88.3239309,adventure & outdoor activities,North-East,adventure,"trekking,rafting,paragliding",luxury,summer,4.8,60,"River rafting is a adventure destination in sikkim known for trekking,rafting,paragliding. It is ideal for adventure lover"
sikkim,Paragliding in Baliman Dara,27.3481118,88.5957415,adventure & outdoor activities,North-East,adventure,"trekking,rafting,paragliding",luxury,summer,4.5,58,"Paragliding in Baliman Dara is a adventure destination in sikkim known for trekking,rafting,paragliding. It is ideal for adventure lover"
sikkim,Explore M.G.Marg city centre,27.3253821,88.61189,sightseeing & exploration,North-East,city,"exploration,local experience",low,All,4.8,70,"Explore M.G.Marg city centre is a city destination in sikkim known for exploration,local experience. It is ideal for explorers and tourists"
sikkim,Sunrise at Tashi view point,27.3706406,88.616133,"natural landscapes & wildlife, sightseeing & exploration",North-East,wildlife,"safari,photography,nature",low,winter,4.4,88,"Sunrise at Tashi view point is a wildlife destination in sikkim known for safari,photography,nature. It is ideal for history and cultural lover"
sikkim,Shopping at Lal Bazaar,27.3516407,88.3239309,shopping & markets,North-East,city,"exploration,local experience",low,All,4.6,56,"Shopping at Lal Bazaar is a city destination in sikkim known for exploration,local experience. It is ideal for explorers and tourists"
sikkim,Tsuk La Khang Monastery,27.3261111,88.6147222,religious & spiritual pilgrimages,North-East,religious,"temple,spiritual,peace",low,all,4.7,99,"Tsuk La Khang Monastery is a religious destination in sikkim known for temple,spiritual,peace. It is ideal for spiritual seekers"
sikkim,Hanuman Tok,27.3478348,88.628696,religious & spiritual pilgrimages,North-East,religious,"temple,spiritual,peace",low,all,4.3,97,"Hanuman Tok is a religious destination in sikkim known for temple,spiritual,peace. It is ideal for spiritual seekers"
sikkim,Seven Sisters waterfall,27.44375253,88.60777208,natural landscapes & wildlife,North-East,wildlife,"safari,photography,nature",low,winter,4.4,56,"Seven Sisters waterfall is a wildlife destination in sikkim known for safari,photography,nature. It is ideal for history and cultural lover"
sikkim,Rumtek monastery,27.3059105,88.5362892,religious & spiritual pilgrimages,North-East,religious,"temple,spiritual,peace",low,all,4.2,74,"Rumtek monastery is a religious destination in sikkim known for temple,spiritual,peace. It is ideal for spiritual seekers"
sikkim,Tsongmo lake ,27.3741667,88.7619444,natural landscapes & wildlife,North-East,wildlife,"safari,photography,nature",low,winter,4.2,69,"Tsongmo lake  is a wildlife destination in sikkim known for safari,photography,nature. It is ideal for history and cultural lover"
sikkim,Shingba Rhododendron sanctuary,27.8012861,88.7695197,natural landscapes & wildlife,North-East,wildlife,"safari,photography,nature",low,winter,3.8,68,"Shingba Rhododendron sanctuary is a wildlife destination in sikkim known for safari,photography,nature. It is ideal for history and cultural lover"
sikkim,Khangchendzonga biosphere reserve,27.6672446,88.3245556,natural landscapes & wildlife,North-East,wildlife,"safari,photography,nature",low,winter,3.2,96,"Khangchendzonga biosphere reserve is a wildlife destination in sikkim known for safari,photography,nature. It is ideal for history and cultural lover"
sikkim,Skiing by Mt Katao,27.6525132,88.8128996,adventure & outdoor activities,North-East,adventure,"trekking,rafting,paragliding",luxury,summer,4.0,79,"Skiing by Mt Katao is a adventure destination in sikkim known for trekking,rafting,paragliding. It is ideal for adventure lover"
sikkim,Banjkhari falls,27.3507643,88.6032316,natural landscapes & wildlife,North-East,wildlife,"safari,photography,nature",low,winter,4.0,85,"Banjkhari falls is a wildlife destination in sikkim known for safari,photography,nature. It is ideal for history and cultural lover"
sikkim,Himalayan Zoological park,27.3567013,88.6300149,natural landscapes & wildlife,North-East,wildlife,"safari,photography,nature",medium,winter,4.0,95,"Himalayan Zoological park is a wildlife destination in sikkim known for safari,photography,nature. It is ideal for history and cultural lover"
sikkim,Pemayangtse Monastery,27.303354,88.253716,cultural & heritage sites,North-East,heritage,"culture,forts,shopping,history",low,winter,4.8,86,"Pemayangtse Monastery is a heritage destination in sikkim known for culture,forts,shopping,history. It is ideal for history and culture lovers"
sikkim,Kanchenjunga waterfalls and national park,27.3586875,88.1988125,natural landscapes & wildlife,North-East,wildlife,"safari,photography,nature",low,winter,4.8,54,"Kanchenjunga waterfalls and national park is a wildlife destination in sikkim known for safari,photography,nature. It is ideal for history and cultural lover"
sikkim,Rabdentse Ruins,27.301403,88.2566223,cultural & heritage sites,North-East,heritage,"culture,forts,shopping,history",low,winter,5.0,90,"Rabdentse Ruins is a heritage destination in sikkim known for culture,forts,shopping,history. It is ideal for history and culture lovers"
sikkim,Rinchenpong bazaar,27.243277,88.2708571,shopping & markets,North-East,city,"exploration,local experience",low,All,4.3,51,"Rinchenpong bazaar is a city destination in sikkim known for exploration,local experience. It is ideal for explorers and tourists"
sikkim,Rural Artisan Marketing Centre,27.3007124,88.2358993,shopping & markets,North-East,city,"exploration,local experience",low,All,4.3,77,"Rural Artisan Marketing Centre is a city destination in sikkim known for exploration,local experience. It is ideal for explorers and tourists"
sikkim,Sewaro Rock garden,27.3158029,88.1898361,natural landscapes & wildlife,North-East,wildlife,"safari,photography,nature",low,winter,5.0,72,"Sewaro Rock garden is a wildlife destination in sikkim known for safari,photography,nature. It is ideal for history and cultural lover"
sikkim,Singshore suspension bridge,27.2604072,88.1129982,"adventure & outdoor activities,sightseeing & exploration",North-East,adventure,"trekking,rafting,paragliding",low,summer,4.7,98,"Singshore suspension bridge is a adventure destination in sikkim known for trekking,rafting,paragliding. It is ideal for adventure lover"
sikkim,Pelling Skywalk,27.2969309,88.2195178,"adventure & outdoor activities,sightseeing & exploration",North-East,adventure,"trekking,rafting,paragliding",low,summer,4.4,90,"Pelling Skywalk is a adventure destination in sikkim known for trekking,rafting,paragliding. It is ideal for adventure lover"
sikkim,Kalimpong,27.0593562,88.4694535,sightseeing & exploration,North-East,city,"exploration,local experience",low,All,4.5,67,"Kalimpong is a city destination in sikkim known for exploration,local experience. It is ideal for explorers and tourists"
sikkim,Char Dham,27.3516407,88.3239309,religious & spiritual pilgrimages,North-East,religious,"temple,spiritual,peace",low,all,4.8,84,"Char Dham is a religious destination in sikkim known for temple,spiritual,peace. It is ideal for spiritual seekers"
sikkim, Tendong Hill & Biodiversity park,27.3516407,88.3239309,natural landscapes & wildlife,North-East,wildlife,"safari,photography,nature",low,winter,5.0,63," Tendong Hill & Biodiversity park is a wildlife destination in sikkim known for safari,photography,nature. It is ideal for history and cultural lover"
sikkim,Doling Gompa ,27.3516407,88.3239309,religious & spiritual pilgrimages,North-East,religious,"temple,spiritual,peace",low,all,4.5,84,"Doling Gompa  is a religious destination in sikkim known for temple,spiritual,peace. It is ideal for spiritual seekers"
sikkim,Ngadak monastery,27.1732407,88.3706278,religious & spiritual pilgrimages,North-East,religious,"temple,spiritual,peace",low,all,4.7,53,"Ngadak monastery is a religious destination in sikkim known for temple,spiritual,peace. It is ideal for spiritual seekers"
sikkim,Maenam Wildlife sanctuary,27.3239572,88.3799727,natural landscapes & wildlife,North-East,wildlife,"safari,photography,nature",high,winter,4.7,95,"Maenam Wildlife sanctuary is a wildlife destination in sikkim known for safari,photography,nature. It is ideal for history and cultural lover"
sikkim,Samdruptse Hill,27.1799743,88.3796775,religious & spiritual pilgrimages,North-East,religious,"temple,spiritual,peace",low,all,3.9,85,"Samdruptse Hill is a religious destination in sikkim known for temple,spiritual,peace. It is ideal for spiritual seekers"
sikkim,Buddha Park,27.3143623,88.3632705,"arts, science & literature attractions",North-East,city,"exploration,local experience",low,All,3.8,58,"Buddha Park is a city destination in sikkim known for exploration,local experience. It is ideal for explorers and tourists"
sikkim,Ralang monastery,27.327015,88.355095,religious & spiritual pilgrimages,North-East,religious,"temple,spiritual,peace",low,all,3.7,97,"Ralang monastery is a religious destination in sikkim known for temple,spiritual,peace. It is ideal for spiritual seekers"
sikkim,Doling Gompa ,27.3516407,88.3239309,religious & spiritual pilgrimages,North-East,religious,"temple,spiritual,peace",low,all,34.0,92,"Doling Gompa  is a religious destination in sikkim known for temple,spiritual,peace. It is ideal for spiritual seekers"
sikkim,Kheunpheling Carpet centre,27.3516407,88.3239309,shopping & markets,North-East,city,"exploration,local experience",luxury,All,4.3,62,"Kheunpheling Carpet centre is a city destination in sikkim known for exploration,local experience. It is ideal for explorers and tourists"
sikkim,Rayong sunrise point,27.3516407,88.3239309,sightseeing & exploration,North-East,city,"exploration,local experience",low,All,4.1,73,"Rayong sunrise point is a city destination in sikkim known for exploration,local experience. It is ideal for explorers and tourists"
sikkim,Borong Hot springs,27.3657693,88.3278092,"natural landscapes & wildlife, sightseeing & exploration",North-East,wildlife,"safari,photography,nature",low,winter,4.0,54,"Borong Hot springs is a wildlife destination in sikkim known for safari,photography,nature. It is ideal for history and cultural lover"
sikkim,Temi tea garden,27.2398,88.427643,sightseeing & exploration,North-East,city,"exploration,local experience",medium,All,4.0,60,"Temi tea garden is a city destination in sikkim known for exploration,local experience. It is ideal for explorers and tourists"
sikkim,Maenam hill,27.3516407,88.3239309,"natural landscapes & wildlife, adventure & outdoor activities, sightseeing & exploration",North-East,wildlife,"safari,photography,nature",low,winter,4.0,71,"Maenam hill is a wildlife destination in sikkim known for safari,photography,nature. It is ideal for history and cultural lover"
assam,Kamakhya Temple,26.1664108,91.7055031,religious & spiritual pilgrimages,North-East,religious,"temple,spiritual,peace",low,all,4.9,98,"Kamakhya Temple is a religious destination in assam known for temple,spiritual,peace. It is ideal for spiritual seekers"
assam,Kalakshetra theatre and artifact museum,26.2006043,92.9375739,"arts, science & literature attractions",North-East,city,"exploration,local experience",medium,All,4.8,77,"Kalakshetra theatre and artifact museum is a city destination in assam known for exploration,local experience. It is ideal for explorers and tourists"
assam,Assam state museum,26.185175,91.7520769,cultural & heritage sites,North-East,heritage,"culture,forts,shopping,history",low,winter,4.7,60,"Assam state museum is a heritage destination in assam known for culture,forts,shopping,history. It is ideal for history and culture lovers"
assam,Guwahati planetarium,26.1914,91.7519611,"arts, science & literature attractions",North-East,city,"exploration,local experience",medium,All,4.8,89,"Guwahati planetarium is a city destination in assam known for exploration,local experience. It is ideal for explorers and tourists"
assam,Sunset cruise by river Brahmaputra,26.2006043,92.9375739,sightseeing & exploration,North-East,city,"exploration,local experience",low,All,3.8,80,"Sunset cruise by river Brahmaputra is a city destination in assam known for exploration,local experience. It is ideal for explorers and tourists"
assam,Pobitora wildlife sanctuary,26.2307847,92.0550609,natural landscapes & wildlife,North-East,wildlife,"safari,photography,nature",low,winter,4.0,61,"Pobitora wildlife sanctuary is a wildlife destination in assam known for safari,photography,nature. It is ideal for history and cultural lover"
assam,Bird watching by Deepor Beel lake,26.1176941,91.6493532,"natural landscapes & wildlife, sightseeing & exploration",North-East,wildlife,"safari,photography,nature",low,winter,4.0,87,"Bird watching by Deepor Beel lake is a wildlife destination in assam known for safari,photography,nature. It is ideal for history and cultural lover"
assam,Assam State Zoo,26.1635189,91.7807253,natural landscapes & wildlife,North-East,wildlife,"safari,photography,nature",low,winter,4.0,63,"Assam State Zoo is a wildlife destination in assam known for safari,photography,nature. It is ideal for history and cultural lover"
assam,Kamakhya Temple,26.1664108,91.7055031,religious & spiritual pilgrimages,North-East,religious,"temple,spiritual,peace",low,all,4.7,70,"Kamakhya Temple is a religious destination in assam known for temple,spiritual,peace. It is ideal for spiritual seekers"
assam,Fancy Bazaar,26.1830738,91.7404977,shopping & markets,North-East,city,"exploration,local experience",low,All,4.7,74,"Fancy Bazaar is a city destination in assam known for exploration,local experience. It is ideal for explorers and tourists"
assam,Manas National Park,26.8101743,91.2394832,"natural landscapes & wildlife, sightseeing & exploration",North-East,wildlife,"safari,photography,nature",low,winter,4.2,86,"Manas National Park is a wildlife destination in assam known for safari,photography,nature. It is ideal for history and cultural lover"
assam,Umananda Island,26.1964922,91.7449079,natural landscapes & wildlife,North-East,wildlife,"safari,photography,nature",low,winter,4.5,66,"Umananda Island is a wildlife destination in assam known for safari,photography,nature. It is ideal for history and cultural lover"
assam,Majuli river island,27.0016172,94.2242981,"natural landscapes & wildlife, sightseeing & exploration",North-East,wildlife,"safari,photography,nature",low,winter,4.6,89,"Majuli river island is a wildlife destination in assam known for safari,photography,nature. It is ideal for history and cultural lover"
assam,Orchid national park,26.2006043,92.9375739,natural landscapes & wildlife,North-East,wildlife,"safari,photography,nature",low,winter,4.7,77,"Orchid national park is a wildlife destination in assam known for safari,photography,nature. It is ideal for history and cultural lover"
assam,Kaziranga National Park,26.6445044,93.3524858,natural landscapes & wildlife,North-East,wildlife,"safari,photography,nature",luxury,winter,4.3,79,"Kaziranga National Park is a wildlife destination in assam known for safari,photography,nature. It is ideal for history and cultural lover"
arunachal pradesh,Jaswant Garh war memorial,28.2179994,94.7277528,cultural & heritage sites,North-East,heritage,"culture,forts,shopping,history",low,winter,3.8,71,"Jaswant Garh war memorial is a heritage destination in arunachal pradesh known for culture,forts,shopping,history. It is ideal for history and culture lovers"
arunachal pradesh,Madhuri lake,28.2179994,94.7277528,"natural landscapes & wildlife, sightseeing & exploration",North-East,wildlife,"safari,photography,nature",low,winter,4.3,85,"Madhuri lake is a wildlife destination in arunachal pradesh known for safari,photography,nature. It is ideal for history and cultural lover"
arunachal pradesh,Shonga Tser Lake,28.2179994,94.7277528,"natural landscapes & wildlife, sightseeing & exploration",North-East,wildlife,"safari,photography,nature",low,winter,4.5,71,"Shonga Tser Lake is a wildlife destination in arunachal pradesh known for safari,photography,nature. It is ideal for history and cultural lover"
arunachal pradesh,Nuranang waterfalls,28.2179994,94.7277528,"natural landscapes & wildlife, adventure & outdoor activities, sightseeing & exploration",North-East,wildlife,"safari,photography,nature",low,winter,4.8,93,"Nuranang waterfalls is a wildlife destination in arunachal pradesh known for safari,photography,nature. It is ideal for history and cultural lover"
arunachal pradesh,Tibetan Settlement market,28.2179994,94.7277528,"cultural & heritage sites, shopping & markets",North-East,heritage,"culture,forts,shopping,history",low,winter,4.0,76,"Tibetan Settlement market is a heritage destination in arunachal pradesh known for culture,forts,shopping,history. It is ideal for history and culture lovers"
arunachal pradesh,Sela pass,28.2179994,94.7277528,"adventure & outdoor activities, sightseeing & exploration",North-East,adventure,"trekking,rafting,paragliding",low,summer,4.0,81,"Sela pass is a adventure destination in arunachal pradesh known for trekking,rafting,paragliding. It is ideal for adventure lover"
arunachal pradesh,Gorichen Peak hike,28.2179994,94.7277528,adventure & outdoor activities,North-East,adventure,"trekking,rafting,paragliding",low,summer,3.9,71,"Gorichen Peak hike is a adventure destination in arunachal pradesh known for trekking,rafting,paragliding. It is ideal for adventure lover"
arunachal pradesh,Taktsang Gompa monastery,28.2179994,94.7277528,religious & spiritual pilgrimages,North-East,religious,"temple,spiritual,peace",low,all,3.8,58,"Taktsang Gompa monastery is a religious destination in arunachal pradesh known for temple,spiritual,peace. It is ideal for spiritual seekers"
arunachal pradesh,Tawang Monastery,27.5867261,91.8577194,"cultural & heritage sites, religious & spiritual pilgrimages",North-East,heritage,"culture,forts,shopping,history",low,winter,4.54,79,"Tawang Monastery is a heritage destination in arunachal pradesh known for culture,forts,shopping,history. It is ideal for history and culture lovers"
tripura,Raima valley ,23.5638643,91.6760691,natural landscapes & wildlife,North-East,wildlife,"safari,photography,nature",low,winter,4.9,87,"Raima valley  is a wildlife destination in tripura known for safari,photography,nature. It is ideal for history and cultural lover"
tripura,Buddha temple,23.5638643,91.6760691,religious & spiritual pilgrimages,North-East,religious,"temple,spiritual,peace",low,all,4.8,79,"Buddha temple is a religious destination in tripura known for temple,spiritual,peace. It is ideal for spiritual seekers"
tripura,Neermahal,23.5064408,91.3150341,cultural & heritage sites,North-East,heritage,"culture,forts,shopping,history",low,winter,3.8,64,"Neermahal is a heritage destination in tripura known for culture,forts,shopping,history. It is ideal for history and culture lovers"
tripura,Gondacherra wildlife sanctuary,23.5638643,91.6760691,natural landscapes & wildlife,North-East,wildlife,"safari,photography,nature",luxury,winter,4.9,78,"Gondacherra wildlife sanctuary is a wildlife destination in tripura known for safari,photography,nature. It is ideal for history and cultural lover"
tripura,Ummaneshwar temple,23.8376106,91.2817995,religious & spiritual pilgrimages,North-East,religious,"temple,spiritual,peace",low,all,4.7,55,"Ummaneshwar temple is a religious destination in tripura known for temple,spiritual,peace. It is ideal for spiritual seekers"
tripura,Chittagong hills,23.5638643,91.6760691,natural landscapes & wildlife,North-East,wildlife,"safari,photography,nature",low,winter,4.3,91,"Chittagong hills is a wildlife destination in tripura known for safari,photography,nature. It is ideal for history and cultural lover"
tripura,Sepahijala wildlife sanctuary,23.6148176,91.3276422,natural landscapes & wildlife,North-East,wildlife,"safari,photography,nature",high,winter,4.9,51,"Sepahijala wildlife sanctuary is a wildlife destination in tripura known for safari,photography,nature. It is ideal for history and cultural lover"
tripura,Ujjayanta Palace,23.8373503,91.2827128,cultural & heritage sites,North-East,heritage,"culture,forts,shopping,history",low,winter,4.7,92,"Ujjayanta Palace is a heritage destination in tripura known for culture,forts,shopping,history. It is ideal for history and culture lovers"
nagaland,Mt Japfu,25.5975011,94.0666664,natural landscapes & wildlife,North-East,wildlife,"safari,photography,nature",low,winter,4.9,96,"Mt Japfu is a wildlife destination in nagaland known for safari,photography,nature. It is ideal for history and cultural lover"
nagaland,Naga keeda bazaar,26.1584354,94.5624426,shopping & markets,North-East,city,"exploration,local experience",low,All,3.9,69,"Naga keeda bazaar is a city destination in nagaland known for exploration,local experience. It is ideal for explorers and tourists"
nagaland,Touphema village ,25.8455682,94.1769749,cultural & heritage sites,North-East,heritage,"culture,forts,shopping,history",low,winter,4.0,61,"Touphema village  is a heritage destination in nagaland known for culture,forts,shopping,history. It is ideal for history and culture lovers"
nagaland,Camping by Kohima mountains,25.6751129,94.1085998,adventure & outdoor activities,North-East,adventure,"trekking,rafting,paragliding",low,summer,4.0,50,"Camping by Kohima mountains is a adventure destination in nagaland known for trekking,rafting,paragliding. It is ideal for adventure lover"
nagaland,Ntangki national park,25.5496528,93.5205641,natural landscapes & wildlife,North-East,wildlife,"safari,photography,nature",low,winter,4.8,58,"Ntangki national park is a wildlife destination in nagaland known for safari,photography,nature. It is ideal for history and cultural lover"
meghalaya,Dawki lake,25.1840249,92.0248701,sightseeing & exploration,North-East,city,"exploration,local experience",luxury,All,4.6,94,"Dawki lake is a city destination in meghalaya known for exploration,local experience. It is ideal for explorers and tourists"
meghalaya,Thangkharang park,25.2167071,91.7240776,sightseeing & exploration,North-East,city,"exploration,local experience",low,All,4.9,93,"Thangkharang park is a city destination in meghalaya known for exploration,local experience. It is ideal for explorers and tourists"
meghalaya,Mawkdok Dympep valley,25.411798,91.79084,sightseeing & exploration,North-East,city,"exploration,local experience",low,All,4.7,67,"Mawkdok Dympep valley is a city destination in meghalaya known for exploration,local experience. It is ideal for explorers and tourists"
meghalaya,Mawsmai cave-Longest cave systems in India,25.2445707,91.7240877,sightseeing & exploration,North-East,city,"exploration,local experience",low,All,4.0,61,"Mawsmai cave-Longest cave systems in India is a city destination in meghalaya known for exploration,local experience. It is ideal for explorers and tourists"
meghalaya,Mawlynnong village,25.2017637,91.9160305,"cultural & heritage sites, sightseeing & exploration",North-East,heritage,"culture,forts,shopping,history",low,winter,4.8,53,"Mawlynnong village is a heritage destination in meghalaya known for culture,forts,shopping,history. It is ideal for history and culture lovers"
meghalaya,Mawsmai Eco park and falls,25.2457155,91.7375719,"natural landscapes & wildlife, sightseeing & exploration",North-East,wildlife,"safari,photography,nature",low,winter,4.3,92,"Mawsmai Eco park and falls is a wildlife destination in meghalaya known for safari,photography,nature. It is ideal for history and cultural lover"
meghalaya,Mawmluh caves,25.2539985,91.7130622,sightseeing & exploration,North-East,city,"exploration,local experience",low,All,4.0,79,"Mawmluh caves is a city destination in meghalaya known for exploration,local experience. It is ideal for explorers and tourists"
meghalaya,Nohkalikai watterfalls,25.2754719,91.68616774,sightseeing & exploration,North-East,city,"exploration,local experience",low,All,4.6,94,"Nohkalikai watterfalls is a city destination in meghalaya known for exploration,local experience. It is ideal for explorers and tourists"
meghalaya,Living Root Bridge,25.4670308,91.366216,natural landscapes & wildlife,North-East,wildlife,"safari,photography,nature",low,winter,4.9,98,"Living Root Bridge is a wildlife destination in meghalaya known for safari,photography,nature. It is ideal for history and cultural lover"
chhattisgarh,Chitrakote Falls,19.2071733,81.7000604,natural landscapes & wildlife,Unknown,wildlife,"safari,photography,nature",low,winter,4.9,76,"Chitrakote Falls is a wildlife destination in chhattisgarh known for safari,photography,nature. It is ideal for history and cultural lover"
chhattisgarh,Tirathgarh waterfalls,18.9139499,81.8651088,natural landscapes & wildlife,Unknown,wildlife,"safari,photography,nature",low,winter,4.0,51,"Tirathgarh waterfalls is a wildlife destination in chhattisgarh known for safari,photography,nature. It is ideal for history and cultural lover"
chhattisgarh,Kanger Ghati national park,18.77866,81.9971108,natural landscapes & wildlife,Unknown,wildlife,"safari,photography,nature",high,winter,4.0,88,"Kanger Ghati national park is a wildlife destination in chhattisgarh known for safari,photography,nature. It is ideal for history and cultural lover"
chhattisgarh,Kotumsar caves,18.9066382,81.9050496,natural landscapes & wildlife,Unknown,wildlife,"safari,photography,nature",low,winter,3.0,84,"Kotumsar caves is a wildlife destination in chhattisgarh known for safari,photography,nature. It is ideal for history and cultural lover"
chhattisgarh,Anthropological museum ,21.2786567,81.8661442,"arts, science & literature attractions",Unknown,city,"exploration,local experience",low,All,3.8,81,"Anthropological museum  is a city destination in chhattisgarh known for exploration,local experience. It is ideal for explorers and tourists"
chhattisgarh,Ambuja City Center mall,21.275629,81.687617,shopping & markets,Unknown,city,"exploration,local experience",low,All,4.5,88,"Ambuja City Center mall is a city destination in chhattisgarh known for exploration,local experience. It is ideal for explorers and tourists"
chhattisgarh,Magneto mall,21.2409292,81.6841555,shopping & markets,Unknown,city,"exploration,local experience",low,All,4.5,69,"Magneto mall is a city destination in chhattisgarh known for exploration,local experience. It is ideal for explorers and tourists"
chhattisgarh,Ghatarani waterfalls,20.8280625,82.0598125,natural landscapes & wildlife,Unknown,wildlife,"safari,photography,nature",low,winter,4.9,82,"Ghatarani waterfalls is a wildlife destination in chhattisgarh known for safari,photography,nature. It is ideal for history and cultural lover"
chhattisgarh,Jatmai Temple,20.7958875,82.0298481,religious & spiritual pilgrimages,Unknown,religious,"temple,spiritual,peace",low,all,4.7,90,"Jatmai Temple is a religious destination in chhattisgarh known for temple,spiritual,peace. It is ideal for spiritual seekers"
jharkhand,Baba Baidyanath Temple,24.4927645,86.7005212,religious & spiritual pilgrimages,East,religious,"temple,spiritual,peace",low,all,4.4,65,"Baba Baidyanath Temple is a religious destination in jharkhand known for temple,spiritual,peace. It is ideal for spiritual seekers"
jharkhand,Naulakha temple,24.4775623,86.7083557,religious & spiritual pilgrimages,East,religious,"temple,spiritual,peace",low,all,4.8,75,"Naulakha temple is a religious destination in jharkhand known for temple,spiritual,peace. It is ideal for spiritual seekers"
jharkhand,Trikut hill,24.4983333,86.8369444,religious & spiritual pilgrimages,East,religious,"temple,spiritual,peace",low,all,4.6,95,"Trikut hill is a religious destination in jharkhand known for temple,spiritual,peace. It is ideal for spiritual seekers"
jharkhand,Pahari Mandir,23.3754286,85.31075,religious & spiritual pilgrimages,East,religious,"temple,spiritual,peace",low,all,4.5,78,"Pahari Mandir is a religious destination in jharkhand known for temple,spiritual,peace. It is ideal for spiritual seekers"
jharkhand,Biodiversity park,23.2547338,85.3468934,natural landscapes & wildlife,East,wildlife,"safari,photography,nature",medium,winter,4.9,94,"Biodiversity park is a wildlife destination in jharkhand known for safari,photography,nature. It is ideal for history and cultural lover"
jharkhand,Rock garden,23.4038472,85.3129755,natural landscapes & wildlife,East,wildlife,"safari,photography,nature",medium,winter,4.8,67,"Rock garden is a wildlife destination in jharkhand known for safari,photography,nature. It is ideal for history and cultural lover"
jharkhand,Patratu valley,23.5755504,85.2741613,natural landscapes & wildlife,East,wildlife,"safari,photography,nature",low,winter,4.4,66,"Patratu valley is a wildlife destination in jharkhand known for safari,photography,nature. It is ideal for history and cultural lover"
jharkhand,State museum Hotwar,23.3835366,85.3854678,cultural & heritage sites,East,heritage,"culture,forts,shopping,history",low,winter,4.9,72,"State museum Hotwar is a heritage destination in jharkhand known for culture,forts,shopping,history. It is ideal for history and culture lovers"
jharkhand,Dassam falls ,23.1462515,85.4672203,natural landscapes & wildlife,East,wildlife,"safari,photography,nature",low,winter,4.9,68,"Dassam falls  is a wildlife destination in jharkhand known for safari,photography,nature. It is ideal for history and cultural lover"
jharkhand,Jonha falls,23.3423069,85.6102055,natural landscapes & wildlife,East,wildlife,"safari,photography,nature",low,winter,4.8,94,"Jonha falls is a wildlife destination in jharkhand known for safari,photography,nature. It is ideal for history and cultural lover"
jharkhand,Ranchi science centre,23.4069545,85.3402327,"arts, science & literature attractions",East,city,"exploration,local experience",medium,All,3.9,73,"Ranchi science centre is a city destination in jharkhand known for exploration,local experience. It is ideal for explorers and tourists"
bihar,Mahabodhi Temple,24.6959222,84.9914193,religious & spiritual pilgrimages,East,religious,"temple,spiritual,peace",low,all,3.9,90,"Mahabodhi Temple is a religious destination in bihar known for temple,spiritual,peace. It is ideal for spiritual seekers"
bihar,Thai monastery,25.9644427,85.2722472,religious & spiritual pilgrimages,East,religious,"temple,spiritual,peace",low,all,3.9,79,"Thai monastery is a religious destination in bihar known for temple,spiritual,peace. It is ideal for spiritual seekers"
bihar,Great Buddha statue,24.6903883,84.9819433,sightseeing & exploration,East,city,"exploration,local experience",low,All,3.9,94,"Great Buddha statue is a city destination in bihar known for exploration,local experience. It is ideal for explorers and tourists"
bihar,Bodhi tree,25.9644427,85.2722472,religious & spiritual pilgrimages,East,religious,"temple,spiritual,peace",low,all,4.0,57,"Bodhi tree is a religious destination in bihar known for temple,spiritual,peace. It is ideal for spiritual seekers"
bihar,Indosan Nippon Japanese temple,25.9644427,85.2722472,religious & spiritual pilgrimages,East,religious,"temple,spiritual,peace",low,all,4.0,93,"Indosan Nippon Japanese temple is a religious destination in bihar known for temple,spiritual,peace. It is ideal for spiritual seekers"
bihar,Dungeshwari cave temple,24.7367013,85.0474977,religious & spiritual pilgrimages,East,religious,"temple,spiritual,peace",low,all,4.8,67,"Dungeshwari cave temple is a religious destination in bihar known for temple,spiritual,peace. It is ideal for spiritual seekers"
bihar,Bodh gaya archaelogical museum,24.6949135,84.9874413,cultural & heritage sites,East,heritage,"culture,forts,shopping,history",low,winter,4.5,97,"Bodh gaya archaelogical museum is a heritage destination in bihar known for culture,forts,shopping,history. It is ideal for history and culture lovers"
bihar,Muchalinda lake,24.6806441,84.9926622,natural landscapes & wildlife,East,wildlife,"safari,photography,nature",low,winter,4.7,98,"Muchalinda lake is a wildlife destination in bihar known for safari,photography,nature. It is ideal for history and cultural lover"
bihar,Patna museum,25.612727,85.1332734,cultural & heritage sites,East,heritage,"culture,forts,shopping,history",low,winter,4.5,91,"Patna museum is a heritage destination in bihar known for culture,forts,shopping,history. It is ideal for history and culture lovers"
bihar,Buddha memorial park,25.9644427,85.2722472,religious & spiritual pilgrimages,East,religious,"temple,spiritual,peace",low,all,4.9,55,"Buddha memorial park is a religious destination in bihar known for temple,spiritual,peace. It is ideal for spiritual seekers"
bihar,Srikrishna science centre,25.6164189,85.1411084,"arts, science & literature attractions",East,city,"exploration,local experience",low,All,4.8,86,"Srikrishna science centre is a city destination in bihar known for exploration,local experience. It is ideal for explorers and tourists"
bihar,Sanjay Gandhi Biological Park,25.5997345,85.0971767,natural landscapes & wildlife,East,wildlife,"safari,photography,nature",low,winter,3.94,72,"Sanjay Gandhi Biological Park is a wildlife destination in bihar known for safari,photography,nature. It is ideal for history and cultural lover"
bihar,Takhat Shri Harimandir Ji Patna Sahib,25.5960503,85.2299561,religious & spiritual pilgrimages,East,religious,"temple,spiritual,peace",low,all,4.0,87,"Takhat Shri Harimandir Ji Patna Sahib is a religious destination in bihar known for temple,spiritual,peace. It is ideal for spiritual seekers"
bihar,Budhha Smriti Park,25.6067139,85.1361502,sightseeing & exploration,East,city,"exploration,local experience",low,All,4.0,57,"Budhha Smriti Park is a city destination in bihar known for exploration,local experience. It is ideal for explorers and tourists"
haryana,Kingdom of Dreams,28.4678664,77.0688866,adventure & outdoor activities,North,adventure,"trekking,rafting,paragliding",luxury,summer,3.8,98,"Kingdom of Dreams is a adventure destination in haryana known for trekking,rafting,paragliding. It is ideal for adventure lover"
haryana,Ambience Mall,28.505504,77.095956,shopping & markets,North,city,"exploration,local experience",low,All,3.9,95,"Ambience Mall is a city destination in haryana known for exploration,local experience. It is ideal for explorers and tourists"
haryana,Shopping at HUDA marjet Sector 14,28.4710811,77.0454144,shopping & markets,North,city,"exploration,local experience",low,All,4.2,65,"Shopping at HUDA marjet Sector 14 is a city destination in haryana known for exploration,local experience. It is ideal for explorers and tourists"
haryana,Shopping at Sadar bazaar Sector 12A,28.4652778,77.0269326,shopping & markets,North,city,"exploration,local experience",low,All,4.6,68,"Shopping at Sadar bazaar Sector 12A is a city destination in haryana known for exploration,local experience. It is ideal for explorers and tourists"
haryana,Wet N Wild water park,29.0587757,76.085601,adventure & outdoor activities,North,adventure,"trekking,rafting,paragliding",luxury,summer,4.2,96,"Wet N Wild water park is a adventure destination in haryana known for trekking,rafting,paragliding. It is ideal for adventure lover"
haryana,Go-karting at Link road,29.0587757,76.085601,adventure & outdoor activities,North,adventure,"trekking,rafting,paragliding",low,summer,4.9,94,"Go-karting at Link road is a adventure destination in haryana known for trekking,rafting,paragliding. It is ideal for adventure lover"
haryana,Ice skating at Ambience mall,28.505504,77.095956,adventure & outdoor activities,North,adventure,"trekking,rafting,paragliding",luxury,summer,4.4,92,"Ice skating at Ambience mall is a adventure destination in haryana known for trekking,rafting,paragliding. It is ideal for adventure lover"
haryana,Camp tikkling,29.0587757,76.085601,adventure & outdoor activities,North,adventure,"trekking,rafting,paragliding",luxury,summer,4.8,61,"Camp tikkling is a adventure destination in haryana known for trekking,rafting,paragliding. It is ideal for adventure lover"
haryana,Aravalli biodiversity park,29.0587757,76.085601,natural landscapes & wildlife,North,wildlife,"safari,photography,nature",low,winter,4.7,87,"Aravalli biodiversity park is a wildlife destination in haryana known for safari,photography,nature. It is ideal for history and cultural lover"
haryana,Sultanpur Bird sanctuary,28.4681234,76.8917707,natural landscapes & wildlife,North,wildlife,"safari,photography,nature",high,winter,4.7,58,"Sultanpur Bird sanctuary is a wildlife destination in haryana known for safari,photography,nature. It is ideal for history and cultural lover"
haryana,Museum of folk and tribal art,28.4709339,77.0099669,"arts, science & literature attractions",North,city,"exploration,local experience",low,All,4.7,79,"Museum of folk and tribal art is a city destination in haryana known for exploration,local experience. It is ideal for explorers and tourists"
haryana,Indian Transport history,29.0587757,76.085601,"arts, science & literature attractions",North,city,"exploration,local experience",medium,All,4.0,58,"Indian Transport history is a city destination in haryana known for exploration,local experience. It is ideal for explorers and tourists"
haryana,Vintage camera museum,29.0587757,76.085601,"arts, science & literature attractions",North,city,"exploration,local experience",low,All,4.0,53,"Vintage camera museum is a city destination in haryana known for exploration,local experience. It is ideal for explorers and tourists"
haryana,DLF CyberHub for shopping,28.4950422,77.0890948,shopping & markets,North,city,"exploration,local experience",low,All,4.0,87,"DLF CyberHub for shopping is a city destination in haryana known for exploration,local experience. It is ideal for explorers and tourists"
uttarakhand,Kedarnath,30.7346267,79.0668943,religious & spiritual pilgrimages,North,religious,"temple,spiritual,peace",low,all,4.5,59,"Kedarnath is a religious destination in uttarakhand known for temple,spiritual,peace. It is ideal for spiritual seekers"
uttarakhand,Adi Shankaracharya Samadhi,30.7361239,79.0663642,religious & spiritual pilgrimages,North,religious,"temple,spiritual,peace",low,all,4.8,76,"Adi Shankaracharya Samadhi is a religious destination in uttarakhand known for temple,spiritual,peace. It is ideal for spiritual seekers"
uttarakhand,Bhairavnath temple,30.066753,79.0192997,religious & spiritual pilgrimages,North,religious,"temple,spiritual,peace",low,all,4.6,90,"Bhairavnath temple is a religious destination in uttarakhand known for temple,spiritual,peace. It is ideal for spiritual seekers"
uttarakhand,Trekking to Vasuki Tal,30.9070387,79.1716516,"adventure & outdoor activities, sightseeing & exploration",North,adventure,"trekking,rafting,paragliding",low,summer,4.7,91,"Trekking to Vasuki Tal is a adventure destination in uttarakhand known for trekking,rafting,paragliding. It is ideal for adventure lover"
uttarakhand,Sonprayag,30.6325757,78.9952754,"adventure & outdoor activities, sightseeing & exploration",North,adventure,"trekking,rafting,paragliding",low,summer,4.8,75,"Sonprayag is a adventure destination in uttarakhand known for trekking,rafting,paragliding. It is ideal for adventure lover"
uttarakhand,Chorabari lake,30.066753,79.0192997,"natural landscapes & wildlife, sightseeing & exploration",North,wildlife,"safari,photography,nature",low,winter,4.9,94,"Chorabari lake is a wildlife destination in uttarakhand known for safari,photography,nature. It is ideal for history and cultural lover"
puducherry,Promenade Beach,11.9312773,79.8358019,natural landscapes & wildlife,Unknown,wildlife,"safari,photography,nature",low,winter,3.8,90,"Promenade Beach is a wildlife destination in puducherry known for safari,photography,nature. It is ideal for history and cultural lover"
puducherry,Auroville,12.0052483,79.8068922,cultural & heritage sites,Unknown,heritage,"culture,forts,shopping,history",low,winter,4.1,76,"Auroville is a heritage destination in puducherry known for culture,forts,shopping,history. It is ideal for history and culture lovers"
puducherry,Casablanca mall,11.9415915,79.8083133,shopping & markets,Unknown,city,"exploration,local experience",low,All,4.2,92,"Casablanca mall is a city destination in puducherry known for exploration,local experience. It is ideal for explorers and tourists"
puducherry,Saram China market ,11.9408006,79.8121041,shopping & markets,Unknown,city,"exploration,local experience",low,All,4.2,82,"Saram China market  is a city destination in puducherry known for exploration,local experience. It is ideal for explorers and tourists"
puducherry,Pondicherry botanical garden,11.9302138,79.8224206,natural landscapes & wildlife,Unknown,wildlife,"safari,photography,nature",low,winter,4.2,73,"Pondicherry botanical garden is a wildlife destination in puducherry known for safari,photography,nature. It is ideal for history and cultural lover"
puducherry,Pondicherry museum,11.9344884,79.83485,"arts, science & literature attractions",Unknown,city,"exploration,local experience",low,All,4.4,81,"Pondicherry museum is a city destination in puducherry known for exploration,local experience. It is ideal for explorers and tourists"
puducherry,Manakula Vinayagar temple,11.9357756,79.8336621,religious & spiritual pilgrimages,Unknown,religious,"temple,spiritual,peace",low,all,4.6,67,"Manakula Vinayagar temple is a religious destination in puducherry known for temple,spiritual,peace. It is ideal for spiritual seekers"
puducherry,Chunnambar boat house,11.8838125,79.8006875,"adventure & outdoor activities, sightseeing & exploration",Unknown,adventure,"trekking,rafting,paragliding",low,summer,4.5,55,"Chunnambar boat house is a adventure destination in puducherry known for trekking,rafting,paragliding. It is ideal for adventure lover"
puducherry,Heritage walk by White town,11.9415915,79.8083133,cultural & heritage sites,Unknown,heritage,"culture,forts,shopping,history",low,winter,4.8,75,"Heritage walk by White town is a heritage destination in puducherry known for culture,forts,shopping,history. It is ideal for history and culture lovers"
puducherry,Sightseeing at Green Quarter,11.9415915,79.8083133,sightseeing & exploration,Unknown,city,"exploration,local experience",low,All,4.7,72,"Sightseeing at Green Quarter is a city destination in puducherry known for exploration,local experience. It is ideal for explorers and tourists"
puducherry,Temple Adventures centre-Scuba diving,11.9415915,79.8083133,adventure & outdoor activities,Unknown,adventure,"trekking,rafting,paragliding",low,summer,3.9,89,"Temple Adventures centre-Scuba diving is a adventure destination in puducherry known for trekking,rafting,paragliding. It is ideal for adventure lover"
puducherry,Paradise beach and island,11.9415915,79.8083133,"natural landscapes & wildlife, sightseeing & exploration",Unknown,wildlife,"safari,photography,nature",low,winter,4.4,55,"Paradise beach and island is a wildlife destination in puducherry known for safari,photography,nature. It is ideal for history and cultural lover"
andaman and nicobar islands,Kala Pani Cellular Jail,11.6747447,92.7478601,cultural & heritage sites,Unknown,heritage,"culture,forts,shopping,history",medium,winter,4.5,60,"Kala Pani Cellular Jail is a heritage destination in andaman and nicobar islands known for culture,forts,shopping,history. It is ideal for history and culture lovers"
andaman and nicobar islands,Ross island,11.6758295,92.7624249,"natural landscapes & wildlife, sightseeing & exploration",Unknown,wildlife,"safari,photography,nature",low,winter,4.0,62,"Ross island is a wildlife destination in andaman and nicobar islands known for safari,photography,nature. It is ideal for history and cultural lover"
andaman and nicobar islands,Underwater Sea walk,10.7448873,92.4999918,adventure & outdoor activities,Unknown,adventure,"trekking,rafting,paragliding",luxury,summer,4.0,64,"Underwater Sea walk is a adventure destination in andaman and nicobar islands known for trekking,rafting,paragliding. It is ideal for adventure lover"
andaman and nicobar islands,Jolly Buoy island,11.5077351,92.612149,"natural landscapes & wildlife, sightseeing & exploration",Unknown,wildlife,"safari,photography,nature",low,winter,4.0,79,"Jolly Buoy island is a wildlife destination in andaman and nicobar islands known for safari,photography,nature. It is ideal for history and cultural lover"
andaman and nicobar islands,Mahatma Gandhi National Park,11.58709,92.6155601,natural landscapes & wildlife,Unknown,wildlife,"safari,photography,nature",low,winter,4.7,94,"Mahatma Gandhi National Park is a wildlife destination in andaman and nicobar islands known for safari,photography,nature. It is ideal for history and cultural lover"
andaman and nicobar islands,Mount Harriet National park,11.7201967,92.7334546,natural landscapes & wildlife,Unknown,wildlife,"safari,photography,nature",high,winter,4.8,57,"Mount Harriet National park is a wildlife destination in andaman and nicobar islands known for safari,photography,nature. It is ideal for history and cultural lover"
andaman and nicobar islands,Barren island volcano,12.2792303,93.8604402,"natural landscapes & wildlife, sightseeing & exploration",Unknown,wildlife,"safari,photography,nature",low,winter,4.6,95,"Barren island volcano is a wildlife destination in andaman and nicobar islands known for safari,photography,nature. It is ideal for history and cultural lover"
andaman and nicobar islands,Long island,40.789142,-73.134961,sightseeing & exploration,Unknown,city,"exploration,local experience",low,All,4.3,69,"Long island is a city destination in andaman and nicobar islands known for exploration,local experience. It is ideal for explorers and tourists"
andaman and nicobar islands,Elephant beach,12.0081083,92.9416061,natural landscapes & wildlife,Unknown,wildlife,"safari,photography,nature",low,winter,4.4,80,"Elephant beach is a wildlife destination in andaman and nicobar islands known for safari,photography,nature. It is ideal for history and cultural lover"
andaman and nicobar islands,Snorkelling at Kalapathar beach,12.0006111,93.0070952,adventure & outdoor activities,Unknown,adventure,"trekking,rafting,paragliding",luxury,summer,4.4,98,"Snorkelling at Kalapathar beach is a adventure destination in andaman and nicobar islands known for trekking,rafting,paragliding. It is ideal for adventure lover"
andaman and nicobar islands,Radhanagar Beach,11.9844552,92.9508454,natural landscapes & wildlife,Unknown,wildlife,"safari,photography,nature",low,winter,4.2,76,"Radhanagar Beach is a wildlife destination in andaman and nicobar islands known for safari,photography,nature. It is ideal for history and cultural lover"
andaman and nicobar islands,Bharatpur Beach,11.8358457,93.0451011,natural landscapes & wildlife,Unknown,wildlife,"safari,photography,nature",low,winter,4.8,87,"Bharatpur Beach is a wildlife destination in andaman and nicobar islands known for safari,photography,nature. It is ideal for history and cultural lover"
andaman and nicobar islands,Mangrove creeks,10.7448873,92.4999918,natural landscapes & wildlife,Unknown,wildlife,"safari,photography,nature",low,winter,4.4,55,"Mangrove creeks is a wildlife destination in andaman and nicobar islands known for safari,photography,nature. It is ideal for history and cultural lover"
andaman and nicobar islands,Parrot island,10.7448873,92.4999918,natural landscapes & wildlife,Unknown,wildlife,"safari,photography,nature",low,winter,4.5,54,"Parrot island is a wildlife destination in andaman and nicobar islands known for safari,photography,nature. It is ideal for history and cultural lover"
andaman and nicobar islands,Baludera beach,12.1336095,92.8042375,natural landscapes & wildlife,Unknown,wildlife,"safari,photography,nature",low,winter,4.5,64,"Baludera beach is a wildlife destination in andaman and nicobar islands known for safari,photography,nature. It is ideal for history and cultural lover"
andaman and nicobar islands,Coral gazing at Mohwa Dera,10.7448873,92.4999918,natural landscapes & wildlife,Unknown,wildlife,"safari,photography,nature",low,winter,4.8,65,"Coral gazing at Mohwa Dera is a wildlife destination in andaman and nicobar islands known for safari,photography,nature. It is ideal for history and cultural lover"
andaman and nicobar islands,Limestone Caves,10.7448873,92.4999918,natural landscapes & wildlife,Unknown,wildlife,"safari,photography,nature",low,winter,4.9,67,"Limestone Caves is a wildlife destination in andaman and nicobar islands known for safari,photography,nature. It is ideal for history and cultural lover"
daman and diu,Naida Caves,20.7102563,70.980716,natural landscapes & wildlife,Unknown,wildlife,"safari,photography,nature",high,winter,3.9,56,"Naida Caves is a wildlife destination in daman and diu known for safari,photography,nature. It is ideal for history and cultural lover"
daman and diu,Diu Fort,20.7186887,70.9876739,cultural & heritage sites,Unknown,heritage,"culture,forts,shopping,history",low,winter,3.8,80,"Diu Fort is a heritage destination in daman and diu known for culture,forts,shopping,history. It is ideal for history and culture lovers"
daman and diu,Nani Daman market,20.4148699,72.8353005,shopping & markets,Unknown,city,"exploration,local experience",low,All,4.2,96,"Nani Daman market is a city destination in daman and diu known for exploration,local experience. It is ideal for explorers and tourists"
daman and diu,DMC market,20.718628,70.987048,shopping & markets,Unknown,city,"exploration,local experience",low,All,5.0,93,"DMC market is a city destination in daman and diu known for exploration,local experience. It is ideal for explorers and tourists"
daman and diu,Basilica of Bom Jesus Church,20.55466502,71.88570098,cultural & heritage sites,Unknown,heritage,"culture,forts,shopping,history",low,winter,4.7,67,"Basilica of Bom Jesus Church is a heritage destination in daman and diu known for culture,forts,shopping,history. It is ideal for history and culture lovers"
daman and diu,Jampore beach,20.375971,72.825722,"natural landscapes & wildlife, beach",Unknown,wildlife,"safari,photography,nature",low,winter,4.6,57,"Jampore beach is a wildlife destination in daman and diu known for safari,photography,nature. It is ideal for history and cultural lover"
daman and diu,Diu museum,20.7155688,70.9891437,cultural & heritage sites,Unknown,heritage,"culture,forts,shopping,history",low,winter,4.0,52,"Diu museum is a heritage destination in daman and diu known for culture,forts,shopping,history. It is ideal for history and culture lovers"
daman and diu,St.Jerome Fort,20.55466502,71.88570098,cultural & heritage sites,Unknown,heritage,"culture,forts,shopping,history",medium,winter,4.0,78,"St.Jerome Fort is a heritage destination in daman and diu known for culture,forts,shopping,history. It is ideal for history and culture lovers"
