destination,city,region,type,activities,budget_category,best_season,rating,popularity_score,description
India Gate,Delhi,north,heritage,heritage,low,winter,4.6,53.0,"India Gate is a heritage destination in delhi known for culture,forts,shopping,history. It is ideal for history and culture lovers"
Humayun's Tomb,Delhi,north,heritage,heritage,low,winter,4.5,80.0,"Humayun's Tomb is a heritage destination in delhi known for culture,forts,shopping,history. It is ideal for history and culture lovers"
Akshardham Temple,Delhi,north,religious,religious,medium,all,4.6,84.0,"Akshardham Temple is a religious destination in delhi known for temple,spiritual,peace. It is ideal for spiritual seekers"
Waste to Wonder Park,Delhi,north,adventure,wildlife,medium,summer,4.1,71.0,"Waste to Wonder Park is a adventure destination in delhi known for trekking,rafting,paragliding. It is ideal for adventure lover"
Jantar Mantar,Delhi,north,city,exploration,low,all,4.2,83.0,"Jantar Mantar is a city destination in delhi known for exploration,local experience. It is ideal for explorers and tourists"
Chandni Chowk,Delhi,north,city,shopping,low,all,4.2,87.0,"Chandni Chowk is a city destination in delhi known for exploration,local experience. It is ideal for explorers and tourists"
Lotus Temple,Delhi,north,religious,religious,low,all,4.5,92.0,"Lotus Temple is a religious destination in delhi known for temple,spiritual,peace. It is ideal for spiritual seekers"
Red Fort,Delhi,north,heritage,heritage,low,winter,4.5,73.0,"Red Fort is a heritage destination in delhi known for culture,forts,shopping,history. It is ideal for history and culture lovers"
Agrasen ki Baoli,Delhi,north,heritage,heritage,low,winter,4.2,98.0,"Agrasen ki Baoli is a heritage destination in delhi known for culture,forts,shopping,history. It is ideal for history and culture lovers"
Sunder Nursery,Delhi,north,wildlife,wildlife,low,winter,4.6,55.0,"Sunder Nursery is a wildlife destination in delhi known for safari,photography,nature. It is ideal for history and cultural lover"
Garden of Five Senses,Delhi,north,wildlife,wildlife,low,winter,4.1,64.0,"Garden of Five Senses is a wildlife destination in delhi known for safari,photography,nature. It is ideal for history and cultural lover"
Lodhi Garden,Delhi,north,wildlife,wildlife,low,winter,4.5,55.0,"Lodhi Garden is a wildlife destination in delhi known for safari,photography,nature. It is ideal for history and cultural lover"
National Gallery of Modern Art,Delhi,north,city,exploration,low,all,4.5,80.0,"National Gallery of Modern Art is a city destination in delhi known for exploration,local experience. It is ideal for explorers and tourists"
National Zoological Park ,Bayawat,north,wildlife,wildlife,medium,winter,4.1,54.0,"National Zoological Park  is a wildlife destination in delhi known for safari,photography,nature. It is ideal for history and cultural lover"
Qutub Minar,Delhi,north,heritage,heritage,low,winter,4.5,94.0,"Qutub Minar is a heritage destination in delhi known for culture,forts,shopping,history. It is ideal for history and culture lovers"
Shopping at Sarojini Nagar,Delhi,north,city,shopping,low,all,4.2,51.0,"Shopping at Sarojini Nagar is a city destination in delhi known for exploration,local experience. It is ideal for explorers and tourists"
National Science Centre,Delhi,north,city,exploration,medium,all,4.4,85.0,"National Science Centre is a city destination in delhi known for exploration,local experience. It is ideal for explorers and tourists"
Marine Drive,Mumbai,west,city,exploration,low,all,4.5,54.0,"Marine Drive is a city destination in maharashtra known for exploration,local experience. It is ideal for explorers and tourists"
Gateway of India,Mumbai,west,heritage,heritage,low,winter,4.6,82.0,"Gateway of India is a heritage destination in maharashtra known for culture,forts,shopping,history. It is ideal for history and culture lovers"
Chhatrapati Shivaji Maharaj Vastu Sangrahalaya,Mumbai,west,heritage,heritage,luxury,winter,4.6,65.0,"Chhatrapati Shivaji Maharaj Vastu Sangrahalaya is a heritage destination in maharashtra known for culture,forts,shopping,history. It is ideal for history and culture lovers"
NCPA Tiger safari at Borivali,Mumbai,west,adventure,adventure,medium,summer,4.3,54.0,"NCPA Tiger safari at Borivali is a adventure destination in maharashtra known for trekking,rafting,paragliding. It is ideal for adventure lover"
Shopping at Colaba Causeway,Mumbai,west,city,shopping,low,all,4.2,71.0,"Shopping at Colaba Causeway is a city destination in maharashtra known for exploration,local experience. It is ideal for explorers and tourists"
"Shopping at Linking road, Bandra",Mumbai,west,city,shopping,low,all,4.2,54.0,"Shopping at Linking road, Bandra is a city destination in maharashtra known for exploration,local experience. It is ideal for explorers and tourists"
"Phoenix marketcity Mall, Kurla",Mumbai,west,city,shopping,low,all,4.5,91.0,"Phoenix marketcity Mall, Kurla is a city destination in maharashtra known for exploration,local experience. It is ideal for explorers and tourists"
"Jio world drive mall, BKC",Mumbai,west,city,exploration,low,all,4.6,69.0,"Jio world drive mall, BKC is a city destination in maharashtra known for exploration,local experience. It is ideal for explorers and tourists"
"Five gardens, Matunga",Mumbai,west,city,exploration,low,all,4.1,95.0,"Five gardens, Matunga is a city destination in maharashtra known for exploration,local experience. It is ideal for explorers and tourists"
Worli seaface,Mumbai,west,religious,beach,low,all,4.5,62.0,"Worli seaface is a religious destination in maharashtra known for temple,spiritual,peace. It is ideal for spiritual seekers"
Siddhivinayak Temple,Mumbai,west,religious,religious,low,all,4.8,55.0,"Siddhivinayak Temple is a religious destination in maharashtra known for temple,spiritual,peace. It is ideal for spiritual seekers"
Mahalaxmi Temple,Mumbai,west,religious,religious,low,all,4.7,89.0,"Mahalaxmi Temple is a religious destination in maharashtra known for temple,spiritual,peace. It is ideal for spiritual seekers"
Haji Ali Dargah,Mumbai,west,religious,religious,low,all,4.4,98.0,"Haji Ali Dargah is a religious destination in maharashtra known for temple,spiritual,peace. It is ideal for spiritual seekers"
Chowpatty Beach,Mumbai,west,wildlife,beach,low,winter,4.3,89.0,"Chowpatty Beach is a wildlife destination in maharashtra known for safari,photography,nature. It is ideal for history and cultural lover"
Essel World,Mumbai,west,adventure,adventure,luxury,summer,4.3,73.0,"Essel World is a adventure destination in maharashtra known for trekking,rafting,paragliding. It is ideal for adventure lover"
Elephanta Caves,Raigad,west,heritage,heritage,luxury,winter,4.3,52.0,"Elephanta Caves is a heritage destination in maharashtra known for culture,forts,shopping,history. It is ideal for history and culture lovers"
Tigers Leap cliff top,Lonavala,west,city,exploration,low,all,4.4,91.0,"Tigers Leap cliff top is a city destination in maharashtra known for exploration,local experience. It is ideal for explorers and tourists"
Duke's nose trail,Lonavala,west,adventure,trekking,low,summer,4.3,70.0,"Duke's nose trail is a adventure destination in maharashtra known for trekking,rafting,paragliding. It is ideal for adventure lover"
Adlabs Imagica,Vadwal,west,adventure,adventure,luxury,summer,4.0,67.0,"Adlabs Imagica is a adventure destination in maharashtra known for trekking,rafting,paragliding. It is ideal for adventure lover"
Bhushi dam,Lonavala,west,wildlife,wildlife,low,winter,4.0,94.0,"Bhushi dam is a wildlife destination in maharashtra known for safari,photography,nature. It is ideal for history and cultural lover"
Sunset at Lion's point,Aamby Valley,west,city,exploration,low,all,4.0,91.0,"Sunset at Lion's point is a city destination in maharashtra known for exploration,local experience. It is ideal for explorers and tourists"
Bangalore Palace,Lonavala,south,heritage,heritage,luxury,winter,4.2,66.0,"Bangalore Palace is a heritage destination in karnataka known for culture,forts,shopping,history. It is ideal for history and culture lovers"
Lalbagh Botanical Garden,Bengaluru,south,wildlife,wildlife,low,winter,4.4,53.0,"Lalbagh Botanical Garden is a wildlife destination in karnataka known for safari,photography,nature. It is ideal for history and cultural lover"
Cubbon Park,Bengaluru,south,wildlife,wildlife,low,winter,4.4,66.0,"Cubbon Park is a wildlife destination in karnataka known for safari,photography,nature. It is ideal for history and cultural lover"
Nehru Planetarium,Bengaluru,south,city,exploration,low,all,4.0,98.0,"Nehru Planetarium is a city destination in karnataka known for exploration,local experience. It is ideal for explorers and tourists"
National Gallery of Modern Art,Udarahalli,south,heritage,heritage,low,winter,4.3,98.0,"National Gallery of Modern Art is a heritage destination in karnataka known for culture,forts,shopping,history. It is ideal for history and culture lovers"
Church street,Delhi,south,city,exploration,low,all,4.1,96.0,"Church street is a city destination in karnataka known for exploration,local experience. It is ideal for explorers and tourists"
MG Road,Udarahalli,south,city,exploration,low,all,4.2,58.0,"MG Road is a city destination in karnataka known for exploration,local experience. It is ideal for explorers and tourists"
Boating at Yediyur lake ,Bengaluru,south,adventure,photography,medium,summer,4.2,51.0,"Boating at Yediyur lake  is a adventure destination in karnataka known for trekking,rafting,paragliding. It is ideal for adventure lover"
Vidhana Soudha,Bengaluru,south,heritage,heritage,low,winter,4.6,94.0,"Vidhana Soudha is a heritage destination in karnataka known for culture,forts,shopping,history. It is ideal for history and culture lovers"
ISKCON Temple Bangalore,Bengaluru,south,religious,religious,low,all,4.6,71.0,"ISKCON Temple Bangalore is a religious destination in karnataka known for temple,spiritual,peace. It is ideal for spiritual seekers"
Charminar,Bengaluru,south,heritage,heritage,low,winter,4.5,53.0,"Charminar is a heritage destination in telangana known for culture,forts,shopping,history. It is ideal for history and culture lovers"
Golconda Fort,Hyderabad,south,heritage,heritage,low,winter,4.4,80.0,"Golconda Fort is a heritage destination in telangana known for culture,forts,shopping,history. It is ideal for history and culture lovers"
Hussain Sagar Lake,Hyderabad,south,wildlife,wildlife,low,winter,4.3,95.0,"Hussain Sagar Lake is a wildlife destination in telangana known for safari,photography,nature. It is ideal for history and cultural lover"
Ramoji Film City,Hyderabad,south,city,exploration,luxury,all,4.4,96.0,"Ramoji Film City is a city destination in telangana known for exploration,local experience. It is ideal for explorers and tourists"
Salar Jung Museum,Vellanki Agros,south,city,heritage,low,all,4.4,79.0,"Salar Jung Museum is a city destination in telangana known for exploration,local experience. It is ideal for explorers and tourists"
Qutb Shahi Tombs,Hyderabad,south,heritage,heritage,low,winter,4.4,52.0,"Qutb Shahi Tombs is a heritage destination in telangana known for culture,forts,shopping,history. It is ideal for history and culture lovers"
Lad Bazaar ,Hyderabad,south,city,shopping,low,all,4.0,53.0,"Lad Bazaar  is a city destination in telangana known for exploration,local experience. It is ideal for explorers and tourists"
Birla Mandir,Hyderabad,south,religious,religious,low,all,4.7,97.0,"Birla Mandir is a religious destination in telangana known for temple,spiritual,peace. It is ideal for spiritual seekers"
Chowmahalla Palace,Gudur,south,heritage,heritage,medium,winter,4.4,52.0,"Chowmahalla Palace is a heritage destination in telangana known for culture,forts,shopping,history. It is ideal for history and culture lovers"
Nehru Zoological Park,Hyderabad,south,wildlife,wildlife,medium,winter,4.2,92.0,"Nehru Zoological Park is a wildlife destination in telangana known for safari,photography,nature. It is ideal for history and cultural lover"
Infinite adventure club,Hyderabad,south,adventure,adventure,luxury,summer,4.4,89.0,"Infinite adventure club is a adventure destination in telangana known for trekking,rafting,paragliding. It is ideal for adventure lover"
Lumbini Park,Hyderabad,south,wildlife,wildlife,low,winter,4.1,77.0,"Lumbini Park is a wildlife destination in telangana known for safari,photography,nature. It is ideal for history and cultural lover"
Victoria Memorial,Hyderabad,east,heritage,heritage,low,winter,4.6,72.0,"Victoria Memorial is a heritage destination in west bengal known for culture,forts,shopping,history. It is ideal for history and culture lovers"
Howrah Bridge,Kolkata,east,heritage,heritage,low,winter,4.6,79.0,"Howrah Bridge is a heritage destination in west bengal known for culture,forts,shopping,history. It is ideal for history and culture lovers"
Indian Museum,Howrah,east,city,heritage,medium,all,4.6,94.0,"Indian Museum is a city destination in west bengal known for exploration,local experience. It is ideal for explorers and tourists"
Ganga aarti,Kolkata,east,religious,religious,low,all,4.6,83.0,"Ganga aarti is a religious destination in west bengal known for temple,spiritual,peace. It is ideal for spiritual seekers"
Birla Planetarium,Siddharthnagar,east,city,exploration,medium,all,4.4,77.0,"Birla Planetarium is a city destination in west bengal known for exploration,local experience. It is ideal for explorers and tourists"
St.Pauls Cathedral,Kolkata,east,religious,religious,low,all,4.2,63.0,"St.Pauls Cathedral is a religious destination in west bengal known for temple,spiritual,peace. It is ideal for spiritual seekers"
Tiretti Bazaar,Kolkata,east,city,shopping,low,all,4.1,92.0,"Tiretti Bazaar is a city destination in west bengal known for exploration,local experience. It is ideal for explorers and tourists"
Princep Ghat,Kolkata,east,heritage,heritage,low,winter,4.3,68.0,"Princep Ghat is a heritage destination in west bengal known for culture,forts,shopping,history. It is ideal for history and culture lovers"
Kumartali potter's quarter,Kolkata,east,city,exploration,low,all,4.4,83.0,"Kumartali potter's quarter is a city destination in west bengal known for exploration,local experience. It is ideal for explorers and tourists"
Shopping at Chamba lama,Kolkata,east,city,shopping,low,all,4.3,72.0,"Shopping at Chamba lama is a city destination in west bengal known for exploration,local experience. It is ideal for explorers and tourists"
Burra Bazaar,Kolkata,east,city,shopping,low,all,4.0,81.0,"Burra Bazaar is a city destination in west bengal known for exploration,local experience. It is ideal for explorers and tourists"
Dakshineswar Kali Temple,Kolkata,east,religious,religious,low,all,4.7,89.0,"Dakshineswar Kali Temple is a religious destination in west bengal known for temple,spiritual,peace. It is ideal for spiritual seekers"
Kalighat Kali Temple,Kolkata,east,religious,religious,low,all,4.4,74.0,"Kalighat Kali Temple is a religious destination in west bengal known for temple,spiritual,peace. It is ideal for spiritual seekers"
Eden Gardens,Kolkata,east,city,exploration,luxury,all,4.1,93.0,"Eden Gardens is a city destination in west bengal known for exploration,local experience. It is ideal for explorers and tourists"
Alipore Zoological Gardens,Kolkata,east,wildlife,wildlife,low,winter,4.3,97.0,"Alipore Zoological Gardens is a wildlife destination in west bengal known for safari,photography,nature. It is ideal for history and cultural lover"
Science City Kolkata,Kolkata,east,city,exploration,medium,all,4.4,96.0,"Science City Kolkata is a city destination in west bengal known for exploration,local experience. It is ideal for explorers and tourists"
Belur Math,Kolkata,east,religious,religious,low,all,4.7,52.0,"Belur Math is a religious destination in west bengal known for temple,spiritual,peace. It is ideal for spiritual seekers"
Marble Palace,Howrah,east,heritage,heritage,low,winter,4.4,71.0,"Marble Palace is a heritage destination in west bengal known for culture,forts,shopping,history. It is ideal for history and culture lovers"
Basilica of Bom Jesus,Panaji,west,religious,religious,low,all,4.5,69.0,"Basilica of Bom Jesus is a religious destination in goa known for temple,spiritual,peace. It is ideal for spiritual seekers"
Fort Aguada,Panaji,west,heritage,heritage,low,winter,4.2,93.0,"Fort Aguada is a heritage destination in goa known for culture,forts,shopping,history. It is ideal for history and culture lovers"
Dudhsagar Falls,Sinquerim,west,wildlife,wildlife,luxury,winter,4.6,60.0,"Dudhsagar Falls is a wildlife destination in goa known for safari,photography,nature. It is ideal for history and cultural lover"
Anjuna Beach,Collem,west,adventure,beach,low,summer,4.4,64.0,"Anjuna Beach is a adventure destination in goa known for trekking,rafting,paragliding. It is ideal for adventure lover"
Chapora Fort,North Goa,west,heritage,heritage,low,winter,4.2,99.0,"Chapora Fort is a heritage destination in goa known for culture,forts,shopping,history. It is ideal for history and culture lovers"
Se Cathedral,Vagator,west,religious,religious,low,all,4.5,87.0,"Se Cathedral is a religious destination in goa known for temple,spiritual,peace. It is ideal for spiritual seekers"
Baga Beach,Panaji,west,wildlife,beach,low,winter,4.5,99.0,"Baga Beach is a wildlife destination in goa known for safari,photography,nature. It is ideal for history and cultural lover"
Candolim Beach,Calangute,west,wildlife,beach,low,winter,4.4,61.0,"Candolim Beach is a wildlife destination in goa known for safari,photography,nature. It is ideal for history and cultural lover"
Fontainhas colony,North Goa,west,heritage,heritage,low,winter,4.2,97.0,"Fontainhas colony is a heritage destination in goa known for culture,forts,shopping,history. It is ideal for history and culture lovers"
Shopping at M.G.Road,Panaji,west,city,shopping,low,all,4.1,99.0,"Shopping at M.G.Road is a city destination in goa known for exploration,local experience. It is ideal for explorers and tourists"
Gallery Gitanjali,Bengaluru,west,city,exploration,low,all,4.5,72.0,"Gallery Gitanjali is a city destination in goa known for exploration,local experience. It is ideal for explorers and tourists"
Our Lady of Immaculate Conception Church,Panaji,west,religious,religious,low,all,4.4,68.0,"Our Lady of Immaculate Conception Church is a religious destination in goa known for temple,spiritual,peace. It is ideal for spiritual seekers"
Old Goa,Panaji,west,heritage,heritage,low,winter,4.5,71.0,"Old Goa is a heritage destination in goa known for culture,forts,shopping,history. It is ideal for history and culture lovers"
Arambol Beach,Panaji,west,wildlife,beach,low,winter,4.6,86.0,"Arambol Beach is a wildlife destination in goa known for safari,photography,nature. It is ideal for history and cultural lover"
Palolem Beach,North Goa,west,wildlife,beach,low,winter,4.6,60.0,"Palolem Beach is a wildlife destination in goa known for safari,photography,nature. It is ideal for history and cultural lover"
Colva Beach,Palolem,west,wildlife,beach,low,winter,4.3,55.0,"Colva Beach is a wildlife destination in goa known for safari,photography,nature. It is ideal for history and cultural lover"
Miramar Beach,Colva,west,wildlife,beach,low,winter,4.2,71.0,"Miramar Beach is a wildlife destination in goa known for safari,photography,nature. It is ideal for history and cultural lover"
Dr. Salim Ali Bird Santuary,Panaji,west,wildlife,wildlife,low,winter,3.9,51.0,"Dr. Salim Ali Bird Santuary is a wildlife destination in goa known for safari,photography,nature. It is ideal for history and cultural lover"
Statue of Unity,Thattekad,west,heritage,heritage,medium,winter,4.6,78.0,"Statue of Unity is a heritage destination in gujarat known for culture,forts,shopping,history. It is ideal for history and culture lovers"
Jhulta Minara,Narmada,west,heritage,heritage,low,winter,4.1,71.0,"Jhulta Minara is a heritage destination in gujarat known for culture,forts,shopping,history. It is ideal for history and culture lovers"
Auto World Vintage Car Museum,Ahmedabad,west,city,heritage,medium,all,4.4,86.0,"Auto World Vintage Car Museum is a city destination in gujarat known for exploration,local experience. It is ideal for explorers and tourists"
Sabarmati Ashram,Ahmedabad,west,heritage,heritage,low,winter,4.6,59.0,"Sabarmati Ashram is a heritage destination in gujarat known for culture,forts,shopping,history. It is ideal for history and culture lovers"
Dwarka Beach & Lighthouse,Navrangpura,west,wildlife,beach,low,winter,4.6,85.0,"Dwarka Beach & Lighthouse is a wildlife destination in gujarat known for safari,photography,nature. It is ideal for history and cultural lover"
Rukmini Devi Mandir,Ghanshyam Nagar,west,religious,religious,low,all,4.6,86.0,"Rukmini Devi Mandir is a religious destination in gujarat known for temple,spiritual,peace. It is ideal for spiritual seekers"
Shri Nageshwar Jyotirling,Ghanshyam Nagar,west,religious,religious,low,all,4.7,78.0,"Shri Nageshwar Jyotirling is a religious destination in gujarat known for temple,spiritual,peace. It is ideal for spiritual seekers"
Dwarkadhish Temple,Ghanshyam Nagar,west,religious,religious,low,all,4.7,52.0,"Dwarkadhish Temple is a religious destination in gujarat known for temple,spiritual,peace. It is ideal for spiritual seekers"
Mahabat Maqbara Palace,Devbhumi Dwarka,west,heritage,heritage,low,winter,4.4,90.0,"Mahabat Maqbara Palace is a heritage destination in gujarat known for culture,forts,shopping,history. It is ideal for history and culture lovers"
Uparkot Fort,Junagadh,west,heritage,wildlife,low,winter,4.3,84.0,"Uparkot Fort is a heritage destination in gujarat known for culture,forts,shopping,history. It is ideal for history and culture lovers"
Sakkarbaug Zoological Park,Junagadh,west,wildlife,wildlife,low,winter,4.3,72.0,"Sakkarbaug Zoological Park is a wildlife destination in gujarat known for safari,photography,nature. It is ideal for history and cultural lover"
Gir National Park,Junagadh,west,wildlife,wildlife,luxury,winter,4.5,99.0,"Gir National Park is a wildlife destination in gujarat known for safari,photography,nature. It is ideal for history and cultural lover"
Bhuj Mandir,Bhuj,west,religious,religious,low,all,4.7,96.0,"Bhuj Mandir is a religious destination in gujarat known for temple,spiritual,peace. It is ideal for spiritual seekers"
Chhatardi Bhuj,Bhuj,west,heritage,heritage,low,winter,4.4,62.0,"Chhatardi Bhuj is a heritage destination in gujarat known for culture,forts,shopping,history. It is ideal for history and culture lovers"
White Desert,Bhuj,west,wildlife,wildlife,low,winter,4.6,97.0,"White Desert is a wildlife destination in gujarat known for safari,photography,nature. It is ideal for history and cultural lover"
Sayaji Baug Zoo,Vadodara,west,wildlife,wildlife,low,winter,4.4,95.0,"Sayaji Baug Zoo is a wildlife destination in gujarat known for safari,photography,nature. It is ideal for history and cultural lover"
Inorbit Mall Vadodara,Vadodara,west,city,shopping,low,all,4.5,93.0,"Inorbit Mall Vadodara is a city destination in gujarat known for exploration,local experience. It is ideal for explorers and tourists"
Baroda Museum &Gallery,Vadodara,west,city,heritage,low,all,4.5,60.0,"Baroda Museum &Gallery is a city destination in gujarat known for exploration,local experience. It is ideal for explorers and tourists"
BAPS Shri Swaminarayan Mandir,Vadodara,west,religious,religious,low,all,4.5,73.0,"BAPS Shri Swaminarayan Mandir is a religious destination in gujarat known for temple,spiritual,peace. It is ideal for spiritual seekers"
Mandvi Gate,Vadodara,west,heritage,heritage,low,winter,4.4,62.0,"Mandvi Gate is a heritage destination in gujarat known for culture,forts,shopping,history. It is ideal for history and culture lovers"
Laxmi Vilas Palace,Vadodara,west,heritage,heritage,high,winter,4.4,74.0,"Laxmi Vilas Palace is a heritage destination in gujarat known for culture,forts,shopping,history. It is ideal for history and culture lovers"
Somnath Beach,Vadodara,west,religious,beach,low,all,4.5,86.0,"Somnath Beach is a religious destination in gujarat known for temple,spiritual,peace. It is ideal for spiritual seekers"
Somnath Temple,Veraval,west,religious,religious,low,all,4.8,89.0,"Somnath Temple is a religious destination in gujarat known for temple,spiritual,peace. It is ideal for spiritual seekers"
Adalaj Stepwell,Veraval,west,heritage,heritage,low,winter,4.5,85.0,"Adalaj Stepwell is a heritage destination in gujarat known for culture,forts,shopping,history. It is ideal for history and culture lovers"
Sarita Udyan,Adalaj,west,city,exploration,low,all,4.4,69.0,"Sarita Udyan is a city destination in gujarat known for exploration,local experience. It is ideal for explorers and tourists"
Swaminarayan Akshardham,Gandhinagar,west,religious,religious,low,all,4.6,53.0,"Swaminarayan Akshardham is a religious destination in gujarat known for temple,spiritual,peace. It is ideal for spiritual seekers"
Dandi Kutir,Delhi,west,city,exploration,low,all,4.5,62.0,"Dandi Kutir is a city destination in gujarat known for exploration,local experience. It is ideal for explorers and tourists"
Sabarmati Riverfront,Gandhinagar,west,city,exploration,low,all,4.6,54.0,"Sabarmati Riverfront is a city destination in gujarat known for exploration,local experience. It is ideal for explorers and tourists"
Manek Chowk,Ahmedabad,west,city,shopping,low,all,4.4,82.0,"Manek Chowk is a city destination in gujarat known for exploration,local experience. It is ideal for explorers and tourists"
Kankaria Lake,Ahmedabad,west,wildlife,wildlife,low,winter,4.5,86.0,"Kankaria Lake is a wildlife destination in gujarat known for safari,photography,nature. It is ideal for history and cultural lover"
Science City,Ahmedabad,west,city,exploration,luxury,all,4.4,75.0,"Science City is a city destination in gujarat known for exploration,local experience. It is ideal for explorers and tourists"
Birla Mandir,Ahmedabad,west,religious,religious,low,all,4.6,71.0,"Birla Mandir is a religious destination in rajasthan known for temple,spiritual,peace. It is ideal for spiritual seekers"
Shree Khole Ki Hanuman Mandir,Jaipur,west,religious,religious,low,all,4.8,77.0,"Shree Khole Ki Hanuman Mandir is a religious destination in rajasthan known for temple,spiritual,peace. It is ideal for spiritual seekers"
Cental Park,Jaipur,west,wildlife,wildlife,low,winter,4.6,92.0,"Cental Park is a wildlife destination in rajasthan known for safari,photography,nature. It is ideal for history and cultural lover"
Moti Dungri Ganesh Ji Temple,Jaipur,west,religious,religious,low,all,4.8,52.0,"Moti Dungri Ganesh Ji Temple is a religious destination in rajasthan known for temple,spiritual,peace. It is ideal for spiritual seekers"
Jantar Mantar,Jaipur,west,city,exploration,low,all,4.5,51.0,"Jantar Mantar is a city destination in rajasthan known for exploration,local experience. It is ideal for explorers and tourists"
Amber Palace,Delhi,west,heritage,heritage,low,winter,4.6,80.0,"Amber Palace is a heritage destination in rajasthan known for culture,forts,shopping,history. It is ideal for history and culture lovers"
Hawa Mahal,Jaipur,west,heritage,heritage,medium,winter,4.4,93.0,"Hawa Mahal is a heritage destination in rajasthan known for culture,forts,shopping,history. It is ideal for history and culture lovers"
Lake Pichola,Jaipur,west,wildlife,wildlife,low,winter,4.7,62.0,"Lake Pichola is a wildlife destination in rajasthan known for safari,photography,nature. It is ideal for history and cultural lover"
Jagdish Temple,Udaipur,west,religious,religious,low,all,4.7,78.0,"Jagdish Temple is a religious destination in rajasthan known for temple,spiritual,peace. It is ideal for spiritual seekers"
Ambrai Ghat,Udaipur,west,city,exploration,low,all,4.7,54.0,"Ambrai Ghat is a city destination in rajasthan known for exploration,local experience. It is ideal for explorers and tourists"
Saheliyon ki Bari,Udaipur,west,wildlife,wildlife,medium,winter,4.4,87.0,"Saheliyon ki Bari is a wildlife destination in rajasthan known for safari,photography,nature. It is ideal for history and cultural lover"
Sajjangarh Monsoon Palace,Udaipur,west,heritage,heritage,medium,winter,4.4,57.0,"Sajjangarh Monsoon Palace is a heritage destination in rajasthan known for culture,forts,shopping,history. It is ideal for history and culture lovers"
Bagore ki Haveli,Galera,west,heritage,heritage,low,winter,4.5,81.0,"Bagore ki Haveli is a heritage destination in rajasthan known for culture,forts,shopping,history. It is ideal for history and culture lovers"
Karni Mata Temple,Udaipur,west,religious,religious,low,all,4.0,59.0,"Karni Mata Temple is a religious destination in rajasthan known for temple,spiritual,peace. It is ideal for spiritual seekers"
City Palace,Deshnoke,west,heritage,heritage,high,winter,4.4,65.0,"City Palace is a heritage destination in rajasthan known for culture,forts,shopping,history. It is ideal for history and culture lovers"
Patwa Haweli,Jaisalmer,west,heritage,heritage,low,winter,4.3,86.0,"Patwa Haweli is a heritage destination in rajasthan known for culture,forts,shopping,history. It is ideal for history and culture lovers"
Longewala War memorial,Jaisalmer,west,heritage,heritage,medium,winter,4.8,91.0,"Longewala War memorial is a heritage destination in rajasthan known for culture,forts,shopping,history. It is ideal for history and culture lovers"
Gadisar Lake,Jaisalmer,west,wildlife,wildlife,low,winter,4.4,84.0,"Gadisar Lake is a wildlife destination in rajasthan known for safari,photography,nature. It is ideal for history and cultural lover"
Jaisalmer Fort,Jaisalmer,west,heritage,heritage,medium,winter,4.4,53.0,"Jaisalmer Fort is a heritage destination in rajasthan known for culture,forts,shopping,history. It is ideal for history and culture lovers"
Trinetra Ganesh Temple,Jaisalmer,west,religious,religious,low,all,4.7,72.0,"Trinetra Ganesh Temple is a religious destination in rajasthan known for temple,spiritual,peace. It is ideal for spiritual seekers"
Ranthambore Fort,Sawai Madhopur,west,heritage,heritage,low,winter,4.5,65.0,"Ranthambore Fort is a heritage destination in rajasthan known for culture,forts,shopping,history. It is ideal for history and culture lovers"
Ranthambore National Park,Sawai Madhopur,west,wildlife,wildlife,luxury,winter,4.6,81.0,"Ranthambore National Park is a wildlife destination in rajasthan known for safari,photography,nature. It is ideal for history and cultural lover"
Adhai Din ka Jhopra,Mei Khurd,west,heritage,heritage,medium,winter,4.4,58.0,"Adhai Din ka Jhopra is a heritage destination in rajasthan known for culture,forts,shopping,history. It is ideal for history and culture lovers"
Anasagar Lake,Ajmer,west,wildlife,wildlife,low,winter,4.5,60.0,"Anasagar Lake is a wildlife destination in rajasthan known for safari,photography,nature. It is ideal for history and cultural lover"
Khwaja Gharib Nawaz Dargah ,Ajmer,west,religious,religious,low,all,4.6,91.0,"Khwaja Gharib Nawaz Dargah  is a religious destination in rajasthan known for temple,spiritual,peace. It is ideal for spiritual seekers"
Jaswant Thada,Jalgaon,west,heritage,heritage,low,winter,4.4,77.0,"Jaswant Thada is a heritage destination in rajasthan known for culture,forts,shopping,history. It is ideal for history and culture lovers"
Umaid Bhawan Palace,Jodhpur,west,heritage,heritage,medium,winter,4.5,56.0,"Umaid Bhawan Palace is a heritage destination in rajasthan known for culture,forts,shopping,history. It is ideal for history and culture lovers"
Mehrangarh Fort,Jodhpur,west,heritage,heritage,medium,winter,4.6,71.0,"Mehrangarh Fort is a heritage destination in rajasthan known for culture,forts,shopping,history. It is ideal for history and culture lovers"
Nakki Lake,Jodhpur,west,wildlife,wildlife,low,winter,4.4,53.0,"Nakki Lake is a wildlife destination in rajasthan known for safari,photography,nature. It is ideal for history and cultural lover"
Dilwara Temples,Mount Abu,west,religious,religious,low,all,4.6,72.0,"Dilwara Temples is a religious destination in rajasthan known for temple,spiritual,peace. It is ideal for spiritual seekers"
Nahargarh Fort,Mount Abu,west,heritage,heritage,medium,winter,4.6,78.0,"Nahargarh Fort is a heritage destination in rajasthan known for culture,forts,shopping,history. It is ideal for history and culture lovers"
Jaigarh Fort,Jaipur,west,heritage,heritage,low,winter,4.5,98.0,"Jaigarh Fort is a heritage destination in rajasthan known for culture,forts,shopping,history. It is ideal for history and culture lovers"
Lake Pichola,Jaipur,west,wildlife,wildlife,low,winter,4.6,90.0,"Lake Pichola is a wildlife destination in rajasthan known for safari,photography,nature. It is ideal for history and cultural lover"
Sadda Pind,Amritsar,north,heritage,heritage,luxury,winter,4.3,86.0,"Sadda Pind is a heritage destination in punjab known for culture,forts,shopping,history. It is ideal for history and culture lovers"
Gobind Garh Fort,Kala Ghanupur,north,heritage,heritage,high,winter,4.3,53.0,"Gobind Garh Fort is a heritage destination in punjab known for culture,forts,shopping,history. It is ideal for history and culture lovers"
Shri Durgiana Temple,Amritsar,north,religious,religious,low,all,4.7,57.0,"Shri Durgiana Temple is a religious destination in punjab known for temple,spiritual,peace. It is ideal for spiritual seekers"
Shree Harminder Sahib Gurudwara,Amritsar,north,religious,religious,low,all,4.9,51.0,"Shree Harminder Sahib Gurudwara is a religious destination in punjab known for temple,spiritual,peace. It is ideal for spiritual seekers"
The Partition Museum,Amritsar,north,city,heritage,medium,all,4.6,69.0,"The Partition Museum is a city destination in punjab known for exploration,local experience. It is ideal for explorers and tourists"
Golden Temple (Harmandir Sahib),Amritsar,north,religious,religious,low,all,4.9,57.0,"Golden Temple (Harmandir Sahib) is a religious destination in punjab known for temple,spiritual,peace. It is ideal for spiritual seekers"
Jallianwala Bagh,Amritsar,north,heritage,heritage,low,winter,4.8,82.0,"Jallianwala Bagh is a heritage destination in punjab known for culture,forts,shopping,history. It is ideal for history and culture lovers"
Wagah Border,Amritsar,north,adventure,adventure,low,summer,4.8,57.0,"Wagah Border is a adventure destination in punjab known for trekking,rafting,paragliding. It is ideal for adventure lover"
 Japanese Garden,Mei Khurd,north,heritage,wildlife,low,winter,4.3,65.0," Japanese Garden is a heritage destination in punjab known for culture,forts,shopping,history. It is ideal for history and culture lovers"
Sector 17 Market,Chandigarh,north,city,shopping,low,all,4.4,63.0,"Sector 17 Market is a city destination in punjab known for exploration,local experience. It is ideal for explorers and tourists"
ISKON temple,Chandigarh,north,religious,religious,low,all,4.8,58.0,"ISKON temple is a religious destination in punjab known for temple,spiritual,peace. It is ideal for spiritual seekers"
Terraced garden,Chandigarh,north,wildlife,wildlife,low,winter,4.5,61.0,"Terraced garden is a wildlife destination in punjab known for safari,photography,nature. It is ideal for history and cultural lover"
Government museum & Art gallery,Ditupur Faqiran,north,city,heritage,medium,all,4.4,67.0,"Government museum & Art gallery is a city destination in punjab known for exploration,local experience. It is ideal for explorers and tourists"
Sukhna Lake,Chennai,north,wildlife,wildlife,low,winter,4.6,94.0,"Sukhna Lake is a wildlife destination in punjab known for safari,photography,nature. It is ideal for history and cultural lover"
Rock Garden,Chandigarh,north,city,exploration,low,all,4.5,62.0,"Rock Garden is a city destination in punjab known for exploration,local experience. It is ideal for explorers and tourists"
Shree Krishna Swamy Temple,Kaimbwala,south,religious,religious,low,all,4.6,77.0,"Shree Krishna Swamy Temple is a religious destination in kerala known for temple,spiritual,peace. It is ideal for spiritual seekers"
Marari Beach,Alappuzha,south,wildlife,beach,low,winter,4.5,78.0,"Marari Beach is a wildlife destination in kerala known for safari,photography,nature. It is ideal for history and cultural lover"
International Coi Museum,Alappuzha,south,city,heritage,low,all,4.3,55.0,"International Coi Museum is a city destination in kerala known for exploration,local experience. It is ideal for explorers and tourists"
Alleppey Backwater,Alappuzha,south,wildlife,wildlife,low,winter,4.6,74.0,"Alleppey Backwater is a wildlife destination in kerala known for safari,photography,nature. It is ideal for history and cultural lover"
Chakkulathukavu Sree Bhagwathi Temple,Alappuzha,south,religious,religious,low,all,4.3,62.0,"Chakkulathukavu Sree Bhagwathi Temple is a religious destination in kerala known for temple,spiritual,peace. It is ideal for spiritual seekers"
Mannarasala Sree Nagaraja Temple,Neeretupuram,south,religious,religious,low,all,4.3,53.0,"Mannarasala Sree Nagaraja Temple is a religious destination in kerala known for temple,spiritual,peace. It is ideal for spiritual seekers"
St.Andrew's Basilica,Haripad,south,religious,religious,low,all,4.7,63.0,"St.Andrew's Basilica is a religious destination in kerala known for temple,spiritual,peace. It is ideal for spiritual seekers"
Alappuzha Beach,Arthunkal,south,wildlife,beach,low,winter,4.5,67.0,"Alappuzha Beach is a wildlife destination in kerala known for safari,photography,nature. It is ideal for history and cultural lover"
Pothamedu View Point,Alappuzha,south,city,exploration,low,all,4.2,79.0,"Pothamedu View Point is a city destination in kerala known for exploration,local experience. It is ideal for explorers and tourists"
Eravikulam National Park,Pothamedu,south,wildlife,wildlife,medium,winter,4.3,82.0,"Eravikulam National Park is a wildlife destination in kerala known for safari,photography,nature. It is ideal for history and cultural lover"
Munnar Tea Gardens,Mattupetty,south,wildlife,wildlife,low,winter,4.3,67.0,"Munnar Tea Gardens is a wildlife destination in kerala known for safari,photography,nature. It is ideal for history and cultural lover"
LuLu International Shopping Mall,Pothamedu,south,city,shopping,low,all,4.6,81.0,"LuLu International Shopping Mall is a city destination in kerala known for exploration,local experience. It is ideal for explorers and tourists"
National Shrine Basilica of our Lady of Ransom,Kalamassery,south,religious,religious,low,all,4.8,79.0,"National Shrine Basilica of our Lady of Ransom is a religious destination in kerala known for temple,spiritual,peace. It is ideal for spiritual seekers"
Mattancherry Palace,Kochi,south,heritage,heritage,low,winter,4.2,85.0,"Mattancherry Palace is a heritage destination in kerala known for culture,forts,shopping,history. It is ideal for history and culture lovers"
Marine Drive Kochi,Kochi,south,city,exploration,low,all,4.3,55.0,"Marine Drive Kochi is a city destination in kerala known for exploration,local experience. It is ideal for explorers and tourists"
Hill Palace Museum,Ernakulam,south,heritage,heritage,low,winter,4.3,86.0,"Hill Palace Museum is a heritage destination in kerala known for culture,forts,shopping,history. It is ideal for history and culture lovers"
Cherai Beach,Thrippunithura,south,wildlife,beach,low,winter,4.0,98.0,"Cherai Beach is a wildlife destination in kerala known for safari,photography,nature. It is ideal for history and cultural lover"
Fort Kochi,Munambam,south,heritage,heritage,low,winter,4.4,88.0,"Fort Kochi is a heritage destination in kerala known for culture,forts,shopping,history. It is ideal for history and culture lovers"
Attukal Bhagwathy Temple,Kochi,south,religious,religious,low,all,4.6,53.0,"Attukal Bhagwathy Temple is a religious destination in kerala known for temple,spiritual,peace. It is ideal for spiritual seekers"
Kovalam Beach,Thiruvananthapuram,south,wildlife,beach,low,winter,4.4,94.0,"Kovalam Beach is a wildlife destination in kerala known for safari,photography,nature. It is ideal for history and cultural lover"
Thiruvanthapuram Zoological park,Thiruvananthapuram,south,wildlife,wildlife,high,winter,4.2,51.0,"Thiruvanthapuram Zoological park is a wildlife destination in kerala known for safari,photography,nature. It is ideal for history and cultural lover"
Kanakakkunnu Palace,Thiruvananthapuram,south,heritage,heritage,low,winter,4.5,68.0,"Kanakakkunnu Palace is a heritage destination in kerala known for culture,forts,shopping,history. It is ideal for history and culture lovers"
Veli Lake Tourist Village,Thiruvananthapuram,south,city,photography,low,all,4.2,60.0,"Veli Lake Tourist Village is a city destination in kerala known for exploration,local experience. It is ideal for explorers and tourists"
Napier Museum,Thiruvananthapuram,south,city,heritage,medium,all,4.4,55.0,"Napier Museum is a city destination in kerala known for exploration,local experience. It is ideal for explorers and tourists"
Padmanabhaswamy Temple,Thiruvananthapuram,south,religious,religious,low,all,4.7,83.0,"Padmanabhaswamy Temple is a religious destination in kerala known for temple,spiritual,peace. It is ideal for spiritual seekers"
HiLITE mall,Thiruvananthapuram,south,city,shopping,low,all,4.2,77.0,"HiLITE mall is a city destination in kerala known for exploration,local experience. It is ideal for explorers and tourists"
Mittayi Theravu -SM Street,Kozhikode,south,city,shopping,low,all,4.5,73.0,"Mittayi Theravu -SM Street is a city destination in kerala known for exploration,local experience. It is ideal for explorers and tourists"
Tali Maha Shiva Kshetram,Kozhikode,south,religious,religious,low,all,4.7,63.0,"Tali Maha Shiva Kshetram is a religious destination in kerala known for temple,spiritual,peace. It is ideal for spiritual seekers"
Sargaalaya Kerala Arts& Crafts village,Kozhikode,south,city,exploration,medium,all,4.3,70.0,"Sargaalaya Kerala Arts& Crafts village is a city destination in kerala known for exploration,local experience. It is ideal for explorers and tourists"
Kozhikode Beach,Iringal,south,wildlife,beach,low,winter,3.9,85.0,"Kozhikode Beach is a wildlife destination in kerala known for safari,photography,nature. It is ideal for history and cultural lover"
Lakkidi View point,Kozhikode,south,city,exploration,low,all,4.5,58.0,"Lakkidi View point is a city destination in kerala known for exploration,local experience. It is ideal for explorers and tourists"
Edakkal Caves,Adivaram,south,wildlife,wildlife,medium,winter,4.1,90.0,"Edakkal Caves is a wildlife destination in kerala known for safari,photography,nature. It is ideal for history and cultural lover"
"Karapuzha Dam, adventure park, garden",Wayanad,south,adventure,wildlife,low,summer,4.4,76.0,"Karapuzha Dam, adventure park, garden is a adventure destination in kerala known for trekking,rafting,paragliding. It is ideal for adventure lover"
Wayanad Wildlife Sanctuary,Vythiri,south,wildlife,wildlife,high,winter,4.5,75.0,"Wayanad Wildlife Sanctuary is a wildlife destination in kerala known for safari,photography,nature. It is ideal for history and cultural lover"
Muzhappilangad Beach,Muthanga,south,wildlife,beach,low,winter,4.4,78.0,"Muzhappilangad Beach is a wildlife destination in kerala known for safari,photography,nature. It is ideal for history and cultural lover"
Parassini Madappura Sree Muthappan Temple,Muzhappilangad,south,religious,religious,low,all,4.4,63.0,"Parassini Madappura Sree Muthappan Temple is a religious destination in kerala known for temple,spiritual,peace. It is ideal for spiritual seekers"
St. Angelo Fort,Anthoor,south,heritage,heritage,low,winter,4.4,67.0,"St. Angelo Fort is a heritage destination in kerala known for culture,forts,shopping,history. It is ideal for history and culture lovers"
Kerala Folklore Museum,Kannur,south,heritage,heritage,medium,winter,4.4,65.0,"Kerala Folklore Museum is a heritage destination in kerala known for culture,forts,shopping,history. It is ideal for history and culture lovers"
Wonderla Amusement Park,Ernakulam,south,adventure,wildlife,luxury,summer,4.6,70.0,"Wonderla Amusement Park is a adventure destination in kerala known for trekking,rafting,paragliding. It is ideal for adventure lover"
Shri Chamundeshwari Temple,Vajarahalli,south,religious,religious,low,all,4.7,67.0,"Shri Chamundeshwari Temple is a religious destination in karnataka known for temple,spiritual,peace. It is ideal for spiritual seekers"
Chamundi Betta,Chamundipuram,south,wildlife,wildlife,low,winter,4.7,80.0,"Chamundi Betta is a wildlife destination in karnataka known for safari,photography,nature. It is ideal for history and cultural lover"
Lokaranjan Aqua World Underwater zoo,Chamundipuram,south,wildlife,wildlife,high,winter,4.6,76.0,"Lokaranjan Aqua World Underwater zoo is a wildlife destination in karnataka known for safari,photography,nature. It is ideal for history and cultural lover"
Mysuru Railway museum,Mysuru,south,city,heritage,medium,all,4.4,66.0,"Mysuru Railway museum is a city destination in karnataka known for exploration,local experience. It is ideal for explorers and tourists"
"Karanji Lake, boating, bird sanctuary",Mysuru,south,wildlife,wildlife,low,winter,4.0,73.0,"Karanji Lake, boating, bird sanctuary is a wildlife destination in karnataka known for safari,photography,nature. It is ideal for history and cultural lover"
Mysore Palace,Mysuru,south,heritage,heritage,low,winter,4.6,92.0,"Mysore Palace is a heritage destination in karnataka known for culture,forts,shopping,history. It is ideal for history and culture lovers"
Virupaksha Temple,Mysuru,south,religious,religious,low,all,4.7,66.0,"Virupaksha Temple is a religious destination in karnataka known for temple,spiritual,peace. It is ideal for spiritual seekers"
Stone Chariot,Hampi,south,heritage,heritage,low,winter,4.8,60.0,"Stone Chariot is a heritage destination in karnataka known for culture,forts,shopping,history. It is ideal for history and culture lovers"
Mathanga Hill,Hampi,south,wildlife,wildlife,low,winter,4.8,85.0,"Mathanga Hill is a wildlife destination in karnataka known for safari,photography,nature. It is ideal for history and cultural lover"
Shree Vijaya Vitthala Temple,Hampi,south,religious,religious,low,all,4.8,69.0,"Shree Vijaya Vitthala Temple is a religious destination in karnataka known for temple,spiritual,peace. It is ideal for spiritual seekers"
Group of monuments at Hampi,Hampi,south,heritage,heritage,low,winter,4.7,97.0,"Group of monuments at Hampi is a heritage destination in karnataka known for culture,forts,shopping,history. It is ideal for history and culture lovers"
Lotus Mahal,Hampi,south,heritage,heritage,medium,winter,4.6,80.0,"Lotus Mahal is a heritage destination in karnataka known for culture,forts,shopping,history. It is ideal for history and culture lovers"
Ajanadri Hills,Kamalapura,south,adventure,adventure,low,summer,4.7,63.0,"Ajanadri Hills is a adventure destination in karnataka known for trekking,rafting,paragliding. It is ideal for adventure lover"
Raja's Seat garden,Hanumanahalli,south,city,beach,low,all,4.4,77.0,"Raja's Seat garden is a city destination in karnataka known for exploration,local experience. It is ideal for explorers and tourists"
Nagarhole Tiger Reserve,Madikeri,south,wildlife,wildlife,medium,winter,4.4,66.0,"Nagarhole Tiger Reserve is a wildlife destination in karnataka known for safari,photography,nature. It is ideal for history and cultural lover"
Mallalli Falls,Coorg,south,wildlife,wildlife,low,winter,4.6,84.0,"Mallalli Falls is a wildlife destination in karnataka known for safari,photography,nature. It is ideal for history and cultural lover"
Brahmagiri Wildlife Sanctuary,Heggadahalli,south,wildlife,wildlife,low,winter,4.4,82.0,"Brahmagiri Wildlife Sanctuary is a wildlife destination in karnataka known for safari,photography,nature. It is ideal for history and cultural lover"
Dubare Elephant camp and bathing spot,Coorg,south,wildlife,wildlife,low,winter,4.1,81.0,"Dubare Elephant camp and bathing spot is a wildlife destination in karnataka known for safari,photography,nature. It is ideal for history and cultural lover"
Coorg river rafting Barapole,Virupakshapura,south,adventure,adventure,low,summer,4.1,69.0,"Coorg river rafting Barapole is a adventure destination in karnataka known for trekking,rafting,paragliding. It is ideal for adventure lover"
Namdroling Monastery,Arekadu,south,religious,religious,low,all,4.5,78.0,"Namdroling Monastery is a religious destination in karnataka known for temple,spiritual,peace. It is ideal for spiritual seekers"
Iruppu Falls-Brahmagiri,Doddahosuru,south,wildlife,wildlife,low,winter,4.1,80.0,"Iruppu Falls-Brahmagiri is a wildlife destination in karnataka known for safari,photography,nature. It is ideal for history and cultural lover"
Bhadra wildlife sanctuary,ಪೂಜೆಕಲ್,south,wildlife,wildlife,medium,winter,4.4,66.0,"Bhadra wildlife sanctuary is a wildlife destination in karnataka known for safari,photography,nature. It is ideal for history and cultural lover"
Shri Jagadguru Shankaracharya Peeta,Lakkavalli,south,religious,religious,low,all,4.8,68.0,"Shri Jagadguru Shankaracharya Peeta is a religious destination in karnataka known for temple,spiritual,peace. It is ideal for spiritual seekers"
 Shri Annapurneshwari Devi Temple,Sringeri,south,religious,religious,low,all,4.8,70.0," Shri Annapurneshwari Devi Temple is a religious destination in karnataka known for temple,spiritual,peace. It is ideal for spiritual seekers"
Sri Sharadamba Temple ,Mundiyeruma,south,religious,religious,low,all,4.8,90.0,"Sri Sharadamba Temple  is a religious destination in karnataka known for temple,spiritual,peace. It is ideal for spiritual seekers"
Kallathigiri Falls,Sringeri,south,wildlife,wildlife,low,winter,4.2,85.0,"Kallathigiri Falls is a wildlife destination in karnataka known for safari,photography,nature. It is ideal for history and cultural lover"
Baba Budan Giri hills,Kallattipura,south,wildlife,wildlife,low,winter,4.5,95.0,"Baba Budan Giri hills is a wildlife destination in karnataka known for safari,photography,nature. It is ideal for history and cultural lover"
Mullayanagiri Betta,Attigundi,south,wildlife,wildlife,low,winter,4.5,58.0,"Mullayanagiri Betta is a wildlife destination in karnataka known for safari,photography,nature. It is ideal for history and cultural lover"
Sri Bhootanaatha Gudi,Chikkamagaluru,south,religious,religious,low,all,4.7,98.0,"Sri Bhootanaatha Gudi is a religious destination in karnataka known for temple,spiritual,peace. It is ideal for spiritual seekers"
Banashankari Devi Temple,Badami,south,religious,religious,low,all,4.7,85.0,"Banashankari Devi Temple is a religious destination in karnataka known for temple,spiritual,peace. It is ideal for spiritual seekers"
Badami Cave Temples,Badami,south,religious,religious,low,all,4.6,63.0,"Badami Cave Temples is a religious destination in karnataka known for temple,spiritual,peace. It is ideal for spiritual seekers"
Kadri Park,Mangaluru,south,city,wildlife,low,all,4.3,89.0,"Kadri Park is a city destination in karnataka known for exploration,local experience. It is ideal for explorers and tourists"
City Center mall,Mangaluru,south,city,shopping,low,all,4.4,67.0,"City Center mall is a city destination in karnataka known for exploration,local experience. It is ideal for explorers and tourists"
Kukke Shree Subrahmanya Temple,Subramanya,south,religious,religious,low,all,4.6,64.0,"Kukke Shree Subrahmanya Temple is a religious destination in karnataka known for temple,spiritual,peace. It is ideal for spiritual seekers"
Dharmasthala Temple,Dharmasthala,south,religious,religious,low,all,4.8,79.0,"Dharmasthala Temple is a religious destination in karnataka known for temple,spiritual,peace. It is ideal for spiritual seekers"
Pilikula Nisargadhama zoo,Vamanjoor,south,wildlife,religious,medium,winter,4.4,82.0,"Pilikula Nisargadhama zoo is a wildlife destination in karnataka known for safari,photography,nature. It is ideal for history and cultural lover"
Panambur Beach,Panambur,south,wildlife,beach,low,winter,4.5,70.0,"Panambur Beach is a wildlife destination in karnataka known for safari,photography,nature. It is ideal for history and cultural lover"
Fort Bijapur,Vijayapura,south,heritage,heritage,medium,winter,4.3,86.0,"Fort Bijapur is a heritage destination in karnataka known for culture,forts,shopping,history. It is ideal for history and culture lovers"
Jamiya Masjid,Vijayapura,south,heritage,religious,low,winter,4.2,88.0,"Jamiya Masjid is a heritage destination in karnataka known for culture,forts,shopping,history. It is ideal for history and culture lovers"
Shivgiri Temple,Ainapura,south,religious,religious,low,all,4.5,53.0,"Shivgiri Temple is a religious destination in karnataka known for temple,spiritual,peace. It is ideal for spiritual seekers"
Gol Gumbaz museum,Vijayapura,south,heritage,heritage,low,winter,4.5,87.0,"Gol Gumbaz museum is a heritage destination in karnataka known for culture,forts,shopping,history. It is ideal for history and culture lovers"
Phoenix Marketcity Pune,Mumbai,west,city,shopping,low,all,4.5,78.0,"Phoenix Marketcity Pune is a city destination in maharashtra known for exploration,local experience. It is ideal for explorers and tourists"
Chatushrungi Devi Temple,Pune District,west,religious,religious,low,all,4.6,87.0,"Chatushrungi Devi Temple is a religious destination in maharashtra known for temple,spiritual,peace. It is ideal for spiritual seekers"
Pune-Okayama Friendship Garden,Anandnagar,west,city,exploration,low,all,4.5,92.0,"Pune-Okayama Friendship Garden is a city destination in maharashtra known for exploration,local experience. It is ideal for explorers and tourists"
Raja Dinkar Kelkar Museum,Mumbai,west,city,heritage,high,all,4.4,77.0,"Raja Dinkar Kelkar Museum is a city destination in maharashtra known for exploration,local experience. It is ideal for explorers and tourists"
Sinhagad Fort,Mumbai,west,heritage,heritage,low,winter,4.6,87.0,"Sinhagad Fort is a heritage destination in maharashtra known for culture,forts,shopping,history. It is ideal for history and culture lovers"
Rajiv Gandhi zoo,Pune District,west,wildlife,wildlife,low,winter,4.1,83.0,"Rajiv Gandhi zoo is a wildlife destination in maharashtra known for safari,photography,nature. It is ideal for history and cultural lover"
 Dagadusheth Halwai Ganapati temple,Mumbai,west,religious,religious,low,all,4.8,94.0," Dagadusheth Halwai Ganapati temple is a religious destination in maharashtra known for temple,spiritual,peace. It is ideal for spiritual seekers"
Shaniwar Wada,Pune District,west,heritage,heritage,medium,winter,4.4,68.0,"Shaniwar Wada is a heritage destination in maharashtra known for culture,forts,shopping,history. It is ideal for history and culture lovers"
Prozone Mall,Chinnavedampatti,west,city,shopping,low,all,4.3,54.0,"Prozone Mall is a city destination in maharashtra known for exploration,local experience. It is ideal for explorers and tourists"
Bibi ka Maqbara ,Chhatrapati Sambhajinagar,west,heritage,heritage,low,winter,4.2,80.0,"Bibi ka Maqbara  is a heritage destination in maharashtra known for culture,forts,shopping,history. It is ideal for history and culture lovers"
Ellora Caves,Ellora,west,heritage,heritage,low,winter,4.7,59.0,"Ellora Caves is a heritage destination in maharashtra known for culture,forts,shopping,history. It is ideal for history and culture lovers"
Daulatabad Fort,Daulatabad,west,heritage,heritage,low,winter,4.8,51.0,"Daulatabad Fort is a heritage destination in maharashtra known for culture,forts,shopping,history. It is ideal for history and culture lovers"
Ajanta Caves,Phardapur,west,heritage,heritage,low,winter,4.6,80.0,"Ajanta Caves is a heritage destination in maharashtra known for culture,forts,shopping,history. It is ideal for history and culture lovers"
Trimbakeshwar Jyotirling Mandir,Trimbak,west,religious,religious,low,all,4.6,57.0,"Trimbakeshwar Jyotirling Mandir is a religious destination in maharashtra known for temple,spiritual,peace. It is ideal for spiritual seekers"
Pandav Leni caves,Nashik,west,heritage,heritage,low,winter,4.6,61.0,"Pandav Leni caves is a heritage destination in maharashtra known for culture,forts,shopping,history. It is ideal for history and culture lovers"
Water Sports in Alibaug,Alibag,west,adventure,adventure,low,summer,4.9,77.0,"Water Sports in Alibaug is a adventure destination in maharashtra known for trekking,rafting,paragliding. It is ideal for adventure lover"
Kolaba Fort,Alibag,west,heritage,heritage,low,winter,4.2,90.0,"Kolaba Fort is a heritage destination in maharashtra known for culture,forts,shopping,history. It is ideal for history and culture lovers"
Alibaug Beach,Alibag,west,wildlife,beach,low,winter,4.2,63.0,"Alibaug Beach is a wildlife destination in maharashtra known for safari,photography,nature. It is ideal for history and cultural lover"
Jaigad Fort,Jaigarh,west,heritage,heritage,low,winter,4.1,71.0,"Jaigad Fort is a heritage destination in maharashtra known for culture,forts,shopping,history. It is ideal for history and culture lovers"
Tilak Ali Museum,Ratnagiri,west,city,heritage,low,all,4.6,85.0,"Tilak Ali Museum is a city destination in maharashtra known for exploration,local experience. It is ideal for explorers and tourists"
Ganapatipule Temple,Ganpatipule,west,religious,religious,low,all,4.7,69.0,"Ganapatipule Temple is a religious destination in maharashtra known for temple,spiritual,peace. It is ideal for spiritual seekers"
Umred Karhandla Wildlife Sanctuary,Khapari,west,wildlife,wildlife,medium,winter,4.2,88.0,"Umred Karhandla Wildlife Sanctuary is a wildlife destination in maharashtra known for safari,photography,nature. It is ideal for history and cultural lover"
Tadoba Andhari Tiger Project,Chandrapur,west,wildlife,wildlife,low,winter,4.5,84.0,"Tadoba Andhari Tiger Project is a wildlife destination in maharashtra known for safari,photography,nature. It is ideal for history and cultural lover"
Khindsi Lake water sports,Gudegaon,west,adventure,photography,low,summer,4.0,62.0,"Khindsi Lake water sports is a adventure destination in maharashtra known for trekking,rafting,paragliding. It is ideal for adventure lover"
Khindsi Lake,Gudegaon,west,wildlife,wildlife,low,winter,4.0,75.0,"Khindsi Lake is a wildlife destination in maharashtra known for safari,photography,nature. It is ideal for history and cultural lover"
Ambazari Lake & Garden,Nagpur,west,wildlife,wildlife,low,winter,4.0,85.0,"Ambazari Lake & Garden is a wildlife destination in maharashtra known for safari,photography,nature. It is ideal for history and cultural lover"
Raman Science Centre,Nagpur,west,city,exploration,low,all,4.5,86.0,"Raman Science Centre is a city destination in maharashtra known for exploration,local experience. It is ideal for explorers and tourists"
Krazy Castle Aqua Park,Nagpur,west,adventure,wildlife,high,summer,4.0,66.0,"Krazy Castle Aqua Park is a adventure destination in maharashtra known for trekking,rafting,paragliding. It is ideal for adventure lover"
Deekshabhoomi,Nagpur,west,heritage,heritage,low,winter,4.5,86.0,"Deekshabhoomi is a heritage destination in maharashtra known for culture,forts,shopping,history. It is ideal for history and culture lovers"
Chhatrapati Shahu Palace,Kolhapur,west,heritage,heritage,low,winter,4.5,61.0,"Chhatrapati Shahu Palace is a heritage destination in maharashtra known for culture,forts,shopping,history. It is ideal for history and culture lovers"
Dajipur Wildlife Sanctuary,Phondaghat,west,wildlife,wildlife,medium,winter,4.4,90.0,"Dajipur Wildlife Sanctuary is a wildlife destination in maharashtra known for safari,photography,nature. It is ideal for history and cultural lover"
Shri Ambabai Temple,Kagal,west,religious,religious,low,all,4.8,77.0,"Shri Ambabai Temple is a religious destination in maharashtra known for temple,spiritual,peace. It is ideal for spiritual seekers"
Della Adventure Park,Lonavala,west,adventure,wildlife,luxury,summer,4.3,73.0,"Della Adventure Park is a adventure destination in maharashtra known for trekking,rafting,paragliding. It is ideal for adventure lover"
Karla Caves,Karla,west,heritage,heritage,low,winter,4.4,91.0,"Karla Caves is a heritage destination in maharashtra known for culture,forts,shopping,history. It is ideal for history and culture lovers"
Imagicaa amusement park,Vadwal,west,adventure,wildlife,luxury,summer,4.4,56.0,"Imagicaa amusement park is a adventure destination in maharashtra known for trekking,rafting,paragliding. It is ideal for adventure lover"
Lions Point ,Lonavala,west,city,exploration,low,all,4.4,65.0,"Lions Point  is a city destination in maharashtra known for exploration,local experience. It is ideal for explorers and tourists"
Ekvira Devi Temple,Karla,west,religious,religious,low,all,4.7,73.0,"Ekvira Devi Temple is a religious destination in maharashtra known for temple,spiritual,peace. It is ideal for spiritual seekers"
Tarkarli Beach,Tarkarli,west,wildlife,beach,low,winter,4.6,76.0,"Tarkarli Beach is a wildlife destination in maharashtra known for safari,photography,nature. It is ideal for history and cultural lover"
Kaas Plateau,Satara,west,wildlife,wildlife,high,winter,4.4,68.0,"Kaas Plateau is a wildlife destination in maharashtra known for safari,photography,nature. It is ideal for history and cultural lover"
Vasota Fort Jungle trekking and Camping,Satara,west,adventure,trekking,luxury,summer,4.7,93.0,"Vasota Fort Jungle trekking and Camping is a adventure destination in maharashtra known for trekking,rafting,paragliding. It is ideal for adventure lover"
Thoseghar Waterfall,Satara,west,wildlife,wildlife,low,winter,4.5,73.0,"Thoseghar Waterfall is a wildlife destination in maharashtra known for safari,photography,nature. It is ideal for history and cultural lover"
Ajinkyatara Fort,Satara,west,heritage,heritage,low,winter,4.5,71.0,"Ajinkyatara Fort is a heritage destination in maharashtra known for culture,forts,shopping,history. It is ideal for history and culture lovers"
Uttar Chidambaram Nataraj mandir,Satara,west,religious,religious,low,all,4.6,85.0,"Uttar Chidambaram Nataraj mandir is a religious destination in maharashtra known for temple,spiritual,peace. It is ideal for spiritual seekers"
Sajjangad Fort,Satara,west,heritage,heritage,low,winter,4.6,77.0,"Sajjangad Fort is a heritage destination in maharashtra known for culture,forts,shopping,history. It is ideal for history and culture lovers"
Pratapgad Fort,Satara,west,heritage,heritage,low,winter,4.5,71.0,"Pratapgad Fort is a heritage destination in maharashtra known for culture,forts,shopping,history. It is ideal for history and culture lovers"
Echo Point,Raigad,west,city,exploration,low,all,4.4,66.0,"Echo Point is a city destination in maharashtra known for exploration,local experience. It is ideal for explorers and tourists"
Dodhani Waterfalls,Matheran,west,wildlife,wildlife,low,winter,4.6,74.0,"Dodhani Waterfalls is a wildlife destination in maharashtra known for safari,photography,nature. It is ideal for history and cultural lover"
Dodhani Waterfalls rappelling/trek,Matheran,west,adventure,trekking,luxury,summer,4.6,69.0,"Dodhani Waterfalls rappelling/trek is a adventure destination in maharashtra known for trekking,rafting,paragliding. It is ideal for adventure lover"
Chanderi Caves trek,Raigad,west,adventure,trekking,luxury,summer,4.5,56.0,"Chanderi Caves trek is a adventure destination in maharashtra known for trekking,rafting,paragliding. It is ideal for adventure lover"
Irshalgad Fort,Raigad,west,heritage,heritage,medium,winter,4.6,95.0,"Irshalgad Fort is a heritage destination in maharashtra known for culture,forts,shopping,history. It is ideal for history and culture lovers"
Neral-Matheran Toy Train,Neral,west,city,exploration,medium,all,4.5,84.0,"Neral-Matheran Toy Train is a city destination in maharashtra known for exploration,local experience. It is ideal for explorers and tourists"
Kalavantin Pinnacle fortress and trek,Raigad,west,adventure,trekking,medium,summer,4.7,99.0,"Kalavantin Pinnacle fortress and trek is a adventure destination in maharashtra known for trekking,rafting,paragliding. It is ideal for adventure lover"
Ambarnath Shiv Temple,Ambernath,west,religious,religious,low,all,4.2,56.0,"Ambarnath Shiv Temple is a religious destination in maharashtra known for temple,spiritual,peace. It is ideal for spiritual seekers"
Ellora Caves,Ellora,west,heritage,heritage,low,winter,4.7,92.0,"Ellora Caves is a heritage destination in maharashtra known for culture,forts,shopping,history. It is ideal for history and culture lovers"
Mall road,Shimla,north,city,shopping,low,all,4.7,61.0,"Mall road is a city destination in himachal pradesh known for exploration,local experience. It is ideal for explorers and tourists"
Annandale  view,Shimla,north,city,exploration,low,all,3.8,66.0,"Annandale  view is a city destination in himachal pradesh known for exploration,local experience. It is ideal for explorers and tourists"
Chadwick falls,Shimla,north,wildlife,wildlife,low,winter,3.6,92.0,"Chadwick falls is a wildlife destination in himachal pradesh known for safari,photography,nature. It is ideal for history and cultural lover"
Himalayan bird park,Shimla,north,wildlife,wildlife,low,winter,3.9,89.0,"Himalayan bird park is a wildlife destination in himachal pradesh known for safari,photography,nature. It is ideal for history and cultural lover"
Naldhera and Shaily peak,Shimla,north,wildlife,trekking,low,winter,4.5,92.0,"Naldhera and Shaily peak is a wildlife destination in himachal pradesh known for safari,photography,nature. It is ideal for history and cultural lover"
Kufri Fun World,Bengaluru,north,adventure,adventure,low,summer,3.8,84.0,"Kufri Fun World is a adventure destination in himachal pradesh known for trekking,rafting,paragliding. It is ideal for adventure lover"
Scandal point,Shimla,north,city,exploration,low,all,4.5,66.0,"Scandal point is a city destination in himachal pradesh known for exploration,local experience. It is ideal for explorers and tourists"
Kalka-Shimla Toy train,Upalheri,north,city,exploration,high,all,4.5,97.0,"Kalka-Shimla Toy train is a city destination in himachal pradesh known for exploration,local experience. It is ideal for explorers and tourists"
Lakkar bazaar,Shimla,north,city,shopping,low,all,4.0,61.0,"Lakkar bazaar is a city destination in himachal pradesh known for exploration,local experience. It is ideal for explorers and tourists"
Rafting at Tattapani,Theogi,north,adventure,adventure,luxury,summer,4.1,89.0,"Rafting at Tattapani is a adventure destination in himachal pradesh known for trekking,rafting,paragliding. It is ideal for adventure lover"
Kuthar Fort,Krishangarh,north,heritage,heritage,low,winter,4.3,63.0,"Kuthar Fort is a heritage destination in himachal pradesh known for culture,forts,shopping,history. It is ideal for history and culture lovers"
Tara Devi Temple,Manauri,north,religious,religious,low,all,4.8,85.0,"Tara Devi Temple is a religious destination in himachal pradesh known for temple,spiritual,peace. It is ideal for spiritual seekers"
Christ Church,Shimla,north,heritage,heritage,low,winter,4.6,87.0,"Christ Church is a heritage destination in himachal pradesh known for culture,forts,shopping,history. It is ideal for history and culture lovers"
Jakhoo hill ,Shimla,north,wildlife,wildlife,low,winter,4.6,65.0,"Jakhoo hill  is a wildlife destination in himachal pradesh known for safari,photography,nature. It is ideal for history and cultural lover"
Solang Valley,Solang,north,wildlife,wildlife,low,winter,4.1,74.0,"Solang Valley is a wildlife destination in himachal pradesh known for safari,photography,nature. It is ideal for history and cultural lover"
Hidimba Devi Temple,Manali,north,religious,religious,low,all,4.6,88.0,"Hidimba Devi Temple is a religious destination in himachal pradesh known for temple,spiritual,peace. It is ideal for spiritual seekers"
Beas kund,Kullu,north,wildlife,wildlife,low,winter,4.6,89.0,"Beas kund is a wildlife destination in himachal pradesh known for safari,photography,nature. It is ideal for history and cultural lover"
Vashisht baths,Manali,north,adventure,adventure,low,summer,4.0,70.0,"Vashisht baths is a adventure destination in himachal pradesh known for trekking,rafting,paragliding. It is ideal for adventure lover"
Rohtang Pass,Lahaul And Spiti,north,adventure,adventure,low,summer,4.5,76.0,"Rohtang Pass is a adventure destination in himachal pradesh known for trekking,rafting,paragliding. It is ideal for adventure lover"
Gulaba viewpoint,Kothi,north,city,exploration,low,all,4.5,65.0,"Gulaba viewpoint is a city destination in himachal pradesh known for exploration,local experience. It is ideal for explorers and tourists"
Panch Pulla Waterfall,Panchpulla,north,wildlife,wildlife,low,winter,3.9,80.0,"Panch Pulla Waterfall is a wildlife destination in himachal pradesh known for safari,photography,nature. It is ideal for history and cultural lover"
Boat riding in Chamera lake,Ghatta,north,adventure,photography,high,summer,4.4,86.0,"Boat riding in Chamera lake is a adventure destination in himachal pradesh known for trekking,rafting,paragliding. It is ideal for adventure lover"
Kalatop Wildlife sanctuary,Dalhousie,north,wildlife,wildlife,medium,winter,4.6,95.0,"Kalatop Wildlife sanctuary is a wildlife destination in himachal pradesh known for safari,photography,nature. It is ideal for history and cultural lover"
Shop at Tibetan Handicrafts market,Panchpulla,north,city,shopping,low,all,3.8,64.0,"Shop at Tibetan Handicrafts market is a city destination in himachal pradesh known for exploration,local experience. It is ideal for explorers and tourists"
Trek to Dainkund Peak,Chamba,north,adventure,trekking,luxury,summer,4.8,75.0,"Trek to Dainkund Peak is a adventure destination in himachal pradesh known for trekking,rafting,paragliding. It is ideal for adventure lover"
Trek to Ganji Pahari,Panchpulla,north,adventure,trekking,luxury,summer,4.0,88.0,"Trek to Ganji Pahari is a adventure destination in himachal pradesh known for trekking,rafting,paragliding. It is ideal for adventure lover"
Dalai Lama Temple,Dharmasthala,north,religious,religious,low,all,4.7,97.0,"Dalai Lama Temple is a religious destination in himachal pradesh known for temple,spiritual,peace. It is ideal for spiritual seekers"
Khajjiar Lake,Dalhousie,north,wildlife,wildlife,low,winter,4.5,96.0,"Khajjiar Lake is a wildlife destination in himachal pradesh known for safari,photography,nature. It is ideal for history and cultural lover"
Vaishno Devi Temple,Basag,north,religious,religious,low,all,4.6,59.0,"Vaishno Devi Temple is a religious destination in himachal pradesh known for temple,spiritual,peace. It is ideal for spiritual seekers"
Hamta Pass,Kullu,north,adventure,adventure,low,summer,4.5,94.0,"Hamta Pass is a adventure destination in himachal pradesh known for trekking,rafting,paragliding. It is ideal for adventure lover"
Tirthan valley,Bali Ghar,north,wildlife,wildlife,low,winter,4.7,58.0,"Tirthan valley is a wildlife destination in himachal pradesh known for safari,photography,nature. It is ideal for history and cultural lover"
Chandrakhani Pass,Kullu,north,adventure,adventure,low,summer,4.3,91.0,"Chandrakhani Pass is a adventure destination in himachal pradesh known for trekking,rafting,paragliding. It is ideal for adventure lover"
Lama Dugh Hike,Manali,north,adventure,adventure,luxury,summer,4.7,99.0,"Lama Dugh Hike is a adventure destination in himachal pradesh known for trekking,rafting,paragliding. It is ideal for adventure lover"
Cycling from Manu Temple,Manali,north,adventure,religious,low,summer,4.6,88.0,"Cycling from Manu Temple is a adventure destination in himachal pradesh known for trekking,rafting,paragliding. It is ideal for adventure lover"
Rafting in river Beas,Aloh,north,adventure,adventure,high,summer,4.5,82.0,"Rafting in river Beas is a adventure destination in himachal pradesh known for trekking,rafting,paragliding. It is ideal for adventure lover"
Paragliding in Kullu hills,Kullu,north,adventure,adventure,luxury,summer,4.7,51.0,"Paragliding in Kullu hills is a adventure destination in himachal pradesh known for trekking,rafting,paragliding. It is ideal for adventure lover"
Great Himalayan National Park,Kullu,north,wildlife,wildlife,medium,winter,4.5,54.0,"Great Himalayan National Park is a wildlife destination in himachal pradesh known for safari,photography,nature. It is ideal for history and cultural lover"
Naini Lake,Nainital,north,wildlife,wildlife,low,winter,4.2,66.0,"Naini Lake is a wildlife destination in uttarakhand known for safari,photography,nature. It is ideal for history and cultural lover"
Sunrise at Tiffin top,Nainital,north,wildlife,wildlife,low,winter,4.5,54.0,"Sunrise at Tiffin top is a wildlife destination in uttarakhand known for safari,photography,nature. It is ideal for history and cultural lover"
Shop at Tibetan  market,Nainital,north,city,shopping,low,all,4.2,62.0,"Shop at Tibetan  market is a city destination in uttarakhand known for exploration,local experience. It is ideal for explorers and tourists"
Cave garden,Nainital,north,wildlife,wildlife,medium,winter,4.3,89.0,"Cave garden is a wildlife destination in uttarakhand known for safari,photography,nature. It is ideal for history and cultural lover"
Nainital zoo,Nainital,north,wildlife,wildlife,medium,winter,4.3,63.0,"Nainital zoo is a wildlife destination in uttarakhand known for safari,photography,nature. It is ideal for history and cultural lover"
Shop at Mall road,Nainital,north,city,shopping,low,all,4.5,67.0,"Shop at Mall road is a city destination in uttarakhand known for exploration,local experience. It is ideal for explorers and tourists"
Naina Devi temple,Bilaspur,north,religious,religious,low,all,4.6,59.0,"Naina Devi temple is a religious destination in uttarakhand known for temple,spiritual,peace. It is ideal for spiritual seekers"
Pangot and Kilbury bird sanctuary,Kilbary,north,wildlife,wildlife,low,winter,4.2,97.0,"Pangot and Kilbury bird sanctuary is a wildlife destination in uttarakhand known for safari,photography,nature. It is ideal for history and cultural lover"
Raj Bhawan Royal Palace,Nainital,north,heritage,heritage,high,winter,4.6,86.0,"Raj Bhawan Royal Palace is a heritage destination in uttarakhand known for culture,forts,shopping,history. It is ideal for history and culture lovers"
Cheena peak,Nainital,north,adventure,trekking,low,summer,4.7,93.0,"Cheena peak is a adventure destination in uttarakhand known for trekking,rafting,paragliding. It is ideal for adventure lover"
Nainital ropeway,Nainital,north,adventure,adventure,medium,summer,4.7,61.0,"Nainital ropeway is a adventure destination in uttarakhand known for trekking,rafting,paragliding. It is ideal for adventure lover"
Laxman Jhula,Pauri Garhwal,north,adventure,adventure,low,summer,4.4,72.0,"Laxman Jhula is a adventure destination in uttarakhand known for trekking,rafting,paragliding. It is ideal for adventure lover"
Triveni Ghat,Rishikesh,north,religious,religious,low,all,4.3,83.0,"Triveni Ghat is a religious destination in uttarakhand known for temple,spiritual,peace. It is ideal for spiritual seekers"
Vashishta Gufa,Tehri Garhwal,north,religious,religious,low,all,4.2,55.0,"Vashishta Gufa is a religious destination in uttarakhand known for temple,spiritual,peace. It is ideal for spiritual seekers"
Kunjapuri Devi Temple and camps,Tehri Garhwal,north,religious,religious,low,all,4.9,74.0,"Kunjapuri Devi Temple and camps is a religious destination in uttarakhand known for temple,spiritual,peace. It is ideal for spiritual seekers"
Beatles Ashram,Pauri Garhwal,north,city,exploration,low,all,4.4,68.0,"Beatles Ashram is a city destination in uttarakhand known for exploration,local experience. It is ideal for explorers and tourists"
Giant swing or zip lining,Pauri Garhwal,north,adventure,adventure,luxury,summer,4.8,93.0,"Giant swing or zip lining is a adventure destination in uttarakhand known for trekking,rafting,paragliding. It is ideal for adventure lover"
Camp on banks of Ganges,Siddharthnagar,north,adventure,adventure,low,summer,4.7,85.0,"Camp on banks of Ganges is a adventure destination in uttarakhand known for trekking,rafting,paragliding. It is ideal for adventure lover"
Ram Jhula,Tehri Garhwal,north,religious,religious,low,all,4.6,69.0,"Ram Jhula is a religious destination in uttarakhand known for temple,spiritual,peace. It is ideal for spiritual seekers"
Neelkantha Mahadeva Temple,Pauri Garhwal,north,religious,religious,low,all,4.5,81.0,"Neelkantha Mahadeva Temple is a religious destination in uttarakhand known for temple,spiritual,peace. It is ideal for spiritual seekers"
Bharat Mandir,Hirdi,north,religious,religious,low,all,3.8,79.0,"Bharat Mandir is a religious destination in uttarakhand known for temple,spiritual,peace. It is ideal for spiritual seekers"
Bhootnath Temple,Pauri Garhwal,north,religious,religious,low,all,4.5,80.0,"Bhootnath Temple is a religious destination in uttarakhand known for temple,spiritual,peace. It is ideal for spiritual seekers"
Devprayag Sightseeing ,Devprayag,north,city,exploration,low,all,4.1,99.0,"Devprayag Sightseeing  is a city destination in uttarakhand known for exploration,local experience. It is ideal for explorers and tourists"
 dip in Bramhakund,Haridwar,north,religious,religious,low,all,4.8,75.0," dip in Bramhakund is a religious destination in uttarakhand known for temple,spiritual,peace. It is ideal for spiritual seekers"
Ganga arti at Har-ki-Pauri ghat,Haridwar,north,religious,religious,low,all,4.6,88.0,"Ganga arti at Har-ki-Pauri ghat is a religious destination in uttarakhand known for temple,spiritual,peace. It is ideal for spiritual seekers"
Neel Dhara Pakshi Vihar,Haridwar,north,wildlife,wildlife,low,winter,4.0,72.0,"Neel Dhara Pakshi Vihar is a wildlife destination in uttarakhand known for safari,photography,nature. It is ideal for history and cultural lover"
Rajaji National Park ,Rishikesh,north,wildlife,wildlife,medium,winter,4.3,74.0,"Rajaji National Park  is a wildlife destination in uttarakhand known for safari,photography,nature. It is ideal for history and cultural lover"
Moti Bazar,Mumbai,north,city,shopping,low,all,4.3,53.0,"Moti Bazar is a city destination in uttarakhand known for exploration,local experience. It is ideal for explorers and tourists"
Jwalapur Bazar ,Haridwar,north,city,shopping,low,all,4.1,60.0,"Jwalapur Bazar  is a city destination in uttarakhand known for exploration,local experience. It is ideal for explorers and tourists"
Bara Bazar ,Kolkata,north,city,shopping,low,all,4.5,64.0,"Bara Bazar  is a city destination in uttarakhand known for exploration,local experience. It is ideal for explorers and tourists"
 Kankhal Bazar,Haridwar,north,city,shopping,low,all,3.8,71.0," Kankhal Bazar is a city destination in uttarakhand known for exploration,local experience. It is ideal for explorers and tourists"
Har Ki Pauri,Haridwar,north,religious,religious,low,all,4.5,74.0,"Har Ki Pauri is a religious destination in uttarakhand known for temple,spiritual,peace. It is ideal for spiritual seekers"
Tungnath Chandrashila trekk,Chamoli,north,adventure,trekking,high,summer,4.2,55.0,"Tungnath Chandrashila trekk is a adventure destination in uttarakhand known for trekking,rafting,paragliding. It is ideal for adventure lover"
Chandi Devi Temple,Haridwar,north,religious,religious,low,all,4.4,81.0,"Chandi Devi Temple is a religious destination in uttarakhand known for temple,spiritual,peace. It is ideal for spiritual seekers"
Malsi Deer park,Dehradun,north,wildlife,wildlife,low,winter,4.3,89.0,"Malsi Deer park is a wildlife destination in uttarakhand known for safari,photography,nature. It is ideal for history and cultural lover"
Shiv Mandir,Bhatta,north,religious,religious,low,all,4.5,59.0,"Shiv Mandir is a religious destination in uttarakhand known for temple,spiritual,peace. It is ideal for spiritual seekers"
Mindrolling monastery,Dehradun,north,heritage,heritage,low,winter,4.3,87.0,"Mindrolling monastery is a heritage destination in uttarakhand known for culture,forts,shopping,history. It is ideal for history and culture lovers"
Nag Tibba trek,Tehri Garhwal,north,adventure,trekking,luxury,summer,4.8,56.0,"Nag Tibba trek is a adventure destination in uttarakhand known for trekking,rafting,paragliding. It is ideal for adventure lover"
Mall road,Rishikesh,north,city,shopping,low,all,4.7,73.0,"Mall road is a city destination in uttarakhand known for exploration,local experience. It is ideal for explorers and tourists"
Rajaji National Park ,Rishikesh,north,wildlife,wildlife,low,winter,4.6,56.0,"Rajaji National Park  is a wildlife destination in uttarakhand known for safari,photography,nature. It is ideal for history and cultural lover"
Santala Devi temple,Dehradun,north,religious,religious,low,all,3.8,71.0,"Santala Devi temple is a religious destination in uttarakhand known for temple,spiritual,peace. It is ideal for spiritual seekers"
Indira market,Dehradun,north,city,shopping,low,all,4.7,87.0,"Indira market is a city destination in uttarakhand known for exploration,local experience. It is ideal for explorers and tourists"
Pacific mall,Almaty Region,north,city,shopping,low,all,4.9,89.0,"Pacific mall is a city destination in uttarakhand known for exploration,local experience. It is ideal for explorers and tourists"
Paltan Bazaar ,Guwahati,north,city,shopping,low,all,3.7,76.0,"Paltan Bazaar  is a city destination in uttarakhand known for exploration,local experience. It is ideal for explorers and tourists"
Lachhiwala nature park,Dehradun,north,wildlife,wildlife,low,winter,4.2,80.0,"Lachhiwala nature park is a wildlife destination in uttarakhand known for safari,photography,nature. It is ideal for history and cultural lover"
Fun n Food Kingdom ,Dehradun,north,adventure,adventure,luxury,summer,4.3,55.0,"Fun n Food Kingdom  is a adventure destination in uttarakhand known for trekking,rafting,paragliding. It is ideal for adventure lover"
Robber's Cave,Dehradun,north,adventure,adventure,low,summer,4.5,69.0,"Robber's Cave is a adventure destination in uttarakhand known for trekking,rafting,paragliding. It is ideal for adventure lover"
Kempty Falls,Kempty Fall,north,wildlife,wildlife,low,winter,4.2,74.0,"Kempty Falls is a wildlife destination in uttarakhand known for safari,photography,nature. It is ideal for history and cultural lover"
Camel's back road,Mussoorie,north,city,exploration,low,all,4.6,77.0,"Camel's back road is a city destination in uttarakhand known for exploration,local experience. It is ideal for explorers and tourists"
Jabarkhet nature reserve,Jabarkhet,north,wildlife,wildlife,low,winter,4.3,67.0,"Jabarkhet nature reserve is a wildlife destination in uttarakhand known for safari,photography,nature. It is ideal for history and cultural lover"
Bhadraj Temple trek,Dehradun,north,religious,trekking,low,all,4.7,71.0,"Bhadraj Temple trek is a religious destination in uttarakhand known for temple,spiritual,peace. It is ideal for spiritual seekers"
Har ki dun trek,Uttarkashi,north,adventure,trekking,luxury,summer,4.1,94.0,"Har ki dun trek is a adventure destination in uttarakhand known for trekking,rafting,paragliding. It is ideal for adventure lover"
Dodital trek,Bhankoli,north,adventure,trekking,luxury,summer,4.2,88.0,"Dodital trek is a adventure destination in uttarakhand known for trekking,rafting,paragliding. It is ideal for adventure lover"
"Skywalk ,zipswings in Mussoorie",Library Bazaar,north,adventure,adventure,low,summer,4.9,51.0,"Skywalk ,zipswings in Mussoorie is a adventure destination in uttarakhand known for trekking,rafting,paragliding. It is ideal for adventure lover"
Disco Skating Rink,Mussoorie,north,adventure,adventure,medium,summer,3.6,60.0,"Disco Skating Rink is a adventure destination in uttarakhand known for trekking,rafting,paragliding. It is ideal for adventure lover"
Library Bazaar,Library Bazaar,north,city,shopping,low,all,3.9,74.0,"Library Bazaar is a city destination in uttarakhand known for exploration,local experience. It is ideal for explorers and tourists"
Kulri Bazaar,Library Bazaar,north,city,shopping,low,all,3.8,89.0,"Kulri Bazaar is a city destination in uttarakhand known for exploration,local experience. It is ideal for explorers and tourists"
Mall road,Library Bazaar,north,city,shopping,low,all,4.7,58.0,"Mall road is a city destination in uttarakhand known for exploration,local experience. It is ideal for explorers and tourists"
Mussoorie lake,Library Bazaar,north,wildlife,wildlife,low,winter,4.8,78.0,"Mussoorie lake is a wildlife destination in uttarakhand known for safari,photography,nature. It is ideal for history and cultural lover"
Classic Emporium,Library Bazaar,north,city,shopping,medium,all,4.6,84.0,"Classic Emporium is a city destination in uttarakhand known for exploration,local experience. It is ideal for explorers and tourists"
Auli Gorson Trek,Dhulet,north,adventure,trekking,low,summer,4.4,85.0,"Auli Gorson Trek is a adventure destination in uttarakhand known for trekking,rafting,paragliding. It is ideal for adventure lover"
Nanda Devi Biosphere Reserve,Malari,north,wildlife,wildlife,medium,winter,4.4,84.0,"Nanda Devi Biosphere Reserve is a wildlife destination in uttarakhand known for safari,photography,nature. It is ideal for history and cultural lover"
Chattrakund Lake ,Dhulet,north,wildlife,wildlife,low,winter,4.3,97.0,"Chattrakund Lake  is a wildlife destination in uttarakhand known for safari,photography,nature. It is ideal for history and cultural lover"
Trishul Peak,Chamoli,north,wildlife,trekking,low,winter,4.4,69.0,"Trishul Peak is a wildlife destination in uttarakhand known for safari,photography,nature. It is ideal for history and cultural lover"
Joshimath Market,Joshimath,north,city,shopping,low,all,3.8,54.0,"Joshimath Market is a city destination in uttarakhand known for exploration,local experience. It is ideal for explorers and tourists"
Auli Ski Resort,Auli,north,adventure,adventure,low,summer,4.5,76.0,"Auli Ski Resort is a adventure destination in uttarakhand known for trekking,rafting,paragliding. It is ideal for adventure lover"
Bhalu dam,Almora,north,wildlife,wildlife,low,winter,4.3,64.0,"Bhalu dam is a wildlife destination in uttarakhand known for safari,photography,nature. It is ideal for history and cultural lover"
Jhula Devi temple,Rānikhet,north,religious,religious,low,all,4.2,91.0,"Jhula Devi temple is a religious destination in uttarakhand known for temple,spiritual,peace. It is ideal for spiritual seekers"
Chaubatia Gardens,Rānikhet,north,city,exploration,medium,all,4.0,93.0,"Chaubatia Gardens is a city destination in uttarakhand known for exploration,local experience. It is ideal for explorers and tourists"
Joshimath Market,Joshimath,north,city,shopping,low,all,4.8,90.0,"Joshimath Market is a city destination in uttarakhand known for exploration,local experience. It is ideal for explorers and tourists"
Sadar bazaar,Delhi,north,city,shopping,low,all,4.4,57.0,"Sadar bazaar is a city destination in uttarakhand known for exploration,local experience. It is ideal for explorers and tourists"
Binsar Mahadev Mandir,Byasi,north,religious,religious,low,all,4.0,81.0,"Binsar Mahadev Mandir is a religious destination in uttarakhand known for temple,spiritual,peace. It is ideal for spiritual seekers"
Rani Jheel,Majkhali,north,wildlife,wildlife,low,winter,3.8,51.0,"Rani Jheel is a wildlife destination in uttarakhand known for safari,photography,nature. It is ideal for history and cultural lover"
Gangotri Temple,Gangotri,north,religious,religious,low,all,4.8,74.0,"Gangotri Temple is a religious destination in uttarakhand known for temple,spiritual,peace. It is ideal for spiritual seekers"
Yamunotri,Uttarkashi,north,religious,religious,low,all,4.2,94.0,"Yamunotri is a religious destination in uttarakhand known for temple,spiritual,peace. It is ideal for spiritual seekers"
Kedar Tal,Uttarkashi,north,adventure,adventure,low,summer,4.6,70.0,"Kedar Tal is a adventure destination in uttarakhand known for trekking,rafting,paragliding. It is ideal for adventure lover"
Harsil,Bagori,north,wildlife,wildlife,low,winter,4.2,51.0,"Harsil is a wildlife destination in uttarakhand known for safari,photography,nature. It is ideal for history and cultural lover"
Jalmanga Shivling,Uttarkashi,north,religious,religious,low,all,4.7,88.0,"Jalmanga Shivling is a religious destination in uttarakhand known for temple,spiritual,peace. It is ideal for spiritual seekers"
Vishwanath temple,Uttarkashi,north,religious,religious,low,all,4.7,80.0,"Vishwanath temple is a religious destination in uttarakhand known for temple,spiritual,peace. It is ideal for spiritual seekers"
Gaumukh glacier,Uttarkashi,north,wildlife,wildlife,low,winter,4.6,88.0,"Gaumukh glacier is a wildlife destination in uttarakhand known for safari,photography,nature. It is ideal for history and cultural lover"
Nachiketa lake,Chaurangikhal,north,wildlife,wildlife,low,winter,4.4,56.0,"Nachiketa lake is a wildlife destination in uttarakhand known for safari,photography,nature. It is ideal for history and cultural lover"
Nehru Institute of Mountaineering,Uttarkashi,north,adventure,trekking,medium,summer,4.7,58.0,"Nehru Institute of Mountaineering is a adventure destination in uttarakhand known for trekking,rafting,paragliding. It is ideal for adventure lover"
Dayara Bugyal  trekking and camping,Uttarkashi,north,adventure,trekking,low,summer,4.8,93.0,"Dayara Bugyal  trekking and camping is a adventure destination in uttarakhand known for trekking,rafting,paragliding. It is ideal for adventure lover"
Dodital lake,Uttarkashi,north,wildlife,wildlife,low,winter,4.6,63.0,"Dodital lake is a wildlife destination in uttarakhand known for safari,photography,nature. It is ideal for history and cultural lover"
Maneri dam,Chinnavedampatti,north,city,exploration,low,all,4.8,84.0,"Maneri dam is a city destination in uttarakhand known for exploration,local experience. It is ideal for explorers and tourists"
Dal Lake,Srinagar,north,wildlife,wildlife,low,winter,4.6,59.0,"Dal Lake is a wildlife destination in jammu and kashmir known for safari,photography,nature. It is ideal for history and cultural lover"
Shankaracharya Temple,Srinagar,north,religious,religious,low,all,4.8,57.0,"Shankaracharya Temple is a religious destination in jammu and kashmir known for temple,spiritual,peace. It is ideal for spiritual seekers"
Shopping at Lal Chowk,Srinagar,north,city,shopping,low,all,4.4,90.0,"Shopping at Lal Chowk is a city destination in jammu and kashmir known for exploration,local experience. It is ideal for explorers and tourists"
Shopping at Badshah Chowk,Srinagar,north,city,shopping,low,all,4.4,52.0,"Shopping at Badshah Chowk is a city destination in jammu and kashmir known for exploration,local experience. It is ideal for explorers and tourists"
Indira Gandhi Memorial Tulip Garden,Srinagar,north,wildlife,wildlife,low,winter,4.7,95.0,"Indira Gandhi Memorial Tulip Garden is a wildlife destination in jammu and kashmir known for safari,photography,nature. It is ideal for history and cultural lover"
Manasabal Lake,Nasbal,north,wildlife,wildlife,low,winter,4.7,53.0,"Manasabal Lake is a wildlife destination in jammu and kashmir known for safari,photography,nature. It is ideal for history and cultural lover"
Hazratbal Mosque,Srinagar,north,religious,religious,low,all,4.4,79.0,"Hazratbal Mosque is a religious destination in jammu and kashmir known for temple,spiritual,peace. It is ideal for spiritual seekers"
"Rafting , Gondola ride at Sonmarg",Sonamarg,north,adventure,adventure,low,summer,4.8,65.0,"Rafting , Gondola ride at Sonmarg is a adventure destination in jammu and kashmir known for trekking,rafting,paragliding. It is ideal for adventure lover"
Skiing in Gulmarg,Gulmarg,north,adventure,adventure,high,summer,4.5,74.0,"Skiing in Gulmarg is a adventure destination in jammu and kashmir known for trekking,rafting,paragliding. It is ideal for adventure lover"
Chashme Shahi Garden,Srinagar,north,wildlife,wildlife,low,winter,4.0,66.0,"Chashme Shahi Garden is a wildlife destination in jammu and kashmir known for safari,photography,nature. It is ideal for history and cultural lover"
Shalimar Bagh,Tailbal(Habak Shanpora),north,wildlife,wildlife,low,winter,4.0,90.0,"Shalimar Bagh is a wildlife destination in jammu and kashmir known for safari,photography,nature. It is ideal for history and cultural lover"
Dachigam National Park,Srinagar,north,wildlife,wildlife,high,winter,3.8,52.0,"Dachigam National Park is a wildlife destination in jammu and kashmir known for safari,photography,nature. It is ideal for history and cultural lover"
Betaab Valley ,Pahalgam,north,wildlife,wildlife,low,winter,3.8,53.0,"Betaab Valley  is a wildlife destination in jammu and kashmir known for safari,photography,nature. It is ideal for history and cultural lover"
Aru Valley  For daring expeditions ,Aru,north,adventure,photography,low,summer,3.7,91.0,"Aru Valley  For daring expeditions  is a adventure destination in jammu and kashmir known for trekking,rafting,paragliding. It is ideal for adventure lover"
Sinthan top,Anantnag,north,wildlife,wildlife,low,winter,4.7,98.0,"Sinthan top is a wildlife destination in jammu and kashmir known for safari,photography,nature. It is ideal for history and cultural lover"
Pari mahal,Srinagar,north,wildlife,wildlife,low,winter,4.8,64.0,"Pari mahal is a wildlife destination in jammu and kashmir known for safari,photography,nature. It is ideal for history and cultural lover"
Doodh Pathri,Budgam,north,wildlife,wildlife,low,winter,4.5,97.0,"Doodh Pathri is a wildlife destination in jammu and kashmir known for safari,photography,nature. It is ideal for history and cultural lover"
Chandanwari,Pahalgam,north,adventure,adventure,low,summer,4.2,99.0,"Chandanwari is a adventure destination in jammu and kashmir known for trekking,rafting,paragliding. It is ideal for adventure lover"
Vaishno Devi,Vaishno Devi,north,religious,religious,low,all,4.7,63.0,"Vaishno Devi is a religious destination in jammu and kashmir known for temple,spiritual,peace. It is ideal for spiritual seekers"
Pangong Tso,Mumbai,north,wildlife,wildlife,low,winter,4.9,72.0,"Pangong Tso is a wildlife destination in ladakh known for safari,photography,nature. It is ideal for history and cultural lover"
Hemis National Park,Mumbai,north,wildlife,wildlife,low,winter,4.5,99.0,"Hemis National Park is a wildlife destination in ladakh known for safari,photography,nature. It is ideal for history and cultural lover"
Hunder  Try Bactrian Camel Safari,Ladakh,north,adventure,adventure,low,summer,4.7,72.0,"Hunder  Try Bactrian Camel Safari is a adventure destination in ladakh known for trekking,rafting,paragliding. It is ideal for adventure lover"
Khardungla Pass  Visit Highest Cafeteria In The World,Leh District,north,adventure,adventure,low,summer,4.7,80.0,"Khardungla Pass  Visit Highest Cafeteria In The World is a adventure destination in ladakh known for trekking,rafting,paragliding. It is ideal for adventure lover"
Zanskar Valley Tour,Mumbai,north,wildlife,wildlife,low,winter,4.0,70.0,"Zanskar Valley Tour is a wildlife destination in ladakh known for safari,photography,nature. It is ideal for history and cultural lover"
Spituk Gompa Trek,Spituk,north,religious,trekking,low,all,4.0,61.0,"Spituk Gompa Trek is a religious destination in ladakh known for temple,spiritual,peace. It is ideal for spiritual seekers"
Lamayuru  For Stargazing,Leh District,north,city,exploration,low,all,4.0,82.0,"Lamayuru  For Stargazing is a city destination in ladakh known for exploration,local experience. It is ideal for explorers and tourists"
Drang Drung Glacier ,Leh District,north,wildlife,wildlife,low,winter,3.8,61.0,"Drang Drung Glacier  is a wildlife destination in ladakh known for safari,photography,nature. It is ideal for history and cultural lover"
Main Bazaar ,Leh District,north,city,shopping,low,all,4.7,62.0,"Main Bazaar  is a city destination in ladakh known for exploration,local experience. It is ideal for explorers and tourists"
Shanti Stupa,Leh District,north,religious,religious,low,all,4.7,79.0,"Shanti Stupa is a religious destination in ladakh known for temple,spiritual,peace. It is ideal for spiritual seekers"
Main Bazaar ,Leh District,north,city,shopping,low,all,4.6,79.0,"Main Bazaar  is a city destination in ladakh known for exploration,local experience. It is ideal for explorers and tourists"
Zorawar Fort,Leh District,north,heritage,heritage,high,winter,4.6,83.0,"Zorawar Fort is a heritage destination in ladakh known for culture,forts,shopping,history. It is ideal for history and culture lovers"
Changthang Wildlife Sanctuary,Leh District,north,wildlife,wildlife,low,winter,4.0,56.0,"Changthang Wildlife Sanctuary is a wildlife destination in ladakh known for safari,photography,nature. It is ideal for history and cultural lover"
Hall Of Fame,Mumbai,north,city,exploration,low,all,4.8,63.0,"Hall Of Fame is a city destination in ladakh known for exploration,local experience. It is ideal for explorers and tourists"
Stok Palace Museum,Stok,north,city,heritage,medium,all,4.7,54.0,"Stok Palace Museum is a city destination in ladakh known for exploration,local experience. It is ideal for explorers and tourists"
Tso Moriri lake,Mumbai,north,wildlife,wildlife,low,winter,4.0,66.0,"Tso Moriri lake is a wildlife destination in ladakh known for safari,photography,nature. It is ideal for history and cultural lover"
Magnetic hill,Old City,north,wildlife,wildlife,low,winter,4.2,51.0,"Magnetic hill is a wildlife destination in ladakh known for safari,photography,nature. It is ideal for history and cultural lover"
Chemrey Monastery,Chemre,north,religious,religious,low,all,4.3,95.0,"Chemrey Monastery is a religious destination in ladakh known for temple,spiritual,peace. It is ideal for spiritual seekers"
Namgyal Tsemo Monastery,Leh District,north,religious,religious,low,all,4.7,89.0,"Namgyal Tsemo Monastery is a religious destination in ladakh known for temple,spiritual,peace. It is ideal for spiritual seekers"
Thiksey Monastery,Thiksey,north,religious,religious,low,all,4.7,51.0,"Thiksey Monastery is a religious destination in ladakh known for temple,spiritual,peace. It is ideal for spiritual seekers"
Drass Valley,Muradbagh,north,wildlife,wildlife,low,winter,4.9,93.0,"Drass Valley is a wildlife destination in ladakh known for safari,photography,nature. It is ideal for history and cultural lover"
Kargil War Memorial,Bhimbat,north,heritage,heritage,low,winter,4.8,91.0,"Kargil War Memorial is a heritage destination in ladakh known for culture,forts,shopping,history. It is ideal for history and culture lovers"
Yarab Tso,Leh District,north,wildlife,wildlife,low,winter,4.5,59.0,"Yarab Tso is a wildlife destination in ladakh known for safari,photography,nature. It is ideal for history and cultural lover"
Panamik village,Panamik,north,city,exploration,low,all,4.6,77.0,"Panamik village is a city destination in ladakh known for exploration,local experience. It is ideal for explorers and tourists"
Samstanling Monastery,Mumbai,north,religious,religious,low,all,4.9,95.0,"Samstanling Monastery is a religious destination in ladakh known for temple,spiritual,peace. It is ideal for spiritual seekers"
Diskit Monastery,Diskit,north,religious,religious,low,all,4.7,53.0,"Diskit Monastery is a religious destination in ladakh known for temple,spiritual,peace. It is ideal for spiritual seekers"
Tiger Hill,Darjeeling,east,wildlife,wildlife,low,winter,4.5,80.0,"Tiger Hill is a wildlife destination in west bengal known for safari,photography,nature. It is ideal for history and cultural lover"
Darjeeling Toy Train,Darjeeling,east,adventure,adventure,high,summer,4.8,72.0,"Darjeeling Toy Train is a adventure destination in west bengal known for trekking,rafting,paragliding. It is ideal for adventure lover"
Chowk Bazaar,Bhopal,east,city,shopping,low,all,4.8,58.0,"Chowk Bazaar is a city destination in west bengal known for exploration,local experience. It is ideal for explorers and tourists"
"Himalayan Mountaineering Institute(Museum, Library, Souvenir shop)",Gyalshing,east,city,trekking,luxury,all,4.9,81.0,"Himalayan Mountaineering Institute(Museum, Library, Souvenir shop) is a city destination in west bengal known for exploration,local experience. It is ideal for explorers and tourists"
"Singalila National Park(camping, bird watching)",Darjeeling,east,wildlife,wildlife,low,winter,4.7,89.0,"Singalila National Park(camping, bird watching) is a wildlife destination in west bengal known for safari,photography,nature. It is ideal for history and cultural lover"
Kanchenjunga peak,Mangan,east,wildlife,trekking,low,winter,4.9,54.0,"Kanchenjunga peak is a wildlife destination in west bengal known for safari,photography,nature. It is ideal for history and cultural lover"
Sandakphu trek,Darjeeling,east,adventure,trekking,luxury,summer,4.4,51.0,"Sandakphu trek is a adventure destination in west bengal known for trekking,rafting,paragliding. It is ideal for adventure lover"
Happy valley tea estate,Darjeeling,east,city,photography,medium,all,4.9,60.0,"Happy valley tea estate is a city destination in west bengal known for exploration,local experience. It is ideal for explorers and tourists"
Lamhatta Eco Park,Rangli Rangliot,east,wildlife,wildlife,low,winter,4.7,68.0,"Lamhatta Eco Park is a wildlife destination in west bengal known for safari,photography,nature. It is ideal for history and cultural lover"
Lepchajagat village,Sukhiapokhri,east,city,exploration,low,all,4.2,72.0,"Lepchajagat village is a city destination in west bengal known for exploration,local experience. It is ideal for explorers and tourists"
Mahakal temple,Ujjain,east,religious,religious,low,all,4.8,66.0,"Mahakal temple is a religious destination in west bengal known for temple,spiritual,peace. It is ideal for spiritual seekers"
Everest museum,Koshi Province,east,city,heritage,low,all,4.9,67.0,"Everest museum is a city destination in west bengal known for exploration,local experience. It is ideal for explorers and tourists"
Ring Mall,Darjeeling,east,city,shopping,low,all,4.5,63.0,"Ring Mall is a city destination in west bengal known for exploration,local experience. It is ideal for explorers and tourists"
Padmaja Naidu zoological park,Darjeeling,east,wildlife,wildlife,medium,winter,4.5,59.0,"Padmaja Naidu zoological park is a wildlife destination in west bengal known for safari,photography,nature. It is ideal for history and cultural lover"
Nightingale park,Darjeeling,east,city,wildlife,low,all,4.9,79.0,"Nightingale park is a city destination in west bengal known for exploration,local experience. It is ideal for explorers and tourists"
Dali Monastery,Ghoom,east,religious,religious,low,all,4.3,88.0,"Dali Monastery is a religious destination in west bengal known for temple,spiritual,peace. It is ideal for spiritual seekers"
Ghoom monastery market,Ghoom,east,city,shopping,low,all,4.4,80.0,"Ghoom monastery market is a city destination in west bengal known for exploration,local experience. It is ideal for explorers and tourists"
Teesta bazaar,Kalimpong,east,city,shopping,low,all,4.4,77.0,"Teesta bazaar is a city destination in west bengal known for exploration,local experience. It is ideal for explorers and tourists"
Mall road,Soreng,east,city,shopping,low,all,4.9,94.0,"Mall road is a city destination in west bengal known for exploration,local experience. It is ideal for explorers and tourists"
Jaldapara National Park,Madarihat,east,wildlife,wildlife,high,winter,4.4,52.0,"Jaldapara National Park is a wildlife destination in west bengal known for safari,photography,nature. It is ideal for history and cultural lover"
Salugara monastery,Siliguri,east,religious,religious,low,all,4.6,83.0,"Salugara monastery is a religious destination in west bengal known for temple,spiritual,peace. It is ideal for spiritual seekers"
ISKON temple,Siliguri,east,religious,religious,low,all,4.4,76.0,"ISKON temple is a religious destination in west bengal known for temple,spiritual,peace. It is ideal for spiritual seekers"
Mahananda Wildlife Sanctuary,Sukna,east,wildlife,wildlife,luxury,winter,4.4,94.0,"Mahananda Wildlife Sanctuary is a wildlife destination in west bengal known for safari,photography,nature. It is ideal for history and cultural lover"
Hong Kong market,Hong Kong,east,city,shopping,low,all,4.4,72.0,"Hong Kong market is a city destination in west bengal known for exploration,local experience. It is ideal for explorers and tourists"
North Bengal Science centre,Darjeeling,east,city,exploration,medium,all,4.3,91.0,"North Bengal Science centre is a city destination in west bengal known for exploration,local experience. It is ideal for explorers and tourists"
Sepoy Dhura Tea garden,Darjeeling,east,city,exploration,low,all,4.2,78.0,"Sepoy Dhura Tea garden is a city destination in west bengal known for exploration,local experience. It is ideal for explorers and tourists"
Sundarbans National Park,South 24 Parganas,east,wildlife,wildlife,medium,winter,4.4,92.0,"Sundarbans National Park is a wildlife destination in west bengal known for safari,photography,nature. It is ideal for history and cultural lover"
Sajnekhali Wildlife Sanctuary,West Bengal,east,wildlife,wildlife,luxury,winter,4.4,58.0,"Sajnekhali Wildlife Sanctuary is a wildlife destination in west bengal known for safari,photography,nature. It is ideal for history and cultural lover"
Kotka beach,Bagerhat District,east,wildlife,beach,low,winter,4.4,54.0,"Kotka beach is a wildlife destination in west bengal known for safari,photography,nature. It is ideal for history and cultural lover"
Hiron point,Mumbai,east,wildlife,wildlife,low,winter,4.2,79.0,"Hiron point is a wildlife destination in west bengal known for safari,photography,nature. It is ideal for history and cultural lover"
Dublar Char island,Bagerhat District,east,wildlife,wildlife,low,winter,4.4,58.0,"Dublar Char island is a wildlife destination in west bengal known for safari,photography,nature. It is ideal for history and cultural lover"
Bhagatpur crocodile project,Unknown,east,wildlife,wildlife,medium,winter,4.4,81.0,"Bhagatpur crocodile project is a wildlife destination in west bengal known for safari,photography,nature. It is ideal for history and cultural lover"
Katra Masjid,Murshidabad,east,heritage,heritage,low,winter,4.5,58.0,"Katra Masjid is a heritage destination in west bengal known for culture,forts,shopping,history. It is ideal for history and culture lovers"
Hazarduari Palace,Murshidabad,east,heritage,heritage,low,winter,4.4,72.0,"Hazarduari Palace is a heritage destination in west bengal known for culture,forts,shopping,history. It is ideal for history and culture lovers"
Jahan Kosha cannon,Murshidabad,east,heritage,heritage,low,winter,4.5,68.0,"Jahan Kosha cannon is a heritage destination in west bengal known for culture,forts,shopping,history. It is ideal for history and culture lovers"
Murshidabad District museum,Murshidabad,east,heritage,heritage,low,winter,4.4,77.0,"Murshidabad District museum is a heritage destination in west bengal known for culture,forts,shopping,history. It is ideal for history and culture lovers"
Jagannath Temple,Unknown,east,religious,religious,low,all,4.7,84.0,"Jagannath Temple is a religious destination in odisha known for temple,spiritual,peace. It is ideal for spiritual seekers"
Puri beach,Puri,east,wildlife,beach,low,winter,4.6,64.0,"Puri beach is a wildlife destination in odisha known for safari,photography,nature. It is ideal for history and cultural lover"
Raghurajpur Artist village,Raghurajpur,east,city,exploration,low,all,4.4,51.0,"Raghurajpur Artist village is a city destination in odisha known for exploration,local experience. It is ideal for explorers and tourists"
Chilika lake,Batagaon,east,wildlife,wildlife,low,winter,4.4,56.0,"Chilika lake is a wildlife destination in odisha known for safari,photography,nature. It is ideal for history and cultural lover"
Konark Sun Temple,Khordha,east,religious,religious,low,all,3.9,96.0,"Konark Sun Temple is a religious destination in odisha known for temple,spiritual,peace. It is ideal for spiritual seekers"
Chandrabhaga beach,Konark,east,wildlife,beach,low,winter,4.2,68.0,"Chandrabhaga beach is a wildlife destination in odisha known for safari,photography,nature. It is ideal for history and cultural lover"
Lingaraj Temple,Jagatsinghapur,east,heritage,religious,low,winter,4.9,54.0,"Lingaraj Temple is a heritage destination in odisha known for culture,forts,shopping,history. It is ideal for history and culture lovers"
ASI Museum,Chandrapur,east,city,heritage,luxury,all,4.9,74.0,"ASI Museum is a city destination in odisha known for exploration,local experience. It is ideal for explorers and tourists"
Ramchandi beach and water sports,Konark,east,wildlife,beach,low,winter,4.2,96.0,"Ramchandi beach and water sports is a wildlife destination in odisha known for safari,photography,nature. It is ideal for history and cultural lover"
Jagannath Temple,Mayurbhanj,east,religious,religious,low,all,3.9,64.0,"Jagannath Temple is a religious destination in odisha known for temple,spiritual,peace. It is ideal for spiritual seekers"
Indira Gandhi Park,Sundargarh,east,city,wildlife,low,all,4.0,54.0,"Indira Gandhi Park is a city destination in odisha known for exploration,local experience. It is ideal for explorers and tourists"
Pitamahal dam,Rourkela,east,wildlife,wildlife,low,winter,3.6,59.0,"Pitamahal dam is a wildlife destination in odisha known for safari,photography,nature. It is ideal for history and cultural lover"
VIP market,Sundargarh,east,city,shopping,low,all,4.0,74.0,"VIP market is a city destination in odisha known for exploration,local experience. It is ideal for explorers and tourists"
Hanuman Vatika garden,Rourkela,east,city,exploration,low,all,4.9,67.0,"Hanuman Vatika garden is a city destination in odisha known for exploration,local experience. It is ideal for explorers and tourists"
Khandadhar Waterfall,Sundargarh,east,wildlife,wildlife,low,winter,4.5,94.0,"Khandadhar Waterfall is a wildlife destination in odisha known for safari,photography,nature. It is ideal for history and cultural lover"
Odisha State Maritime museum,Nayagarh,east,city,heritage,low,all,4.2,58.0,"Odisha State Maritime museum is a city destination in odisha known for exploration,local experience. It is ideal for explorers and tourists"
Bhitarkanika Wildlife Sanctuary,Cuttack,east,wildlife,wildlife,low,winter,4.6,77.0,"Bhitarkanika Wildlife Sanctuary is a wildlife destination in odisha known for safari,photography,nature. It is ideal for history and cultural lover"
State Botanical garden,Cuttack,east,wildlife,wildlife,medium,winter,4.2,81.0,"State Botanical garden is a wildlife destination in odisha known for safari,photography,nature. It is ideal for history and cultural lover"
Deer Park,Cuttack,east,wildlife,wildlife,low,winter,4.9,73.0,"Deer Park is a wildlife destination in odisha known for safari,photography,nature. It is ideal for history and cultural lover"
Netaji museum,Cuttack,east,city,heritage,low,all,4.8,96.0,"Netaji museum is a city destination in odisha known for exploration,local experience. It is ideal for explorers and tourists"
Dhabaleshwar Island,Cuttack,east,city,exploration,low,all,4.5,70.0,"Dhabaleshwar Island is a city destination in odisha known for exploration,local experience. It is ideal for explorers and tourists"
Barabati Fort,Cuttack,east,heritage,heritage,low,winter,4.5,68.0,"Barabati Fort is a heritage destination in odisha known for culture,forts,shopping,history. It is ideal for history and culture lovers"
Hirakud Dam,Patna,east,wildlife,wildlife,low,winter,4.5,65.0,"Hirakud Dam is a wildlife destination in odisha known for safari,photography,nature. It is ideal for history and cultural lover"
Debrigarh Wildlife Sanctuary,Nuabatimunda,east,wildlife,wildlife,low,winter,4.8,79.0,"Debrigarh Wildlife Sanctuary is a wildlife destination in odisha known for safari,photography,nature. It is ideal for history and cultural lover"
Ghanteswari temple,Sambalpur,east,religious,religious,low,all,4.0,55.0,"Ghanteswari temple is a religious destination in odisha known for temple,spiritual,peace. It is ideal for spiritual seekers"
Gudguda waterfall,Sambalpur,east,wildlife,wildlife,low,winter,4.7,66.0,"Gudguda waterfall is a wildlife destination in odisha known for safari,photography,nature. It is ideal for history and cultural lover"
Khasada waterfall,Lakitipadar,east,wildlife,wildlife,low,winter,4.4,53.0,"Khasada waterfall is a wildlife destination in odisha known for safari,photography,nature. It is ideal for history and cultural lover"
Aryapalli beach,Gajapati,east,wildlife,beach,low,winter,4.9,77.0,"Aryapalli beach is a wildlife destination in odisha known for safari,photography,nature. It is ideal for history and cultural lover"
Bada bazaar,Brahmapur,east,city,shopping,low,all,4.1,90.0,"Bada bazaar is a city destination in odisha known for exploration,local experience. It is ideal for explorers and tourists"
Sana bazaar,Brahmapur,east,city,shopping,low,all,3.9,76.0,"Sana bazaar is a city destination in odisha known for exploration,local experience. It is ideal for explorers and tourists"
Gopalpur Beach,Brahmapur,east,wildlife,beach,low,winter,4.0,99.0,"Gopalpur Beach is a wildlife destination in odisha known for safari,photography,nature. It is ideal for history and cultural lover"
Tara Tarini Temple,Brahmapur,east,religious,religious,low,all,4.6,87.0,"Tara Tarini Temple is a religious destination in odisha known for temple,spiritual,peace. It is ideal for spiritual seekers"
Hadargarh reservoir,Debagarh,east,wildlife,wildlife,low,winter,3.9,72.0,"Hadargarh reservoir is a wildlife destination in odisha known for safari,photography,nature. It is ideal for history and cultural lover"
Gundichaghagi waterfall,Kendujhar,east,wildlife,wildlife,low,winter,4.3,72.0,"Gundichaghagi waterfall is a wildlife destination in odisha known for safari,photography,nature. It is ideal for history and cultural lover"
Sitabinji Fresco painting and rock inscription,Dhenkikote,east,heritage,heritage,low,winter,4.9,76.0,"Sitabinji Fresco painting and rock inscription is a heritage destination in odisha known for culture,forts,shopping,history. It is ideal for history and culture lovers"
Sanaghagara Waterfall,Kendujhar,east,wildlife,wildlife,low,winter,4.3,61.0,"Sanaghagara Waterfall is a wildlife destination in odisha known for safari,photography,nature. It is ideal for history and cultural lover"
Balaramgadi beach,Khannagar,east,wildlife,beach,low,winter,4.4,68.0,"Balaramgadi beach is a wildlife destination in odisha known for safari,photography,nature. It is ideal for history and cultural lover"
Kuldiha Wildlife sanctuary,Mahuldiha,east,wildlife,wildlife,low,winter,4.9,71.0,"Kuldiha Wildlife sanctuary is a wildlife destination in odisha known for safari,photography,nature. It is ideal for history and cultural lover"
Chandipur Beach,Baleshwar,east,wildlife,beach,low,winter,4.2,81.0,"Chandipur Beach is a wildlife destination in odisha known for safari,photography,nature. It is ideal for history and cultural lover"
Marina Beach,Unknown,south,wildlife,beach,low,winter,3.9,81.0,"Marina Beach is a wildlife destination in tamil nadu known for safari,photography,nature. It is ideal for history and cultural lover"
Mahabalipuram,Unknown,south,heritage,heritage,low,winter,4.8,75.0,"Mahabalipuram is a heritage destination in tamil nadu known for culture,forts,shopping,history. It is ideal for history and culture lovers"
Pondy bazaar,Palanjur,south,city,shopping,low,all,4.0,84.0,"Pondy bazaar is a city destination in tamil nadu known for exploration,local experience. It is ideal for explorers and tourists"
Birla Planetarium,Mandla,south,city,exploration,low,all,4.8,87.0,"Birla Planetarium is a city destination in tamil nadu known for exploration,local experience. It is ideal for explorers and tourists"
National Art gallery,Unknown,south,city,exploration,low,all,4.2,68.0,"National Art gallery is a city destination in tamil nadu known for exploration,local experience. It is ideal for explorers and tourists"
Ubbalamadugu falls,Unknown,south,wildlife,wildlife,low,winter,4.4,97.0,"Ubbalamadugu falls is a wildlife destination in tamil nadu known for safari,photography,nature. It is ideal for history and cultural lover"
Pulicat lake,Pudumavilangai,south,wildlife,wildlife,low,winter,4.7,90.0,"Pulicat lake is a wildlife destination in tamil nadu known for safari,photography,nature. It is ideal for history and cultural lover"
Barracuda bay(fishing),Chennai,south,adventure,wildlife,low,summer,4.9,72.0,"Barracuda bay(fishing) is a adventure destination in tamil nadu known for trekking,rafting,paragliding. It is ideal for adventure lover"
Scuba diving at Covelong beach,Kovalam,south,adventure,beach,luxury,summer,4.6,63.0,"Scuba diving at Covelong beach is a adventure destination in tamil nadu known for trekking,rafting,paragliding. It is ideal for adventure lover"
Adventure sports at Covelong beach,Kovalam,south,adventure,beach,luxury,summer,4.9,81.0,"Adventure sports at Covelong beach is a adventure destination in tamil nadu known for trekking,rafting,paragliding. It is ideal for adventure lover"
Arignar Anna Zoological park,Chennai,south,wildlife,wildlife,medium,winter,4.3,77.0,"Arignar Anna Zoological park is a wildlife destination in tamil nadu known for safari,photography,nature. It is ideal for history and cultural lover"
Dakshinachitra museum,Thirumazhisai,south,heritage,heritage,medium,winter,3.9,81.0,"Dakshinachitra museum is a heritage destination in tamil nadu known for culture,forts,shopping,history. It is ideal for history and culture lovers"
MGR Film city,Chennai,south,city,exploration,luxury,all,4.7,95.0,"MGR Film city is a city destination in tamil nadu known for exploration,local experience. It is ideal for explorers and tourists"
Thiruparankundram temple,Chennai,south,religious,religious,low,all,4.1,62.0,"Thiruparankundram temple is a religious destination in tamil nadu known for temple,spiritual,peace. It is ideal for spiritual seekers"
Meghamalai,Point Pedro,south,wildlife,wildlife,low,winter,4.1,80.0,"Meghamalai is a wildlife destination in tamil nadu known for safari,photography,nature. It is ideal for history and cultural lover"
Alagar Kovil temple,Madurai,south,religious,religious,low,all,3.8,84.0,"Alagar Kovil temple is a religious destination in tamil nadu known for temple,spiritual,peace. It is ideal for spiritual seekers"
Vaigai dam,Madurai,south,city,exploration,low,all,4.1,94.0,"Vaigai dam is a city destination in tamil nadu known for exploration,local experience. It is ideal for explorers and tourists"
Gandhi memorial museum,Madurai,south,heritage,heritage,low,winter,3.9,81.0,"Gandhi memorial museum is a heritage destination in tamil nadu known for culture,forts,shopping,history. It is ideal for history and culture lovers"
Banana market,Jakkammalpatty,south,city,shopping,medium,all,4.0,94.0,"Banana market is a city destination in tamil nadu known for exploration,local experience. It is ideal for explorers and tourists"
Jain caves,Madurai,south,heritage,heritage,low,winter,4.8,81.0,"Jain caves is a heritage destination in tamil nadu known for culture,forts,shopping,history. It is ideal for history and culture lovers"
 Thirumalai Nayak palace,Madurai,south,heritage,heritage,high,winter,4.9,74.0," Thirumalai Nayak palace is a heritage destination in tamil nadu known for culture,forts,shopping,history. It is ideal for history and culture lovers"
St. Mary's cathedral,Madurai,south,religious,religious,low,all,4.9,55.0,"St. Mary's cathedral is a religious destination in tamil nadu known for temple,spiritual,peace. It is ideal for spiritual seekers"
Shopping at Puthu Mandapam,Madurai,south,city,shopping,low,all,4.0,66.0,"Shopping at Puthu Mandapam is a city destination in tamil nadu known for exploration,local experience. It is ideal for explorers and tourists"
Meenakshi Amman Temple,Madurai,south,religious,religious,low,all,3.9,83.0,"Meenakshi Amman Temple is a religious destination in tamil nadu known for temple,spiritual,peace. It is ideal for spiritual seekers"
Sea world aquarium,Madurai,south,wildlife,beach,low,winter,4.7,84.0,"Sea world aquarium is a wildlife destination in tamil nadu known for safari,photography,nature. It is ideal for history and cultural lover"
Rameswaram lighthouse,Pudur,south,city,exploration,low,all,4.1,53.0,"Rameswaram lighthouse is a city destination in tamil nadu known for exploration,local experience. It is ideal for explorers and tourists"
Kalam national memorial,Rameswaram,south,heritage,heritage,low,winter,4.7,78.0,"Kalam national memorial is a heritage destination in tamil nadu known for culture,forts,shopping,history. It is ideal for history and culture lovers"
Water bird Sanctuary,Natarajapuram,south,wildlife,wildlife,low,winter,4.2,69.0,"Water bird Sanctuary is a wildlife destination in tamil nadu known for safari,photography,nature. It is ideal for history and cultural lover"
Ariyaman beach,Unknown,south,adventure,beach,low,summer,4.5,84.0,"Ariyaman beach is a adventure destination in tamil nadu known for trekking,rafting,paragliding. It is ideal for adventure lover"
Agni teertham sacred bath,Pune District,south,religious,religious,low,all,4.8,57.0,"Agni teertham sacred bath is a religious destination in tamil nadu known for temple,spiritual,peace. It is ideal for spiritual seekers"
Kothandaramaswamy Temple,Pirappanvalasai,south,religious,religious,low,all,4.0,60.0,"Kothandaramaswamy Temple is a religious destination in tamil nadu known for temple,spiritual,peace. It is ideal for spiritual seekers"
Ramanathaswamy Temple,Natarajapuram,south,religious,religious,low,all,3.9,93.0,"Ramanathaswamy Temple is a religious destination in tamil nadu known for temple,spiritual,peace. It is ideal for spiritual seekers"
Thiruvalluvar Statue,Unknown,south,heritage,heritage,low,winter,4.6,70.0,"Thiruvalluvar Statue is a heritage destination in tamil nadu known for culture,forts,shopping,history. It is ideal for history and culture lovers"
Padmanabhapuram palace,Kanyakumari,south,heritage,heritage,low,winter,4.1,63.0,"Padmanabhapuram palace is a heritage destination in tamil nadu known for culture,forts,shopping,history. It is ideal for history and culture lovers"
Triveni Sangam,Kanyakumari,south,heritage,heritage,low,winter,4.7,93.0,"Triveni Sangam is a heritage destination in tamil nadu known for culture,forts,shopping,history. It is ideal for history and culture lovers"
Sannathi Street shopping,Nagercoil,south,city,shopping,low,all,3.9,74.0,"Sannathi Street shopping is a city destination in tamil nadu known for exploration,local experience. It is ideal for explorers and tourists"
Courtallam falls,Kanyakumari,south,wildlife,wildlife,low,winter,4.8,51.0,"Courtallam falls is a wildlife destination in tamil nadu known for safari,photography,nature. It is ideal for history and cultural lover"
Vattakottai fort,Kavalakurichi,south,heritage,heritage,low,winter,4.6,78.0,"Vattakottai fort is a heritage destination in tamil nadu known for culture,forts,shopping,history. It is ideal for history and culture lovers"
St.Xavier Church,Kadiapattanam,south,religious,religious,low,all,4.2,93.0,"St.Xavier Church is a religious destination in tamil nadu known for temple,spiritual,peace. It is ideal for spiritual seekers"
Kumari Amman temple,Aru,south,religious,religious,low,all,4.6,71.0,"Kumari Amman temple is a religious destination in tamil nadu known for temple,spiritual,peace. It is ideal for spiritual seekers"
Ooty Lake,Pallam,south,wildlife,wildlife,low,winter,4.7,65.0,"Ooty Lake is a wildlife destination in tamil nadu known for safari,photography,nature. It is ideal for history and cultural lover"
Marudamalai Temple,Nallampatti,south,religious,religious,low,all,4.7,53.0,"Marudamalai Temple is a religious destination in tamil nadu known for temple,spiritual,peace. It is ideal for spiritual seekers"
Trek to Dhoni hills,Sholayur,south,adventure,trekking,low,summer,4.5,81.0,"Trek to Dhoni hills is a adventure destination in tamil nadu known for trekking,rafting,paragliding. It is ideal for adventure lover"
Trek to Perumal peak,Dhaliyur,south,adventure,trekking,low,summer,4.7,71.0,"Trek to Perumal peak is a adventure destination in tamil nadu known for trekking,rafting,paragliding. It is ideal for adventure lover"
Trek to Thalaiyar falls,Coimbatore,south,adventure,trekking,low,summer,4.3,95.0,"Trek to Thalaiyar falls is a adventure destination in tamil nadu known for trekking,rafting,paragliding. It is ideal for adventure lover"
Black Thunder amusement park,Coimbatore,south,adventure,wildlife,low,summer,4.6,69.0,"Black Thunder amusement park is a adventure destination in tamil nadu known for trekking,rafting,paragliding. It is ideal for adventure lover"
Brookefields mall,Odanthurai,south,city,shopping,medium,all,4.4,84.0,"Brookefields mall is a city destination in tamil nadu known for exploration,local experience. It is ideal for explorers and tourists"
Adiyogi Shiva Statue ,Coimbatore,south,religious,religious,low,all,4.7,75.0,"Adiyogi Shiva Statue  is a religious destination in tamil nadu known for temple,spiritual,peace. It is ideal for spiritual seekers"
Racing events at Chettipalayam,Madukkarai,south,adventure,adventure,low,summer,4.4,80.0,"Racing events at Chettipalayam is a adventure destination in tamil nadu known for trekking,rafting,paragliding. It is ideal for adventure lover"
GeDee Car museum tour,Coimbatore,south,heritage,heritage,low,winter,4.5,97.0,"GeDee Car museum tour is a heritage destination in tamil nadu known for culture,forts,shopping,history. It is ideal for history and culture lovers"
Textile museum tour ,Coimbatore,south,city,heritage,low,all,4.7,94.0,"Textile museum tour  is a city destination in tamil nadu known for exploration,local experience. It is ideal for explorers and tourists"
Anamalai Wildlife Sanctuary,Coimbatore,south,wildlife,wildlife,low,winter,4.7,96.0,"Anamalai Wildlife Sanctuary is a wildlife destination in tamil nadu known for safari,photography,nature. It is ideal for history and cultural lover"
Valankulam lake,Coimbatore,south,city,photography,low,all,4.5,60.0,"Valankulam lake is a city destination in tamil nadu known for exploration,local experience. It is ideal for explorers and tourists"
Velliangiri hills,Kalangal,south,adventure,adventure,low,summer,4.6,70.0,"Velliangiri hills is a adventure destination in tamil nadu known for trekking,rafting,paragliding. It is ideal for adventure lover"
TNAU Botanical gardens,Podanur,south,city,exploration,medium,all,4.5,55.0,"TNAU Botanical gardens is a city destination in tamil nadu known for exploration,local experience. It is ideal for explorers and tourists"
Nilgiri Biosphere Nature Park ,Coimbatore,south,wildlife,wildlife,low,winter,4.6,97.0,"Nilgiri Biosphere Nature Park  is a wildlife destination in tamil nadu known for safari,photography,nature. It is ideal for history and cultural lover"
Maryoor hilly getaway,Coimbatore,south,city,exploration,low,all,4.1,99.0,"Maryoor hilly getaway is a city destination in tamil nadu known for exploration,local experience. It is ideal for explorers and tourists"
Kodaikanal Lake,Coimbatore,south,city,photography,low,all,3.8,71.0,"Kodaikanal Lake is a city destination in tamil nadu known for exploration,local experience. It is ideal for explorers and tourists"
Night Safari,Upasi,south,adventure,adventure,low,summer,4.3,70.0,"Night Safari is a adventure destination in tamil nadu known for trekking,rafting,paragliding. It is ideal for adventure lover"
Stroll at Coaker's Walk,Kodaikanal,south,city,exploration,low,all,4.3,91.0,"Stroll at Coaker's Walk is a city destination in tamil nadu known for exploration,local experience. It is ideal for explorers and tourists"
Dolphin's Nose,Kodaikanal,south,wildlife,wildlife,low,winter,4.6,70.0,"Dolphin's Nose is a wildlife destination in tamil nadu known for safari,photography,nature. It is ideal for history and cultural lover"
Bear Shola falls,Vattakanal,south,wildlife,wildlife,low,winter,4.6,79.0,"Bear Shola falls is a wildlife destination in tamil nadu known for safari,photography,nature. It is ideal for history and cultural lover"
Bryant park,Poombarai,south,city,wildlife,medium,all,4.8,64.0,"Bryant park is a city destination in tamil nadu known for exploration,local experience. It is ideal for explorers and tourists"
Berijam lake,Kodaikanal,south,wildlife,wildlife,low,winter,4.7,51.0,"Berijam lake is a wildlife destination in tamil nadu known for safari,photography,nature. It is ideal for history and cultural lover"
Guna caves,Dindigul,south,adventure,adventure,low,summer,4.5,87.0,"Guna caves is a adventure destination in tamil nadu known for trekking,rafting,paragliding. It is ideal for adventure lover"
La Saleth Church,Dindigul,south,religious,religious,low,all,4.6,80.0,"La Saleth Church is a religious destination in tamil nadu known for temple,spiritual,peace. It is ideal for spiritual seekers"
Hike to Pillars of Nature,Kodaikanal,south,adventure,wildlife,luxury,summer,4.5,97.0,"Hike to Pillars of Nature is a adventure destination in tamil nadu known for trekking,rafting,paragliding. It is ideal for adventure lover"
Brihadeeswarar Temple,Kodaikanal,south,religious,religious,low,all,4.1,60.0,"Brihadeeswarar Temple is a religious destination in tamil nadu known for temple,spiritual,peace. It is ideal for spiritual seekers"
Gangaikonda Cholapuram,Nanjiyampalayam,south,heritage,heritage,low,winter,4.7,58.0,"Gangaikonda Cholapuram is a heritage destination in tamil nadu known for culture,forts,shopping,history. It is ideal for history and culture lovers"
Shiva Ganga Garden ,Kaveripalayam,south,city,exploration,low,all,4.7,54.0,"Shiva Ganga Garden  is a city destination in tamil nadu known for exploration,local experience. It is ideal for explorers and tourists"
Vijaynagar fort,Unknown,south,heritage,heritage,luxury,winter,4.6,54.0,"Vijaynagar fort is a heritage destination in tamil nadu known for culture,forts,shopping,history. It is ideal for history and culture lovers"
Thanjavur Royal Palace and Art Gallery,Pulavarnatham,south,heritage,heritage,low,winter,4.5,76.0,"Thanjavur Royal Palace and Art Gallery is a heritage destination in tamil nadu known for culture,forts,shopping,history. It is ideal for history and culture lovers"
Shore Temple,Tiruvannamalai,south,religious,religious,luxury,all,4.4,55.0,"Shore Temple is a religious destination in tamil nadu known for temple,spiritual,peace. It is ideal for spiritual seekers"
Pancha Ratha,Mahabalipuram,south,heritage,heritage,low,winter,4.7,87.0,"Pancha Ratha is a heritage destination in tamil nadu known for culture,forts,shopping,history. It is ideal for history and culture lovers"
Krishna's Chunk,Kil Kunnuppatti,south,city,exploration,low,all,4.5,57.0,"Krishna's Chunk is a city destination in tamil nadu known for exploration,local experience. It is ideal for explorers and tourists"
Arjuna's Penance,Mahabalipuram,south,city,exploration,low,all,4.5,70.0,"Arjuna's Penance is a city destination in tamil nadu known for exploration,local experience. It is ideal for explorers and tourists"
India Seashell Museum,Venpurushanattam,south,heritage,beach,low,winter,4.5,57.0,"India Seashell Museum is a heritage destination in tamil nadu known for culture,forts,shopping,history. It is ideal for history and culture lovers"
Crocodile farm,Kil Kunnuppatti,south,city,exploration,low,all,4.6,95.0,"Crocodile farm is a city destination in tamil nadu known for exploration,local experience. It is ideal for explorers and tourists"
Cavern Temples,Kil Kunnuppatti,south,religious,religious,low,all,4.7,80.0,"Cavern Temples is a religious destination in tamil nadu known for temple,spiritual,peace. It is ideal for spiritual seekers"
Yercaud Lake,Yercaud,south,city,photography,low,all,4.5,66.0,"Yercaud Lake is a city destination in tamil nadu known for exploration,local experience. It is ideal for explorers and tourists"
Grange Treetop Adventure,Yercaud,south,adventure,adventure,low,summer,4.1,78.0,"Grange Treetop Adventure is a adventure destination in tamil nadu known for trekking,rafting,paragliding. It is ideal for adventure lover"
The Oak trails,Yercaud,south,adventure,trekking,high,summer,4.5,66.0,"The Oak trails is a adventure destination in tamil nadu known for trekking,rafting,paragliding. It is ideal for adventure lover"
Kanaka Durga Temple,Vijayawada,south,religious,religious,low,all,4.7,51.0,"Kanaka Durga Temple is a religious destination in andhra pradesh known for temple,spiritual,peace. It is ideal for spiritual seekers"
Undavalli caves,Unknown,south,city,exploration,low,all,4.8,86.0,"Undavalli caves is a city destination in andhra pradesh known for exploration,local experience. It is ideal for explorers and tourists"
Bhavani island,Amaravati,south,adventure,adventure,low,summer,4.5,72.0,"Bhavani island is a adventure destination in andhra pradesh known for trekking,rafting,paragliding. It is ideal for adventure lover"
Kondapalli Fort,Kondapalli,south,city,heritage,high,all,4.4,82.0,"Kondapalli Fort is a city destination in andhra pradesh known for exploration,local experience. It is ideal for explorers and tourists"
Shopping at Besant road,Vijayawada,south,city,shopping,low,all,4.5,86.0,"Shopping at Besant road is a city destination in andhra pradesh known for exploration,local experience. It is ideal for explorers and tourists"
Bapu museum,Vijayawada,south,city,heritage,low,all,4.6,89.0,"Bapu museum is a city destination in andhra pradesh known for exploration,local experience. It is ideal for explorers and tourists"
Mogalarajapuram caves,Unknown,south,city,exploration,low,all,4.7,93.0,"Mogalarajapuram caves is a city destination in andhra pradesh known for exploration,local experience. It is ideal for explorers and tourists"
Shopping at Kalanikethan ,Lakshmipuram,south,city,shopping,low,all,4.6,91.0,"Shopping at Kalanikethan  is a city destination in andhra pradesh known for exploration,local experience. It is ideal for explorers and tourists"
Lepakshi Handicrafts Emporium,Lepakshi,south,city,shopping,low,all,4.7,69.0,"Lepakshi Handicrafts Emporium is a city destination in andhra pradesh known for exploration,local experience. It is ideal for explorers and tourists"
Old Book market by Purna Market,Maharani Peta,south,city,shopping,low,all,4.3,99.0,"Old Book market by Purna Market is a city destination in andhra pradesh known for exploration,local experience. It is ideal for explorers and tourists"
CMR Shopping Mall,Lakshmipuram,south,city,shopping,low,all,4.7,84.0,"CMR Shopping Mall is a city destination in andhra pradesh known for exploration,local experience. It is ideal for explorers and tourists"
Rishikonda Beach,Vadapalem,south,adventure,beach,low,summer,4.4,74.0,"Rishikonda Beach is a adventure destination in andhra pradesh known for trekking,rafting,paragliding. It is ideal for adventure lover"
Kailasagiri,Patna,south,adventure,wildlife,luxury,summer,4.4,93.0,"Kailasagiri is a adventure destination in andhra pradesh known for trekking,rafting,paragliding. It is ideal for adventure lover"
Submarine Museum,Lakshmipuram,south,city,heritage,low,all,4.6,70.0,"Submarine Museum is a city destination in andhra pradesh known for exploration,local experience. It is ideal for explorers and tourists"
War Memorial,Lakshmipuram,south,adventure,adventure,low,summer,4.8,91.0,"War Memorial is a adventure destination in andhra pradesh known for trekking,rafting,paragliding. It is ideal for adventure lover"
Indira Gandhi Zoological Park,Patna,south,wildlife,wildlife,low,winter,4.6,86.0,"Indira Gandhi Zoological Park is a wildlife destination in andhra pradesh known for safari,photography,nature. It is ideal for history and cultural lover"
Matsyadarshini Aquarium,Lakshmipuram,south,city,exploration,low,all,4.5,75.0,"Matsyadarshini Aquarium is a city destination in andhra pradesh known for exploration,local experience. It is ideal for explorers and tourists"
Visakha Museum,Patna,south,city,heritage,low,all,4.7,95.0,"Visakha Museum is a city destination in andhra pradesh known for exploration,local experience. It is ideal for explorers and tourists"
Mallikarjuna Swamy Temple,Lakshmipuram,south,religious,religious,low,all,4.5,70.0,"Mallikarjuna Swamy Temple is a religious destination in andhra pradesh known for temple,spiritual,peace. It is ideal for spiritual seekers"
Srisailam Wildlife sanctuary,Srisailam,south,wildlife,wildlife,low,winter,4.4,98.0,"Srisailam Wildlife sanctuary is a wildlife destination in andhra pradesh known for safari,photography,nature. It is ideal for history and cultural lover"
Chenchu Lakshmi Tribal Museum,Srisailam,south,heritage,heritage,low,winter,4.7,89.0,"Chenchu Lakshmi Tribal Museum is a heritage destination in andhra pradesh known for culture,forts,shopping,history. It is ideal for history and culture lovers"
Mallela Theertham,Lakshmipuram,south,wildlife,wildlife,medium,winter,4.4,53.0,"Mallela Theertham is a wildlife destination in andhra pradesh known for safari,photography,nature. It is ideal for history and cultural lover"
Belum Caves,Kolimigundla,south,wildlife,wildlife,low,winter,4.6,98.0,"Belum Caves is a wildlife destination in andhra pradesh known for safari,photography,nature. It is ideal for history and cultural lover"
Rollapadu wildlife sanctuary,Rollapadu,south,wildlife,wildlife,low,winter,4.3,52.0,"Rollapadu wildlife sanctuary is a wildlife destination in andhra pradesh known for safari,photography,nature. It is ideal for history and cultural lover"
Oravakallu rock garden,Nannur,south,wildlife,wildlife,low,winter,4.2,58.0,"Oravakallu rock garden is a wildlife destination in andhra pradesh known for safari,photography,nature. It is ideal for history and cultural lover"
Mahanandi village,Mahanandi,south,city,exploration,low,all,4.6,76.0,"Mahanandi village is a city destination in andhra pradesh known for exploration,local experience. It is ideal for explorers and tourists"
Kurnool fort,Kurnool,south,heritage,heritage,low,winter,4.7,80.0,"Kurnool fort is a heritage destination in andhra pradesh known for culture,forts,shopping,history. It is ideal for history and culture lovers"
Ahobilam temple,Ahobilam,south,religious,religious,low,all,4.8,80.0,"Ahobilam temple is a religious destination in andhra pradesh known for temple,spiritual,peace. It is ideal for spiritual seekers"
Cable Ride at Gangtok,Gangtok,north-east,adventure,adventure,low,summer,4.0,79.0,"Cable Ride at Gangtok is a adventure destination in sikkim known for trekking,rafting,paragliding. It is ideal for adventure lover"
"Yak safari , Dzongri",Gyalshing,north-east,adventure,adventure,high,summer,4.0,80.0,"Yak safari , Dzongri is a adventure destination in sikkim known for trekking,rafting,paragliding. It is ideal for adventure lover"
Mountain biking treks,Namchi,north-east,adventure,trekking,luxury,summer,4.2,60.0,"Mountain biking treks is a adventure destination in sikkim known for trekking,rafting,paragliding. It is ideal for adventure lover"
River rafting,Namchi,north-east,adventure,adventure,luxury,summer,4.8,60.0,"River rafting is a adventure destination in sikkim known for trekking,rafting,paragliding. It is ideal for adventure lover"
Paragliding in Baliman Dara,Gangtok,north-east,adventure,adventure,luxury,summer,4.5,58.0,"Paragliding in Baliman Dara is a adventure destination in sikkim known for trekking,rafting,paragliding. It is ideal for adventure lover"
Explore M.G.Marg city centre,Gangtok,north-east,city,exploration,low,all,4.8,70.0,"Explore M.G.Marg city centre is a city destination in sikkim known for exploration,local experience. It is ideal for explorers and tourists"
Sunrise at Tashi view point,Gangtok,north-east,wildlife,wildlife,low,winter,4.4,88.0,"Sunrise at Tashi view point is a wildlife destination in sikkim known for safari,photography,nature. It is ideal for history and cultural lover"
Shopping at Lal Bazaar,Namchi,north-east,city,shopping,low,all,4.6,56.0,"Shopping at Lal Bazaar is a city destination in sikkim known for exploration,local experience. It is ideal for explorers and tourists"
Tsuk La Khang Monastery,Gangtok,north-east,religious,religious,low,all,4.7,99.0,"Tsuk La Khang Monastery is a religious destination in sikkim known for temple,spiritual,peace. It is ideal for spiritual seekers"
Hanuman Tok,Gangtok,north-east,religious,religious,low,all,4.3,97.0,"Hanuman Tok is a religious destination in sikkim known for temple,spiritual,peace. It is ideal for spiritual seekers"
Seven Sisters waterfall,Mangan,north-east,wildlife,wildlife,low,winter,4.4,56.0,"Seven Sisters waterfall is a wildlife destination in sikkim known for safari,photography,nature. It is ideal for history and cultural lover"
Rumtek monastery,Gangtok,north-east,religious,religious,low,all,4.2,74.0,"Rumtek monastery is a religious destination in sikkim known for temple,spiritual,peace. It is ideal for spiritual seekers"
Tsongmo lake ,Changgu,north-east,wildlife,wildlife,low,winter,4.2,69.0,"Tsongmo lake  is a wildlife destination in sikkim known for safari,photography,nature. It is ideal for history and cultural lover"
Shingba Rhododendron sanctuary,Mangan,north-east,wildlife,wildlife,low,winter,3.8,68.0,"Shingba Rhododendron sanctuary is a wildlife destination in sikkim known for safari,photography,nature. It is ideal for history and cultural lover"
Skiing by Mt Katao,Katao,north-east,adventure,adventure,luxury,summer,4.0,79.0,"Skiing by Mt Katao is a adventure destination in sikkim known for trekking,rafting,paragliding. It is ideal for adventure lover"
Banjkhari falls,Gangtok,north-east,wildlife,wildlife,low,winter,4.0,85.0,"Banjkhari falls is a wildlife destination in sikkim known for safari,photography,nature. It is ideal for history and cultural lover"
Himalayan Zoological park,Gangtok,north-east,wildlife,wildlife,medium,winter,4.0,95.0,"Himalayan Zoological park is a wildlife destination in sikkim known for safari,photography,nature. It is ideal for history and cultural lover"
Pemayangtse Monastery,Pelling,north-east,heritage,heritage,low,winter,4.8,86.0,"Pemayangtse Monastery is a heritage destination in sikkim known for culture,forts,shopping,history. It is ideal for history and culture lovers"
Kanchenjunga waterfalls and national park,Gyalshing,north-east,wildlife,wildlife,low,winter,4.8,54.0,"Kanchenjunga waterfalls and national park is a wildlife destination in sikkim known for safari,photography,nature. It is ideal for history and cultural lover"
Rinchenpong bazaar,Rinchingpong,north-east,city,shopping,low,all,4.3,51.0,"Rinchenpong bazaar is a city destination in sikkim known for exploration,local experience. It is ideal for explorers and tourists"
Rural Artisan Marketing Centre,Pelling,north-east,city,shopping,low,all,4.3,77.0,"Rural Artisan Marketing Centre is a city destination in sikkim known for exploration,local experience. It is ideal for explorers and tourists"
Singshore suspension bridge,Gyalshing,north-east,adventure,adventure,low,summer,4.7,98.0,"Singshore suspension bridge is a adventure destination in sikkim known for trekking,rafting,paragliding. It is ideal for adventure lover"
Pelling Skywalk,Gyalshing,north-east,adventure,adventure,low,summer,4.4,90.0,"Pelling Skywalk is a adventure destination in sikkim known for trekking,rafting,paragliding. It is ideal for adventure lover"
Kalimpong,Kalimpong,north-east,city,exploration,low,all,4.5,67.0,"Kalimpong is a city destination in sikkim known for exploration,local experience. It is ideal for explorers and tourists"
Char Dham,Namchi,north-east,religious,religious,low,all,4.8,84.0,"Char Dham is a religious destination in sikkim known for temple,spiritual,peace. It is ideal for spiritual seekers"
Doling Gompa ,Namchi,north-east,religious,religious,low,all,4.5,84.0,"Doling Gompa  is a religious destination in sikkim known for temple,spiritual,peace. It is ideal for spiritual seekers"
Ngadak monastery,Namchi,north-east,religious,religious,low,all,4.7,53.0,"Ngadak monastery is a religious destination in sikkim known for temple,spiritual,peace. It is ideal for spiritual seekers"
Maenam Wildlife sanctuary,Ravangla,north-east,wildlife,wildlife,high,winter,4.7,95.0,"Maenam Wildlife sanctuary is a wildlife destination in sikkim known for safari,photography,nature. It is ideal for history and cultural lover"
Samdruptse Hill,Namchi,north-east,religious,religious,low,all,3.9,85.0,"Samdruptse Hill is a religious destination in sikkim known for temple,spiritual,peace. It is ideal for spiritual seekers"
Buddha Park,Ravangla,north-east,city,wildlife,low,all,3.8,58.0,"Buddha Park is a city destination in sikkim known for exploration,local experience. It is ideal for explorers and tourists"
Ralang monastery,Ravangla,north-east,religious,religious,low,all,3.7,97.0,"Ralang monastery is a religious destination in sikkim known for temple,spiritual,peace. It is ideal for spiritual seekers"
Kheunpheling Carpet centre,Namchi,north-east,city,shopping,luxury,all,4.3,62.0,"Kheunpheling Carpet centre is a city destination in sikkim known for exploration,local experience. It is ideal for explorers and tourists"
Rayong sunrise point,Namchi,north-east,city,exploration,low,all,4.1,73.0,"Rayong sunrise point is a city destination in sikkim known for exploration,local experience. It is ideal for explorers and tourists"
Borong Hot springs,Namchi,north-east,wildlife,wildlife,low,winter,4.0,54.0,"Borong Hot springs is a wildlife destination in sikkim known for safari,photography,nature. It is ideal for history and cultural lover"
Temi tea garden,Tarku,north-east,city,exploration,medium,all,4.0,60.0,"Temi tea garden is a city destination in sikkim known for exploration,local experience. It is ideal for explorers and tourists"
Maenam hill,Namchi,north-east,wildlife,wildlife,low,winter,4.0,71.0,"Maenam hill is a wildlife destination in sikkim known for safari,photography,nature. It is ideal for history and cultural lover"
Kamakhya Temple,Maligaon,north-east,religious,religious,low,all,4.9,98.0,"Kamakhya Temple is a religious destination in assam known for temple,spiritual,peace. It is ideal for spiritual seekers"
Kalakshetra theatre and artifact museum,Hojai,north-east,city,heritage,medium,all,4.8,77.0,"Kalakshetra theatre and artifact museum is a city destination in assam known for exploration,local experience. It is ideal for explorers and tourists"
Assam state museum,Guwahati,north-east,heritage,heritage,low,winter,4.7,60.0,"Assam state museum is a heritage destination in assam known for culture,forts,shopping,history. It is ideal for history and culture lovers"
Guwahati planetarium,Guwahati,north-east,city,exploration,medium,all,4.8,89.0,"Guwahati planetarium is a city destination in assam known for exploration,local experience. It is ideal for explorers and tourists"
Sunset cruise by river Brahmaputra,Hojai,north-east,city,exploration,low,all,3.8,80.0,"Sunset cruise by river Brahmaputra is a city destination in assam known for exploration,local experience. It is ideal for explorers and tourists"
Pobitora wildlife sanctuary,Sildubi,north-east,wildlife,wildlife,low,winter,4.0,61.0,"Pobitora wildlife sanctuary is a wildlife destination in assam known for safari,photography,nature. It is ideal for history and cultural lover"
Bird watching by Deepor Beel lake,Kamrup Metropolitan,north-east,wildlife,wildlife,low,winter,4.0,87.0,"Bird watching by Deepor Beel lake is a wildlife destination in assam known for safari,photography,nature. It is ideal for history and cultural lover"
Assam State Zoo,Dispur,north-east,wildlife,wildlife,low,winter,4.0,63.0,"Assam State Zoo is a wildlife destination in assam known for safari,photography,nature. It is ideal for history and cultural lover"
Kamakhya Temple,Maligaon,north-east,religious,religious,low,all,4.7,70.0,"Kamakhya Temple is a religious destination in assam known for temple,spiritual,peace. It is ideal for spiritual seekers"
Fancy Bazaar,Guwahati,north-east,city,shopping,low,all,4.7,74.0,"Fancy Bazaar is a city destination in assam known for exploration,local experience. It is ideal for explorers and tourists"
Manas National Park,Baksa,north-east,wildlife,wildlife,low,winter,4.2,86.0,"Manas National Park is a wildlife destination in assam known for safari,photography,nature. It is ideal for history and cultural lover"
Umananda Island,Guwahati,north-east,wildlife,wildlife,low,winter,4.5,66.0,"Umananda Island is a wildlife destination in assam known for safari,photography,nature. It is ideal for history and cultural lover"
Majuli river island,Garamur,north-east,wildlife,wildlife,low,winter,4.6,89.0,"Majuli river island is a wildlife destination in assam known for safari,photography,nature. It is ideal for history and cultural lover"
Orchid national park,Hojai,north-east,wildlife,wildlife,low,winter,4.7,77.0,"Orchid national park is a wildlife destination in assam known for safari,photography,nature. It is ideal for history and cultural lover"
Kaziranga National Park,Golaghat,north-east,wildlife,wildlife,luxury,winter,4.3,79.0,"Kaziranga National Park is a wildlife destination in assam known for safari,photography,nature. It is ideal for history and cultural lover"
Jaswant Garh war memorial,Kamba,north-east,heritage,heritage,low,winter,3.8,71.0,"Jaswant Garh war memorial is a heritage destination in arunachal pradesh known for culture,forts,shopping,history. It is ideal for history and culture lovers"
Madhuri lake,Kamba,north-east,wildlife,wildlife,low,winter,4.3,85.0,"Madhuri lake is a wildlife destination in arunachal pradesh known for safari,photography,nature. It is ideal for history and cultural lover"
Shonga Tser Lake,Kamba,north-east,wildlife,wildlife,low,winter,4.5,71.0,"Shonga Tser Lake is a wildlife destination in arunachal pradesh known for safari,photography,nature. It is ideal for history and cultural lover"
Nuranang waterfalls,Kamba,north-east,wildlife,wildlife,low,winter,4.8,93.0,"Nuranang waterfalls is a wildlife destination in arunachal pradesh known for safari,photography,nature. It is ideal for history and cultural lover"
Tibetan Settlement market,Kamba,north-east,heritage,heritage,low,winter,4.0,76.0,"Tibetan Settlement market is a heritage destination in arunachal pradesh known for culture,forts,shopping,history. It is ideal for history and culture lovers"
Sela pass,Kamba,north-east,adventure,adventure,low,summer,4.0,81.0,"Sela pass is a adventure destination in arunachal pradesh known for trekking,rafting,paragliding. It is ideal for adventure lover"
Gorichen Peak hike,Kamba,north-east,adventure,trekking,low,summer,3.9,71.0,"Gorichen Peak hike is a adventure destination in arunachal pradesh known for trekking,rafting,paragliding. It is ideal for adventure lover"
Taktsang Gompa monastery,Kamba,north-east,religious,religious,low,all,3.8,58.0,"Taktsang Gompa monastery is a religious destination in arunachal pradesh known for temple,spiritual,peace. It is ideal for spiritual seekers"
Tawang Monastery,Tawang,north-east,heritage,religious,low,winter,4.54,79.0,"Tawang Monastery is a heritage destination in arunachal pradesh known for culture,forts,shopping,history. It is ideal for history and culture lovers"
Raima valley ,Amarpur Urban,north-east,wildlife,wildlife,low,winter,4.9,87.0,"Raima valley  is a wildlife destination in tripura known for safari,photography,nature. It is ideal for history and cultural lover"
Buddha temple,Amarpur Urban,north-east,religious,religious,low,all,4.8,79.0,"Buddha temple is a religious destination in tripura known for temple,spiritual,peace. It is ideal for spiritual seekers"
Neermahal,Melaghar,north-east,heritage,heritage,low,winter,3.8,64.0,"Neermahal is a heritage destination in tripura known for culture,forts,shopping,history. It is ideal for history and culture lovers"
Gondacherra wildlife sanctuary,Amarpur Urban,north-east,wildlife,wildlife,luxury,winter,4.9,78.0,"Gondacherra wildlife sanctuary is a wildlife destination in tripura known for safari,photography,nature. It is ideal for history and cultural lover"
Ummaneshwar temple,Agartala,north-east,religious,religious,low,all,4.7,55.0,"Ummaneshwar temple is a religious destination in tripura known for temple,spiritual,peace. It is ideal for spiritual seekers"
Chittagong hills,Amarpur Urban,north-east,wildlife,wildlife,low,winter,4.3,91.0,"Chittagong hills is a wildlife destination in tripura known for safari,photography,nature. It is ideal for history and cultural lover"
Sepahijala wildlife sanctuary,Bishramganj,north-east,wildlife,wildlife,high,winter,4.9,51.0,"Sepahijala wildlife sanctuary is a wildlife destination in tripura known for safari,photography,nature. It is ideal for history and cultural lover"
Ujjayanta Palace,Agartala,north-east,heritage,heritage,low,winter,4.7,92.0,"Ujjayanta Palace is a heritage destination in tripura known for culture,forts,shopping,history. It is ideal for history and culture lovers"
Mt Japfu,Kohima,north-east,wildlife,wildlife,low,winter,4.9,96.0,"Mt Japfu is a wildlife destination in nagaland known for safari,photography,nature. It is ideal for history and cultural lover"
Naga keeda bazaar,Suruhuto,north-east,city,shopping,low,all,3.9,69.0,"Naga keeda bazaar is a city destination in nagaland known for exploration,local experience. It is ideal for explorers and tourists"
Touphema village ,Botsa,north-east,heritage,heritage,low,winter,4.0,61.0,"Touphema village  is a heritage destination in nagaland known for culture,forts,shopping,history. It is ideal for history and culture lovers"
Ntangki national park,Unknown,north-east,wildlife,wildlife,low,winter,4.8,58.0,"Ntangki national park is a wildlife destination in nagaland known for safari,photography,nature. It is ideal for history and cultural lover"
Dawki lake,Dawki,north-east,city,photography,luxury,all,4.6,94.0,"Dawki lake is a city destination in meghalaya known for exploration,local experience. It is ideal for explorers and tourists"
Thangkharang park,Lad Ryngud,north-east,city,wildlife,low,all,4.9,93.0,"Thangkharang park is a city destination in meghalaya known for exploration,local experience. It is ideal for explorers and tourists"
Mawkdok Dympep valley,Laitkroh,north-east,city,photography,low,all,4.7,67.0,"Mawkdok Dympep valley is a city destination in meghalaya known for exploration,local experience. It is ideal for explorers and tourists"
Mawsmai cave-Longest cave systems in India,Nongthymmai,north-east,city,exploration,low,all,4.0,61.0,"Mawsmai cave-Longest cave systems in India is a city destination in meghalaya known for exploration,local experience. It is ideal for explorers and tourists"
Mawlynnong village,East Khasi Hills,north-east,heritage,heritage,low,winter,4.8,53.0,"Mawlynnong village is a heritage destination in meghalaya known for culture,forts,shopping,history. It is ideal for history and culture lovers"
Mawsmai Eco park and falls,Nongthymmai,north-east,wildlife,wildlife,low,winter,4.3,92.0,"Mawsmai Eco park and falls is a wildlife destination in meghalaya known for safari,photography,nature. It is ideal for history and cultural lover"
Mawmluh caves,Mawmluh,north-east,city,exploration,low,all,4.0,79.0,"Mawmluh caves is a city destination in meghalaya known for exploration,local experience. It is ideal for explorers and tourists"
Nohkalikai watterfalls,East Khasi Hills,north-east,city,photography,low,all,4.6,94.0,"Nohkalikai watterfalls is a city destination in meghalaya known for exploration,local experience. It is ideal for explorers and tourists"
Living Root Bridge,East Khasi Hills,north-east,wildlife,wildlife,low,winter,4.9,98.0,"Living Root Bridge is a wildlife destination in meghalaya known for safari,photography,nature. It is ideal for history and cultural lover"
Baba Baidyanath Temple,Deoghar,east,religious,religious,low,all,4.4,65.0,"Baba Baidyanath Temple is a religious destination in jharkhand known for temple,spiritual,peace. It is ideal for spiritual seekers"
Naulakha temple,Deoghar,east,religious,religious,low,all,4.8,75.0,"Naulakha temple is a religious destination in jharkhand known for temple,spiritual,peace. It is ideal for spiritual seekers"
Trikut hill,Mohanpur,east,religious,religious,low,all,4.6,95.0,"Trikut hill is a religious destination in jharkhand known for temple,spiritual,peace. It is ideal for spiritual seekers"
Pahari Mandir,Ranchi,east,religious,religious,low,all,4.5,78.0,"Pahari Mandir is a religious destination in jharkhand known for temple,spiritual,peace. It is ideal for spiritual seekers"
Biodiversity park,Ranchi,east,wildlife,wildlife,medium,winter,4.9,94.0,"Biodiversity park is a wildlife destination in jharkhand known for safari,photography,nature. It is ideal for history and cultural lover"
Rock garden,Ranchi,east,wildlife,wildlife,medium,winter,4.8,67.0,"Rock garden is a wildlife destination in jharkhand known for safari,photography,nature. It is ideal for history and cultural lover"
Patratu valley,Ranchi,east,wildlife,wildlife,low,winter,4.4,66.0,"Patratu valley is a wildlife destination in jharkhand known for safari,photography,nature. It is ideal for history and cultural lover"
State museum Hotwar,Ranchi,east,heritage,heritage,low,winter,4.9,72.0,"State museum Hotwar is a heritage destination in jharkhand known for culture,forts,shopping,history. It is ideal for history and culture lovers"
Dassam falls ,Khunti,east,wildlife,wildlife,low,winter,4.9,68.0,"Dassam falls  is a wildlife destination in jharkhand known for safari,photography,nature. It is ideal for history and cultural lover"
Jonha falls,Ranchi,east,wildlife,wildlife,low,winter,4.8,94.0,"Jonha falls is a wildlife destination in jharkhand known for safari,photography,nature. It is ideal for history and cultural lover"
Ranchi science centre,Ranchi,east,city,exploration,medium,all,3.9,73.0,"Ranchi science centre is a city destination in jharkhand known for exploration,local experience. It is ideal for explorers and tourists"
Mahabodhi Temple,Bodhgaya,east,religious,religious,low,all,3.9,90.0,"Mahabodhi Temple is a religious destination in bihar known for temple,spiritual,peace. It is ideal for spiritual seekers"
Thai monastery,Vaishali,east,religious,religious,low,all,3.9,79.0,"Thai monastery is a religious destination in bihar known for temple,spiritual,peace. It is ideal for spiritual seekers"
Great Buddha statue,Bodhgaya,east,city,exploration,low,all,3.9,94.0,"Great Buddha statue is a city destination in bihar known for exploration,local experience. It is ideal for explorers and tourists"
Bodhi tree,Vaishali,east,religious,religious,low,all,4.0,57.0,"Bodhi tree is a religious destination in bihar known for temple,spiritual,peace. It is ideal for spiritual seekers"
Indosan Nippon Japanese temple,Vaishali,east,religious,religious,low,all,4.0,93.0,"Indosan Nippon Japanese temple is a religious destination in bihar known for temple,spiritual,peace. It is ideal for spiritual seekers"
Dungeshwari cave temple,Mohanpur,east,religious,religious,low,all,4.8,67.0,"Dungeshwari cave temple is a religious destination in bihar known for temple,spiritual,peace. It is ideal for spiritual seekers"
Bodh gaya archaelogical museum,Bodhgaya,east,heritage,heritage,low,winter,4.5,97.0,"Bodh gaya archaelogical museum is a heritage destination in bihar known for culture,forts,shopping,history. It is ideal for history and culture lovers"
Muchalinda lake,Bodhgaya,east,wildlife,wildlife,low,winter,4.7,98.0,"Muchalinda lake is a wildlife destination in bihar known for safari,photography,nature. It is ideal for history and cultural lover"
Patna museum,Patna,east,heritage,heritage,low,winter,4.5,91.0,"Patna museum is a heritage destination in bihar known for culture,forts,shopping,history. It is ideal for history and culture lovers"
Buddha memorial park,Vaishali,east,religious,religious,low,all,4.9,55.0,"Buddha memorial park is a religious destination in bihar known for temple,spiritual,peace. It is ideal for spiritual seekers"
Srikrishna science centre,Patna,east,city,exploration,low,all,4.8,86.0,"Srikrishna science centre is a city destination in bihar known for exploration,local experience. It is ideal for explorers and tourists"
Sanjay Gandhi Biological Park,Patna,east,wildlife,wildlife,low,winter,3.94,72.0,"Sanjay Gandhi Biological Park is a wildlife destination in bihar known for safari,photography,nature. It is ideal for history and cultural lover"
Takhat Shri Harimandir Ji Patna Sahib,Patna,east,religious,religious,low,all,4.0,87.0,"Takhat Shri Harimandir Ji Patna Sahib is a religious destination in bihar known for temple,spiritual,peace. It is ideal for spiritual seekers"
Budhha Smriti Park,Patna,east,city,wildlife,low,all,4.0,57.0,"Budhha Smriti Park is a city destination in bihar known for exploration,local experience. It is ideal for explorers and tourists"
Kingdom of Dreams,Gurgaon,north,adventure,adventure,luxury,summer,3.8,98.0,"Kingdom of Dreams is a adventure destination in haryana known for trekking,rafting,paragliding. It is ideal for adventure lover"
Ambience Mall,Gurgaon,north,city,shopping,low,all,3.9,95.0,"Ambience Mall is a city destination in haryana known for exploration,local experience. It is ideal for explorers and tourists"
Shopping at HUDA marjet Sector 14,Gurgaon,north,city,shopping,low,all,4.2,65.0,"Shopping at HUDA marjet Sector 14 is a city destination in haryana known for exploration,local experience. It is ideal for explorers and tourists"
Shopping at Sadar bazaar Sector 12A,Gurgaon,north,city,shopping,low,all,4.6,68.0,"Shopping at Sadar bazaar Sector 12A is a city destination in haryana known for exploration,local experience. It is ideal for explorers and tourists"
Wet N Wild water park,Hisar,north,adventure,wildlife,luxury,summer,4.2,96.0,"Wet N Wild water park is a adventure destination in haryana known for trekking,rafting,paragliding. It is ideal for adventure lover"
Go-karting at Link road,Hisar,north,adventure,adventure,low,summer,4.9,94.0,"Go-karting at Link road is a adventure destination in haryana known for trekking,rafting,paragliding. It is ideal for adventure lover"
Ice skating at Ambience mall,Gurgaon,north,adventure,adventure,luxury,summer,4.4,92.0,"Ice skating at Ambience mall is a adventure destination in haryana known for trekking,rafting,paragliding. It is ideal for adventure lover"
Camp tikkling,Hisar,north,adventure,adventure,luxury,summer,4.8,61.0,"Camp tikkling is a adventure destination in haryana known for trekking,rafting,paragliding. It is ideal for adventure lover"
Aravalli biodiversity park,Hisar,north,wildlife,wildlife,low,winter,4.7,87.0,"Aravalli biodiversity park is a wildlife destination in haryana known for safari,photography,nature. It is ideal for history and cultural lover"
Sultanpur Bird sanctuary,Gurgaon,north,wildlife,wildlife,high,winter,4.7,58.0,"Sultanpur Bird sanctuary is a wildlife destination in haryana known for safari,photography,nature. It is ideal for history and cultural lover"
Museum of folk and tribal art,Gurgaon,north,city,heritage,low,all,4.7,79.0,"Museum of folk and tribal art is a city destination in haryana known for exploration,local experience. It is ideal for explorers and tourists"
Indian Transport history,Hisar,north,city,heritage,medium,all,4.0,58.0,"Indian Transport history is a city destination in haryana known for exploration,local experience. It is ideal for explorers and tourists"
Vintage camera museum,Hisar,north,city,heritage,low,all,4.0,53.0,"Vintage camera museum is a city destination in haryana known for exploration,local experience. It is ideal for explorers and tourists"
DLF CyberHub for shopping,Gurgaon,north,city,shopping,low,all,4.0,87.0,"DLF CyberHub for shopping is a city destination in haryana known for exploration,local experience. It is ideal for explorers and tourists"
Kedarnath,Kedarnath,north,religious,religious,low,all,4.5,59.0,"Kedarnath is a religious destination in uttarakhand known for temple,spiritual,peace. It is ideal for spiritual seekers"
Adi Shankaracharya Samadhi,Kedarnath,north,religious,religious,low,all,4.8,76.0,"Adi Shankaracharya Samadhi is a religious destination in uttarakhand known for temple,spiritual,peace. It is ideal for spiritual seekers"
Bhairavnath temple,Dhulet,north,religious,religious,low,all,4.6,90.0,"Bhairavnath temple is a religious destination in uttarakhand known for temple,spiritual,peace. It is ideal for spiritual seekers"
Trekking to Vasuki Tal,Uttarkashi,north,adventure,trekking,low,summer,4.7,91.0,"Trekking to Vasuki Tal is a adventure destination in uttarakhand known for trekking,rafting,paragliding. It is ideal for adventure lover"
Sonprayag,Rudraprayag,north,adventure,adventure,low,summer,4.8,75.0,"Sonprayag is a adventure destination in uttarakhand known for trekking,rafting,paragliding. It is ideal for adventure lover"
Chorabari lake,Dhulet,north,wildlife,wildlife,low,winter,4.9,94.0,"Chorabari lake is a wildlife destination in uttarakhand known for safari,photography,nature. It is ideal for history and cultural lover"
